
Running on PHP 8.5.4, Psalm 6.18.0@536dd6236b39a5115385b0307b42d6d1ad431a02.

JIT acceleration: OFF
You can enable JIT acceleration (experimental) with --force-jit.

Process plugin adjustments...
Target PHP version: 7.4 (set by config file).


Scanning files...

Registering autoloaded files
   /home/reza/woocommerce/plugins/woocommerce/vendor/autoload.php
   /home/reza/woocommerce/plugins/woocommerce/vendor/composer/autoload_real.php
   /home/reza/woocommerce/plugins/woocommerce/vendor/composer/platform_check.php
   /home/reza/woocommerce/plugins/woocommerce/vendor/composer/ClassLoader.php
   /home/reza/woocommerce/plugins/woocommerce/vendor/composer/autoload_static.php
   /home/reza/woocommerce/plugins/woocommerce/vendor/symfony/polyfill-php80/bootstrap.php
   /home/reza/woocommerce/plugins/woocommerce/vendor/symfony/deprecation-contracts/function.php
   /home/reza/woocommerce/plugins/woocommerce/vendor/symfony/polyfill-mbstring/bootstrap.php
   /home/reza/woocommerce/plugins/woocommerce/vendor/symfony/polyfill-mbstring/bootstrap80.php
   /home/reza/woocommerce/plugins/woocommerce/vendor/symfony/polyfill-ctype/bootstrap.php
   /home/reza/woocommerce/plugins/woocommerce/vendor/symfony/polyfill-ctype/bootstrap80.php
   /home/reza/woocommerce/plugins/woocommerce/vendor/myclabs/deep-copy/src/DeepCopy/deep_copy.php
   /home/reza/woocommerce/plugins/woocommerce/vendor/symfony/polyfill-intl-grapheme/bootstrap.php
   /home/reza/woocommerce/plugins/woocommerce/vendor/symfony/polyfill-intl-grapheme/bootstrap80.php
   /home/reza/woocommerce/plugins/woocommerce/vendor/symfony/polyfill-intl-normalizer/bootstrap.php
   /home/reza/woocommerce/plugins/woocommerce/vendor/symfony/polyfill-intl-normalizer/bootstrap80.php
   /home/reza/woocommerce/plugins/woocommerce/vendor/phpunit/phpunit/src/Framework/Assert/Functions.php
   /home/reza/woocommerce/plugins/woocommerce/vendor/symfony/polyfill-php73/bootstrap.php
   /home/reza/woocommerce/plugins/woocommerce/vendor/symfony/string/Resources/functions.php
   /home/reza/woocommerce/plugins/woocommerce/vendor/automattic/jetpack-assets/actions.php
   /home/reza/woocommerce/plugins/woocommerce/vendor/phpstan/phpstan/bootstrap.php
   /home/reza/woocommerce/plugins/woocommerce/vendor/wikimedia/at-ease/src/Wikimedia/Functions.php
   /home/reza/woocommerce/plugins/woocommerce/vendor/automattic/jetpack-connection/actions.php
   /home/reza/woocommerce/plugins/woocommerce/vendor/dms/phpunit-arraysubset-asserts/assertarraysubset-autoload.php
   /home/reza/woocommerce/plugins/woocommerce/vendor/mockery/mockery/library/helpers.php
   /home/reza/woocommerce/plugins/woocommerce/vendor/mockery/mockery/library/Mockery.php
   /home/reza/woocommerce/plugins/woocommerce/vendor/wordpress/abilities-api/includes/bootstrap.php
   /home/reza/woocommerce/plugins/woocommerce/vendor/yoast/phpunit-polyfills/phpunitpolyfills-autoload.php
   /home/reza/woocommerce/plugins/woocommerce/src/StoreApi/deprecated.php
   /home/reza/woocommerce/plugins/woocommerce/src/StoreApi/Exceptions/RouteException.php
   /home/reza/woocommerce/plugins/woocommerce/src/StoreApi/Schemas/ExtendSchema.php
   /home/reza/woocommerce/plugins/woocommerce/src/StoreApi/SchemaController.php
   /home/reza/woocommerce/plugins/woocommerce/src/StoreApi/RoutesController.php
   /home/reza/woocommerce/plugins/woocommerce/src/StoreApi/Formatters.php
   /home/reza/woocommerce/plugins/woocommerce/src/StoreApi/Payments/PaymentResult.php
   /home/reza/woocommerce/plugins/woocommerce/src/StoreApi/Payments/PaymentContext.php
   /home/reza/woocommerce/plugins/woocommerce/src/StoreApi/Schemas/V1/AbstractAddressSchema.php
   /home/reza/woocommerce/plugins/woocommerce/src/StoreApi/Schemas/V1/AbstractSchema.php
   /home/reza/woocommerce/plugins/woocommerce/src/StoreApi/Schemas/V1/BillingAddressSchema.php
   /home/reza/woocommerce/plugins/woocommerce/src/StoreApi/Schemas/V1/CartCouponSchema.php
   /home/reza/woocommerce/plugins/woocommerce/src/StoreApi/Schemas/V1/CartExtensionsSchema.php
   /home/reza/woocommerce/plugins/woocommerce/src/StoreApi/Schemas/V1/CartFeeSchema.php
   /home/reza/woocommerce/plugins/woocommerce/src/StoreApi/Schemas/V1/CartItemSchema.php
   /home/reza/woocommerce/plugins/woocommerce/src/StoreApi/Schemas/V1/ItemSchema.php
   /home/reza/woocommerce/plugins/woocommerce/src/StoreApi/Schemas/V1/ProductSchema.php
   /home/reza/woocommerce/plugins/woocommerce/src/StoreApi/Utilities/ProductItemTrait.php
   /home/reza/woocommerce/plugins/woocommerce/src/StoreApi/Schemas/V1/CartSchema.php
   /home/reza/woocommerce/plugins/woocommerce/src/StoreApi/Schemas/V1/CartShippingRateSchema.php
   /home/reza/woocommerce/plugins/woocommerce/src/StoreApi/Schemas/V1/CheckoutSchema.php
   /home/reza/woocommerce/plugins/woocommerce/src/StoreApi/Schemas/V1/ErrorSchema.php
   /home/reza/woocommerce/plugins/woocommerce/src/StoreApi/Schemas/V1/ImageAttachmentSchema.php
   /home/reza/woocommerce/plugins/woocommerce/src/StoreApi/Schemas/V1/OrderCouponSchema.php
   /home/reza/woocommerce/plugins/woocommerce/src/StoreApi/Schemas/V1/ProductAttributeSchema.php
   /home/reza/woocommerce/plugins/woocommerce/src/StoreApi/Schemas/V1/ProductCategorySchema.php
   /home/reza/woocommerce/plugins/woocommerce/src/StoreApi/Schemas/V1/TermSchema.php
   /home/reza/woocommerce/plugins/woocommerce/src/StoreApi/Schemas/V1/ProductCollectionDataSchema.php
   /home/reza/woocommerce/plugins/woocommerce/src/StoreApi/Schemas/V1/ProductReviewSchema.php
   /home/reza/woocommerce/plugins/woocommerce/src/StoreApi/Schemas/V1/ShippingAddressSchema.php
   /home/reza/woocommerce/plugins/woocommerce/src/StoreApi/Routes/V1/AbstractCartRoute.php
   /home/reza/woocommerce/plugins/woocommerce/src/StoreApi/Routes/V1/AbstractRoute.php
   /home/reza/woocommerce/plugins/woocommerce/src/StoreApi/Routes/RouteInterface.php
   /home/reza/woocommerce/plugins/woocommerce/src/StoreApi/Utilities/DraftOrderTrait.php
   /home/reza/woocommerce/plugins/woocommerce/src/StoreApi/Routes/V1/AbstractTermsRoute.php
   /home/reza/woocommerce/plugins/woocommerce/src/StoreApi/Routes/V1/Batch.php
   /home/reza/woocommerce/plugins/woocommerce/src/StoreApi/Routes/V1/Cart.php
   /home/reza/woocommerce/plugins/woocommerce/src/StoreApi/Routes/V1/CartAddItem.php
   /home/reza/woocommerce/plugins/woocommerce/src/StoreApi/Routes/V1/CartApplyCoupon.php
   /home/reza/woocommerce/plugins/woocommerce/src/StoreApi/Routes/V1/CartCoupons.php
   /home/reza/woocommerce/plugins/woocommerce/src/StoreApi/Routes/V1/CartCouponsByCode.php
   /home/reza/woocommerce/plugins/woocommerce/src/StoreApi/Routes/V1/CartExtensions.php
   /home/reza/woocommerce/plugins/woocommerce/src/StoreApi/Routes/V1/CartItems.php
   /home/reza/woocommerce/plugins/woocommerce/src/StoreApi/Routes/V1/CartItemsByKey.php
   /home/reza/woocommerce/plugins/woocommerce/src/StoreApi/Routes/V1/CartRemoveCoupon.php
   /home/reza/woocommerce/plugins/woocommerce/src/StoreApi/Routes/V1/CartRemoveItem.php
   /home/reza/woocommerce/plugins/woocommerce/src/StoreApi/Routes/V1/CartSelectShippingRate.php
   /home/reza/woocommerce/plugins/woocommerce/src/StoreApi/Routes/V1/CartUpdateCustomer.php
   /home/reza/woocommerce/plugins/woocommerce/src/StoreApi/Routes/V1/CartUpdateItem.php
   /home/reza/woocommerce/plugins/woocommerce/src/StoreApi/Routes/V1/Checkout.php
   /home/reza/woocommerce/plugins/woocommerce/src/StoreApi/Utilities/CheckoutTrait.php
   /home/reza/woocommerce/plugins/woocommerce/src/StoreApi/Routes/V1/ProductAttributes.php
   /home/reza/woocommerce/plugins/woocommerce/src/StoreApi/Routes/V1/ProductAttributesById.php
   /home/reza/woocommerce/plugins/woocommerce/src/StoreApi/Routes/V1/ProductAttributeTerms.php
   /home/reza/woocommerce/plugins/woocommerce/src/StoreApi/Routes/V1/ProductCategories.php
   /home/reza/woocommerce/plugins/woocommerce/src/StoreApi/Routes/V1/ProductCategoriesById.php
   /home/reza/woocommerce/plugins/woocommerce/src/StoreApi/Routes/V1/ProductCollectionData.php
   /home/reza/woocommerce/plugins/woocommerce/src/StoreApi/Routes/V1/ProductReviews.php
   /home/reza/woocommerce/plugins/woocommerce/src/StoreApi/Routes/V1/Products.php
   /home/reza/woocommerce/plugins/woocommerce/src/StoreApi/Utilities/ProductLinksTrait.php
   /home/reza/woocommerce/plugins/woocommerce/src/StoreApi/Routes/V1/ProductsById.php
   /home/reza/woocommerce/plugins/woocommerce/src/StoreApi/Routes/V1/ProductTags.php
   /home/reza/woocommerce/plugins/woocommerce/src/StoreApi/functions.php
   /home/reza/woocommerce/plugins/woocommerce/src/Blocks/Domain/Services/functions.php
   /home/reza/woocommerce/plugins/woocommerce/src/Deprecated.php
   /home/reza/woocommerce/plugins/woocommerce/src/Admin/Features/Navigation/RemovedDeprecated.php
   /home/reza/woocommerce/plugins/woocommerce/vendor/woocommerce/monorepo-plugin/autoload-dev.php
   /home/reza/woocommerce/plugins/woocommerce/bin/composer/psalm/vendor/autoload.php
   /home/reza/woocommerce/plugins/woocommerce/bin/composer/psalm/vendor/composer/autoload_real.php
   /home/reza/woocommerce/plugins/woocommerce/bin/composer/psalm/vendor/composer/autoload_static.php
   /home/reza/woocommerce/plugins/woocommerce/bin/composer/psalm/vendor/amphp/amp/src/functions.php
   /home/reza/woocommerce/plugins/woocommerce/bin/composer/psalm/vendor/amphp/amp/src/Future/functions.php
   /home/reza/woocommerce/plugins/woocommerce/bin/composer/psalm/vendor/amphp/amp/src/Internal/functions.php
   /home/reza/woocommerce/plugins/woocommerce/bin/composer/psalm/vendor/amphp/serialization/src/functions.php
   /home/reza/woocommerce/plugins/woocommerce/bin/composer/psalm/vendor/amphp/sync/src/functions.php
   /home/reza/woocommerce/plugins/woocommerce/bin/composer/psalm/vendor/amphp/byte-stream/src/functions.php
   /home/reza/woocommerce/plugins/woocommerce/bin/composer/psalm/vendor/amphp/byte-stream/src/Internal/functions.php
   /home/reza/woocommerce/plugins/woocommerce/bin/composer/psalm/vendor/amphp/process/src/functions.php
   /home/reza/woocommerce/plugins/woocommerce/bin/composer/psalm/vendor/daverandom/libdns/src/functions.php
   /home/reza/woocommerce/plugins/woocommerce/bin/composer/psalm/vendor/amphp/dns/src/functions.php
   /home/reza/woocommerce/plugins/woocommerce/bin/composer/psalm/vendor/amphp/socket/src/functions.php
   /home/reza/woocommerce/plugins/woocommerce/bin/composer/psalm/vendor/amphp/socket/src/Internal/functions.php
   /home/reza/woocommerce/plugins/woocommerce/bin/composer/psalm/vendor/amphp/socket/src/SocketAddress/functions.php
   /home/reza/woocommerce/plugins/woocommerce/bin/composer/psalm/vendor/symfony/polyfill-php85/bootstrap.php
   /home/reza/woocommerce/plugins/woocommerce/bin/composer/psalm/vendor/amphp/parallel/src/Context/functions.php
   /home/reza/woocommerce/plugins/woocommerce/bin/composer/psalm/vendor/amphp/parallel/src/Context/Internal/functions.php
   /home/reza/woocommerce/plugins/woocommerce/bin/composer/psalm/vendor/amphp/parallel/src/Ipc/functions.php
   /home/reza/woocommerce/plugins/woocommerce/bin/composer/psalm/vendor/amphp/parallel/src/Worker/functions.php
   /home/reza/woocommerce/plugins/woocommerce/bin/composer/psalm/vendor/symfony/polyfill-php84/bootstrap.php
   /home/reza/woocommerce/plugins/woocommerce/bin/composer/psalm/vendor/vimeo/psalm/src/Psalm/Internal/VersionUtils.php
   /home/reza/woocommerce/plugins/woocommerce/bin/composer/psalm/vendor/composer/InstalledVersions.php
   /home/reza/woocommerce/plugins/woocommerce/bin/composer/psalm/vendor/composer/installed.php
   /home/reza/woocommerce/plugins/woocommerce/vendor/composer/installed.php
   /home/reza/woocommerce/plugins/woocommerce/vendor/composer/autoload_files.php
Parsing /home/reza/woocommerce/plugins/woocommerce/vendor/autoload.php because we cannot use cache
Deep scanning /home/reza/woocommerce/plugins/woocommerce/vendor/autoload.php
Parsing /home/reza/woocommerce/plugins/woocommerce/vendor/composer/autoload_real.php because we cannot use cache
Deep scanning /home/reza/woocommerce/plugins/woocommerce/vendor/composer/autoload_real.php
Parsing /home/reza/woocommerce/plugins/woocommerce/vendor/composer/platform_check.php because we cannot use cache
Deep scanning /home/reza/woocommerce/plugins/woocommerce/vendor/composer/platform_check.php
Parsing /home/reza/woocommerce/plugins/woocommerce/vendor/composer/ClassLoader.php because we cannot use cache
Deep scanning /home/reza/woocommerce/plugins/woocommerce/vendor/composer/ClassLoader.php
Parsing /home/reza/woocommerce/plugins/woocommerce/vendor/composer/autoload_static.php because we cannot use cache
Deep scanning /home/reza/woocommerce/plugins/woocommerce/vendor/composer/autoload_static.php
Parsing /home/reza/woocommerce/plugins/woocommerce/vendor/symfony/polyfill-php80/bootstrap.php because we cannot use cache
Deep scanning /home/reza/woocommerce/plugins/woocommerce/vendor/symfony/polyfill-php80/bootstrap.php
Parsing /home/reza/woocommerce/plugins/woocommerce/vendor/symfony/deprecation-contracts/function.php because we cannot use cache
Deep scanning /home/reza/woocommerce/plugins/woocommerce/vendor/symfony/deprecation-contracts/function.php
Parsing /home/reza/woocommerce/plugins/woocommerce/vendor/symfony/polyfill-mbstring/bootstrap.php because we cannot use cache
Deep scanning /home/reza/woocommerce/plugins/woocommerce/vendor/symfony/polyfill-mbstring/bootstrap.php
Parsing /home/reza/woocommerce/plugins/woocommerce/vendor/symfony/polyfill-mbstring/bootstrap80.php because we cannot use cache
Deep scanning /home/reza/woocommerce/plugins/woocommerce/vendor/symfony/polyfill-mbstring/bootstrap80.php
Parsing /home/reza/woocommerce/plugins/woocommerce/vendor/symfony/polyfill-ctype/bootstrap.php because we cannot use cache
Deep scanning /home/reza/woocommerce/plugins/woocommerce/vendor/symfony/polyfill-ctype/bootstrap.php
Parsing /home/reza/woocommerce/plugins/woocommerce/vendor/symfony/polyfill-ctype/bootstrap80.php because we cannot use cache
Deep scanning /home/reza/woocommerce/plugins/woocommerce/vendor/symfony/polyfill-ctype/bootstrap80.php
Parsing /home/reza/woocommerce/plugins/woocommerce/vendor/myclabs/deep-copy/src/DeepCopy/deep_copy.php because we cannot use cache
Deep scanning /home/reza/woocommerce/plugins/woocommerce/vendor/myclabs/deep-copy/src/DeepCopy/deep_copy.php
Parsing /home/reza/woocommerce/plugins/woocommerce/vendor/symfony/polyfill-intl-grapheme/bootstrap.php because we cannot use cache
Deep scanning /home/reza/woocommerce/plugins/woocommerce/vendor/symfony/polyfill-intl-grapheme/bootstrap.php
Parsing /home/reza/woocommerce/plugins/woocommerce/vendor/symfony/polyfill-intl-grapheme/bootstrap80.php because we cannot use cache
Deep scanning /home/reza/woocommerce/plugins/woocommerce/vendor/symfony/polyfill-intl-grapheme/bootstrap80.php
Parsing /home/reza/woocommerce/plugins/woocommerce/vendor/symfony/polyfill-intl-normalizer/bootstrap.php because we cannot use cache
Deep scanning /home/reza/woocommerce/plugins/woocommerce/vendor/symfony/polyfill-intl-normalizer/bootstrap.php
Parsing /home/reza/woocommerce/plugins/woocommerce/vendor/symfony/polyfill-intl-normalizer/bootstrap80.php because we cannot use cache
Deep scanning /home/reza/woocommerce/plugins/woocommerce/vendor/symfony/polyfill-intl-normalizer/bootstrap80.php
Parsing /home/reza/woocommerce/plugins/woocommerce/vendor/phpunit/phpunit/src/Framework/Assert/Functions.php because we cannot use cache
Deep scanning /home/reza/woocommerce/plugins/woocommerce/vendor/phpunit/phpunit/src/Framework/Assert/Functions.php
Parsing /home/reza/woocommerce/plugins/woocommerce/vendor/symfony/polyfill-php73/bootstrap.php because we cannot use cache
Deep scanning /home/reza/woocommerce/plugins/woocommerce/vendor/symfony/polyfill-php73/bootstrap.php
Parsing /home/reza/woocommerce/plugins/woocommerce/vendor/symfony/string/Resources/functions.php because we cannot use cache
Deep scanning /home/reza/woocommerce/plugins/woocommerce/vendor/symfony/string/Resources/functions.php
Parsing /home/reza/woocommerce/plugins/woocommerce/vendor/automattic/jetpack-assets/actions.php because we cannot use cache
Deep scanning /home/reza/woocommerce/plugins/woocommerce/vendor/automattic/jetpack-assets/actions.php
Parsing /home/reza/woocommerce/plugins/woocommerce/vendor/phpstan/phpstan/bootstrap.php because we cannot use cache
Deep scanning /home/reza/woocommerce/plugins/woocommerce/vendor/phpstan/phpstan/bootstrap.php
Parsing /home/reza/woocommerce/plugins/woocommerce/vendor/wikimedia/at-ease/src/Wikimedia/Functions.php because we cannot use cache
Deep scanning /home/reza/woocommerce/plugins/woocommerce/vendor/wikimedia/at-ease/src/Wikimedia/Functions.php
Parsing /home/reza/woocommerce/plugins/woocommerce/vendor/automattic/jetpack-connection/actions.php because we cannot use cache
Deep scanning /home/reza/woocommerce/plugins/woocommerce/vendor/automattic/jetpack-connection/actions.php
Parsing /home/reza/woocommerce/plugins/woocommerce/vendor/dms/phpunit-arraysubset-asserts/assertarraysubset-autoload.php because we cannot use cache
Deep scanning /home/reza/woocommerce/plugins/woocommerce/vendor/dms/phpunit-arraysubset-asserts/assertarraysubset-autoload.php
Parsing /home/reza/woocommerce/plugins/woocommerce/vendor/mockery/mockery/library/helpers.php because we cannot use cache
Deep scanning /home/reza/woocommerce/plugins/woocommerce/vendor/mockery/mockery/library/helpers.php
Parsing /home/reza/woocommerce/plugins/woocommerce/vendor/mockery/mockery/library/Mockery.php because we cannot use cache
Deep scanning /home/reza/woocommerce/plugins/woocommerce/vendor/mockery/mockery/library/Mockery.php
Parsing /home/reza/woocommerce/plugins/woocommerce/vendor/wordpress/abilities-api/includes/bootstrap.php because we cannot use cache
Deep scanning /home/reza/woocommerce/plugins/woocommerce/vendor/wordpress/abilities-api/includes/bootstrap.php
Parsing /home/reza/woocommerce/plugins/woocommerce/vendor/yoast/phpunit-polyfills/phpunitpolyfills-autoload.php because we cannot use cache
Deep scanning /home/reza/woocommerce/plugins/woocommerce/vendor/yoast/phpunit-polyfills/phpunitpolyfills-autoload.php
Parsing /home/reza/woocommerce/plugins/woocommerce/src/StoreApi/deprecated.php because the cache is absent or outdated
Deep scanning /home/reza/woocommerce/plugins/woocommerce/src/StoreApi/deprecated.php
Parsing /home/reza/woocommerce/plugins/woocommerce/src/StoreApi/Exceptions/RouteException.php because the cache is absent or outdated
Deep scanning /home/reza/woocommerce/plugins/woocommerce/src/StoreApi/Exceptions/RouteException.php
Parsing /home/reza/woocommerce/plugins/woocommerce/src/StoreApi/Schemas/ExtendSchema.php because the cache is absent or outdated
Deep scanning /home/reza/woocommerce/plugins/woocommerce/src/StoreApi/Schemas/ExtendSchema.php
Parsing /home/reza/woocommerce/plugins/woocommerce/src/StoreApi/SchemaController.php because the cache is absent or outdated
Deep scanning /home/reza/woocommerce/plugins/woocommerce/src/StoreApi/SchemaController.php
Parsing /home/reza/woocommerce/plugins/woocommerce/src/StoreApi/RoutesController.php because the cache is absent or outdated
Deep scanning /home/reza/woocommerce/plugins/woocommerce/src/StoreApi/RoutesController.php
Parsing /home/reza/woocommerce/plugins/woocommerce/src/StoreApi/Formatters.php because the cache is absent or outdated
Deep scanning /home/reza/woocommerce/plugins/woocommerce/src/StoreApi/Formatters.php
Parsing /home/reza/woocommerce/plugins/woocommerce/src/StoreApi/Payments/PaymentResult.php because the cache is absent or outdated
Deep scanning /home/reza/woocommerce/plugins/woocommerce/src/StoreApi/Payments/PaymentResult.php
Parsing /home/reza/woocommerce/plugins/woocommerce/src/StoreApi/Payments/PaymentContext.php because the cache is absent or outdated
Deep scanning /home/reza/woocommerce/plugins/woocommerce/src/StoreApi/Payments/PaymentContext.php
Parsing /home/reza/woocommerce/plugins/woocommerce/src/StoreApi/Schemas/V1/AbstractAddressSchema.php because the cache is absent or outdated
Deep scanning /home/reza/woocommerce/plugins/woocommerce/src/StoreApi/Schemas/V1/AbstractAddressSchema.php
Parsing /home/reza/woocommerce/plugins/woocommerce/src/StoreApi/Schemas/V1/AbstractSchema.php because the cache is absent or outdated
Deep scanning /home/reza/woocommerce/plugins/woocommerce/src/StoreApi/Schemas/V1/AbstractSchema.php
Parsing /home/reza/woocommerce/plugins/woocommerce/src/StoreApi/Schemas/V1/BillingAddressSchema.php because the cache is absent or outdated
Deep scanning /home/reza/woocommerce/plugins/woocommerce/src/StoreApi/Schemas/V1/BillingAddressSchema.php
Parsing /home/reza/woocommerce/plugins/woocommerce/src/StoreApi/Schemas/V1/CartCouponSchema.php because the cache is absent or outdated
Deep scanning /home/reza/woocommerce/plugins/woocommerce/src/StoreApi/Schemas/V1/CartCouponSchema.php
Parsing /home/reza/woocommerce/plugins/woocommerce/src/StoreApi/Schemas/V1/CartExtensionsSchema.php because the cache is absent or outdated
Deep scanning /home/reza/woocommerce/plugins/woocommerce/src/StoreApi/Schemas/V1/CartExtensionsSchema.php
Parsing /home/reza/woocommerce/plugins/woocommerce/src/StoreApi/Schemas/V1/CartFeeSchema.php because the cache is absent or outdated
Deep scanning /home/reza/woocommerce/plugins/woocommerce/src/StoreApi/Schemas/V1/CartFeeSchema.php
Parsing /home/reza/woocommerce/plugins/woocommerce/src/StoreApi/Schemas/V1/CartItemSchema.php because the cache is absent or outdated
Deep scanning /home/reza/woocommerce/plugins/woocommerce/src/StoreApi/Schemas/V1/CartItemSchema.php
Parsing /home/reza/woocommerce/plugins/woocommerce/src/StoreApi/Schemas/V1/ItemSchema.php because the cache is absent or outdated
Deep scanning /home/reza/woocommerce/plugins/woocommerce/src/StoreApi/Schemas/V1/ItemSchema.php
Parsing /home/reza/woocommerce/plugins/woocommerce/src/StoreApi/Schemas/V1/ProductSchema.php because the cache is absent or outdated
Deep scanning /home/reza/woocommerce/plugins/woocommerce/src/StoreApi/Schemas/V1/ProductSchema.php
Parsing /home/reza/woocommerce/plugins/woocommerce/src/StoreApi/Utilities/ProductItemTrait.php because the cache is absent or outdated
Deep scanning /home/reza/woocommerce/plugins/woocommerce/src/StoreApi/Utilities/ProductItemTrait.php
Parsing /home/reza/woocommerce/plugins/woocommerce/src/StoreApi/Schemas/V1/CartSchema.php because the cache is absent or outdated
Deep scanning /home/reza/woocommerce/plugins/woocommerce/src/StoreApi/Schemas/V1/CartSchema.php
Parsing /home/reza/woocommerce/plugins/woocommerce/src/StoreApi/Schemas/V1/CartShippingRateSchema.php because the cache is absent or outdated
Deep scanning /home/reza/woocommerce/plugins/woocommerce/src/StoreApi/Schemas/V1/CartShippingRateSchema.php
Parsing /home/reza/woocommerce/plugins/woocommerce/src/StoreApi/Schemas/V1/CheckoutSchema.php because the cache is absent or outdated
Deep scanning /home/reza/woocommerce/plugins/woocommerce/src/StoreApi/Schemas/V1/CheckoutSchema.php
Parsing /home/reza/woocommerce/plugins/woocommerce/src/StoreApi/Schemas/V1/ErrorSchema.php because the cache is absent or outdated
Deep scanning /home/reza/woocommerce/plugins/woocommerce/src/StoreApi/Schemas/V1/ErrorSchema.php
Parsing /home/reza/woocommerce/plugins/woocommerce/src/StoreApi/Schemas/V1/ImageAttachmentSchema.php because the cache is absent or outdated
Deep scanning /home/reza/woocommerce/plugins/woocommerce/src/StoreApi/Schemas/V1/ImageAttachmentSchema.php
Parsing /home/reza/woocommerce/plugins/woocommerce/src/StoreApi/Schemas/V1/OrderCouponSchema.php because the cache is absent or outdated
Deep scanning /home/reza/woocommerce/plugins/woocommerce/src/StoreApi/Schemas/V1/OrderCouponSchema.php
Parsing /home/reza/woocommerce/plugins/woocommerce/src/StoreApi/Schemas/V1/ProductAttributeSchema.php because the cache is absent or outdated
Deep scanning /home/reza/woocommerce/plugins/woocommerce/src/StoreApi/Schemas/V1/ProductAttributeSchema.php
Parsing /home/reza/woocommerce/plugins/woocommerce/src/StoreApi/Schemas/V1/ProductCategorySchema.php because the cache is absent or outdated
Deep scanning /home/reza/woocommerce/plugins/woocommerce/src/StoreApi/Schemas/V1/ProductCategorySchema.php
Parsing /home/reza/woocommerce/plugins/woocommerce/src/StoreApi/Schemas/V1/TermSchema.php because the cache is absent or outdated
Deep scanning /home/reza/woocommerce/plugins/woocommerce/src/StoreApi/Schemas/V1/TermSchema.php
Parsing /home/reza/woocommerce/plugins/woocommerce/src/StoreApi/Schemas/V1/ProductCollectionDataSchema.php because the cache is absent or outdated
Deep scanning /home/reza/woocommerce/plugins/woocommerce/src/StoreApi/Schemas/V1/ProductCollectionDataSchema.php
Parsing /home/reza/woocommerce/plugins/woocommerce/src/StoreApi/Schemas/V1/ProductReviewSchema.php because the cache is absent or outdated
Deep scanning /home/reza/woocommerce/plugins/woocommerce/src/StoreApi/Schemas/V1/ProductReviewSchema.php
Parsing /home/reza/woocommerce/plugins/woocommerce/src/StoreApi/Schemas/V1/ShippingAddressSchema.php because the cache is absent or outdated
Deep scanning /home/reza/woocommerce/plugins/woocommerce/src/StoreApi/Schemas/V1/ShippingAddressSchema.php
Parsing /home/reza/woocommerce/plugins/woocommerce/src/StoreApi/Routes/V1/AbstractCartRoute.php because the cache is absent or outdated
Deep scanning /home/reza/woocommerce/plugins/woocommerce/src/StoreApi/Routes/V1/AbstractCartRoute.php
Parsing /home/reza/woocommerce/plugins/woocommerce/src/StoreApi/Routes/V1/AbstractRoute.php because the cache is absent or outdated
Deep scanning /home/reza/woocommerce/plugins/woocommerce/src/StoreApi/Routes/V1/AbstractRoute.php
Parsing /home/reza/woocommerce/plugins/woocommerce/src/StoreApi/Routes/RouteInterface.php because the cache is absent or outdated
Deep scanning /home/reza/woocommerce/plugins/woocommerce/src/StoreApi/Routes/RouteInterface.php
Parsing /home/reza/woocommerce/plugins/woocommerce/src/StoreApi/Utilities/DraftOrderTrait.php because the cache is absent or outdated
Deep scanning /home/reza/woocommerce/plugins/woocommerce/src/StoreApi/Utilities/DraftOrderTrait.php
Parsing /home/reza/woocommerce/plugins/woocommerce/src/StoreApi/Routes/V1/AbstractTermsRoute.php because the cache is absent or outdated
Deep scanning /home/reza/woocommerce/plugins/woocommerce/src/StoreApi/Routes/V1/AbstractTermsRoute.php
Parsing /home/reza/woocommerce/plugins/woocommerce/src/StoreApi/Routes/V1/Batch.php because the cache is absent or outdated
Deep scanning /home/reza/woocommerce/plugins/woocommerce/src/StoreApi/Routes/V1/Batch.php
Parsing /home/reza/woocommerce/plugins/woocommerce/src/StoreApi/Routes/V1/Cart.php because the cache is absent or outdated
Deep scanning /home/reza/woocommerce/plugins/woocommerce/src/StoreApi/Routes/V1/Cart.php
Parsing /home/reza/woocommerce/plugins/woocommerce/src/StoreApi/Routes/V1/CartAddItem.php because the cache is absent or outdated
Deep scanning /home/reza/woocommerce/plugins/woocommerce/src/StoreApi/Routes/V1/CartAddItem.php
Parsing /home/reza/woocommerce/plugins/woocommerce/src/StoreApi/Routes/V1/CartApplyCoupon.php because the cache is absent or outdated
Deep scanning /home/reza/woocommerce/plugins/woocommerce/src/StoreApi/Routes/V1/CartApplyCoupon.php
Parsing /home/reza/woocommerce/plugins/woocommerce/src/StoreApi/Routes/V1/CartCoupons.php because the cache is absent or outdated
Deep scanning /home/reza/woocommerce/plugins/woocommerce/src/StoreApi/Routes/V1/CartCoupons.php
Parsing /home/reza/woocommerce/plugins/woocommerce/src/StoreApi/Routes/V1/CartCouponsByCode.php because the cache is absent or outdated
Deep scanning /home/reza/woocommerce/plugins/woocommerce/src/StoreApi/Routes/V1/CartCouponsByCode.php
Parsing /home/reza/woocommerce/plugins/woocommerce/src/StoreApi/Routes/V1/CartExtensions.php because the cache is absent or outdated
Deep scanning /home/reza/woocommerce/plugins/woocommerce/src/StoreApi/Routes/V1/CartExtensions.php
Parsing /home/reza/woocommerce/plugins/woocommerce/src/StoreApi/Routes/V1/CartItems.php because the cache is absent or outdated
Deep scanning /home/reza/woocommerce/plugins/woocommerce/src/StoreApi/Routes/V1/CartItems.php
Parsing /home/reza/woocommerce/plugins/woocommerce/src/StoreApi/Routes/V1/CartItemsByKey.php because the cache is absent or outdated
Deep scanning /home/reza/woocommerce/plugins/woocommerce/src/StoreApi/Routes/V1/CartItemsByKey.php
Parsing /home/reza/woocommerce/plugins/woocommerce/src/StoreApi/Routes/V1/CartRemoveCoupon.php because the cache is absent or outdated
Deep scanning /home/reza/woocommerce/plugins/woocommerce/src/StoreApi/Routes/V1/CartRemoveCoupon.php
Parsing /home/reza/woocommerce/plugins/woocommerce/src/StoreApi/Routes/V1/CartRemoveItem.php because the cache is absent or outdated
Deep scanning /home/reza/woocommerce/plugins/woocommerce/src/StoreApi/Routes/V1/CartRemoveItem.php
Parsing /home/reza/woocommerce/plugins/woocommerce/src/StoreApi/Routes/V1/CartSelectShippingRate.php because the cache is absent or outdated
Deep scanning /home/reza/woocommerce/plugins/woocommerce/src/StoreApi/Routes/V1/CartSelectShippingRate.php
Parsing /home/reza/woocommerce/plugins/woocommerce/src/StoreApi/Routes/V1/CartUpdateCustomer.php because the cache is absent or outdated
Deep scanning /home/reza/woocommerce/plugins/woocommerce/src/StoreApi/Routes/V1/CartUpdateCustomer.php
Parsing /home/reza/woocommerce/plugins/woocommerce/src/StoreApi/Routes/V1/CartUpdateItem.php because the cache is absent or outdated
Deep scanning /home/reza/woocommerce/plugins/woocommerce/src/StoreApi/Routes/V1/CartUpdateItem.php
Parsing /home/reza/woocommerce/plugins/woocommerce/src/StoreApi/Routes/V1/Checkout.php because the cache is absent or outdated
Deep scanning /home/reza/woocommerce/plugins/woocommerce/src/StoreApi/Routes/V1/Checkout.php
Parsing /home/reza/woocommerce/plugins/woocommerce/src/StoreApi/Utilities/CheckoutTrait.php because the cache is absent or outdated
Deep scanning /home/reza/woocommerce/plugins/woocommerce/src/StoreApi/Utilities/CheckoutTrait.php
Parsing /home/reza/woocommerce/plugins/woocommerce/src/StoreApi/Routes/V1/ProductAttributes.php because the cache is absent or outdated
Deep scanning /home/reza/woocommerce/plugins/woocommerce/src/StoreApi/Routes/V1/ProductAttributes.php
Parsing /home/reza/woocommerce/plugins/woocommerce/src/StoreApi/Routes/V1/ProductAttributesById.php because the cache is absent or outdated
Deep scanning /home/reza/woocommerce/plugins/woocommerce/src/StoreApi/Routes/V1/ProductAttributesById.php
Parsing /home/reza/woocommerce/plugins/woocommerce/src/StoreApi/Routes/V1/ProductAttributeTerms.php because the cache is absent or outdated
Deep scanning /home/reza/woocommerce/plugins/woocommerce/src/StoreApi/Routes/V1/ProductAttributeTerms.php
Parsing /home/reza/woocommerce/plugins/woocommerce/src/StoreApi/Routes/V1/ProductCategories.php because the cache is absent or outdated
Deep scanning /home/reza/woocommerce/plugins/woocommerce/src/StoreApi/Routes/V1/ProductCategories.php
Parsing /home/reza/woocommerce/plugins/woocommerce/src/StoreApi/Routes/V1/ProductCategoriesById.php because the cache is absent or outdated
Deep scanning /home/reza/woocommerce/plugins/woocommerce/src/StoreApi/Routes/V1/ProductCategoriesById.php
Parsing /home/reza/woocommerce/plugins/woocommerce/src/StoreApi/Routes/V1/ProductCollectionData.php because the cache is absent or outdated
Deep scanning /home/reza/woocommerce/plugins/woocommerce/src/StoreApi/Routes/V1/ProductCollectionData.php
Parsing /home/reza/woocommerce/plugins/woocommerce/src/StoreApi/Routes/V1/ProductReviews.php because the cache is absent or outdated
Deep scanning /home/reza/woocommerce/plugins/woocommerce/src/StoreApi/Routes/V1/ProductReviews.php
Parsing /home/reza/woocommerce/plugins/woocommerce/src/StoreApi/Routes/V1/Products.php because the cache is absent or outdated
Deep scanning /home/reza/woocommerce/plugins/woocommerce/src/StoreApi/Routes/V1/Products.php
Parsing /home/reza/woocommerce/plugins/woocommerce/src/StoreApi/Utilities/ProductLinksTrait.php because the cache is absent or outdated
Deep scanning /home/reza/woocommerce/plugins/woocommerce/src/StoreApi/Utilities/ProductLinksTrait.php
Parsing /home/reza/woocommerce/plugins/woocommerce/src/StoreApi/Routes/V1/ProductsById.php because the cache is absent or outdated
Deep scanning /home/reza/woocommerce/plugins/woocommerce/src/StoreApi/Routes/V1/ProductsById.php
Parsing /home/reza/woocommerce/plugins/woocommerce/src/StoreApi/Routes/V1/ProductTags.php because the cache is absent or outdated
Deep scanning /home/reza/woocommerce/plugins/woocommerce/src/StoreApi/Routes/V1/ProductTags.php
Parsing /home/reza/woocommerce/plugins/woocommerce/src/StoreApi/functions.php because the cache is absent or outdated
Deep scanning /home/reza/woocommerce/plugins/woocommerce/src/StoreApi/functions.php
Parsing /home/reza/woocommerce/plugins/woocommerce/src/Blocks/Domain/Services/functions.php because the cache is absent or outdated
Deep scanning /home/reza/woocommerce/plugins/woocommerce/src/Blocks/Domain/Services/functions.php
Parsing /home/reza/woocommerce/plugins/woocommerce/src/Deprecated.php because the cache is absent or outdated
Deep scanning /home/reza/woocommerce/plugins/woocommerce/src/Deprecated.php
Parsing /home/reza/woocommerce/plugins/woocommerce/src/Admin/Features/Navigation/RemovedDeprecated.php because the cache is absent or outdated
Deep scanning /home/reza/woocommerce/plugins/woocommerce/src/Admin/Features/Navigation/RemovedDeprecated.php
Parsing /home/reza/woocommerce/plugins/woocommerce/vendor/woocommerce/monorepo-plugin/autoload-dev.php because we cannot use cache
Deep scanning /home/reza/woocommerce/plugins/woocommerce/vendor/woocommerce/monorepo-plugin/autoload-dev.php
Parsing /home/reza/woocommerce/plugins/woocommerce/bin/composer/psalm/vendor/autoload.php because we cannot use cache
Deep scanning /home/reza/woocommerce/plugins/woocommerce/bin/composer/psalm/vendor/autoload.php
Parsing /home/reza/woocommerce/plugins/woocommerce/bin/composer/psalm/vendor/composer/autoload_real.php because we cannot use cache
Deep scanning /home/reza/woocommerce/plugins/woocommerce/bin/composer/psalm/vendor/composer/autoload_real.php
Parsing /home/reza/woocommerce/plugins/woocommerce/bin/composer/psalm/vendor/composer/autoload_static.php because we cannot use cache
Deep scanning /home/reza/woocommerce/plugins/woocommerce/bin/composer/psalm/vendor/composer/autoload_static.php
Parsing /home/reza/woocommerce/plugins/woocommerce/bin/composer/psalm/vendor/amphp/amp/src/functions.php because we cannot use cache
Deep scanning /home/reza/woocommerce/plugins/woocommerce/bin/composer/psalm/vendor/amphp/amp/src/functions.php
Parsing /home/reza/woocommerce/plugins/woocommerce/bin/composer/psalm/vendor/amphp/amp/src/Future/functions.php because we cannot use cache
Deep scanning /home/reza/woocommerce/plugins/woocommerce/bin/composer/psalm/vendor/amphp/amp/src/Future/functions.php
Parsing /home/reza/woocommerce/plugins/woocommerce/bin/composer/psalm/vendor/amphp/amp/src/Internal/functions.php because we cannot use cache
Deep scanning /home/reza/woocommerce/plugins/woocommerce/bin/composer/psalm/vendor/amphp/amp/src/Internal/functions.php
Parsing /home/reza/woocommerce/plugins/woocommerce/bin/composer/psalm/vendor/amphp/serialization/src/functions.php because we cannot use cache
Deep scanning /home/reza/woocommerce/plugins/woocommerce/bin/composer/psalm/vendor/amphp/serialization/src/functions.php
Parsing /home/reza/woocommerce/plugins/woocommerce/bin/composer/psalm/vendor/amphp/sync/src/functions.php because we cannot use cache
Deep scanning /home/reza/woocommerce/plugins/woocommerce/bin/composer/psalm/vendor/amphp/sync/src/functions.php
Parsing /home/reza/woocommerce/plugins/woocommerce/bin/composer/psalm/vendor/amphp/byte-stream/src/functions.php because we cannot use cache
Deep scanning /home/reza/woocommerce/plugins/woocommerce/bin/composer/psalm/vendor/amphp/byte-stream/src/functions.php
Parsing /home/reza/woocommerce/plugins/woocommerce/bin/composer/psalm/vendor/amphp/byte-stream/src/Internal/functions.php because we cannot use cache
Deep scanning /home/reza/woocommerce/plugins/woocommerce/bin/composer/psalm/vendor/amphp/byte-stream/src/Internal/functions.php
Parsing /home/reza/woocommerce/plugins/woocommerce/bin/composer/psalm/vendor/amphp/process/src/functions.php because we cannot use cache
Deep scanning /home/reza/woocommerce/plugins/woocommerce/bin/composer/psalm/vendor/amphp/process/src/functions.php
Parsing /home/reza/woocommerce/plugins/woocommerce/bin/composer/psalm/vendor/daverandom/libdns/src/functions.php because we cannot use cache
Deep scanning /home/reza/woocommerce/plugins/woocommerce/bin/composer/psalm/vendor/daverandom/libdns/src/functions.php
Parsing /home/reza/woocommerce/plugins/woocommerce/bin/composer/psalm/vendor/amphp/dns/src/functions.php because we cannot use cache
Deep scanning /home/reza/woocommerce/plugins/woocommerce/bin/composer/psalm/vendor/amphp/dns/src/functions.php
Parsing /home/reza/woocommerce/plugins/woocommerce/bin/composer/psalm/vendor/amphp/socket/src/functions.php because we cannot use cache
Deep scanning /home/reza/woocommerce/plugins/woocommerce/bin/composer/psalm/vendor/amphp/socket/src/functions.php
Parsing /home/reza/woocommerce/plugins/woocommerce/bin/composer/psalm/vendor/amphp/socket/src/Internal/functions.php because we cannot use cache
Deep scanning /home/reza/woocommerce/plugins/woocommerce/bin/composer/psalm/vendor/amphp/socket/src/Internal/functions.php
Parsing /home/reza/woocommerce/plugins/woocommerce/bin/composer/psalm/vendor/amphp/socket/src/SocketAddress/functions.php because we cannot use cache
Deep scanning /home/reza/woocommerce/plugins/woocommerce/bin/composer/psalm/vendor/amphp/socket/src/SocketAddress/functions.php
Parsing /home/reza/woocommerce/plugins/woocommerce/bin/composer/psalm/vendor/symfony/polyfill-php85/bootstrap.php because we cannot use cache
Deep scanning /home/reza/woocommerce/plugins/woocommerce/bin/composer/psalm/vendor/symfony/polyfill-php85/bootstrap.php
Parsing /home/reza/woocommerce/plugins/woocommerce/bin/composer/psalm/vendor/amphp/parallel/src/Context/functions.php because we cannot use cache
Deep scanning /home/reza/woocommerce/plugins/woocommerce/bin/composer/psalm/vendor/amphp/parallel/src/Context/functions.php
Parsing /home/reza/woocommerce/plugins/woocommerce/bin/composer/psalm/vendor/amphp/parallel/src/Context/Internal/functions.php because we cannot use cache
Deep scanning /home/reza/woocommerce/plugins/woocommerce/bin/composer/psalm/vendor/amphp/parallel/src/Context/Internal/functions.php
Parsing /home/reza/woocommerce/plugins/woocommerce/bin/composer/psalm/vendor/amphp/parallel/src/Ipc/functions.php because we cannot use cache
Deep scanning /home/reza/woocommerce/plugins/woocommerce/bin/composer/psalm/vendor/amphp/parallel/src/Ipc/functions.php
Parsing /home/reza/woocommerce/plugins/woocommerce/bin/composer/psalm/vendor/amphp/parallel/src/Worker/functions.php because we cannot use cache
Deep scanning /home/reza/woocommerce/plugins/woocommerce/bin/composer/psalm/vendor/amphp/parallel/src/Worker/functions.php
Parsing /home/reza/woocommerce/plugins/woocommerce/bin/composer/psalm/vendor/symfony/polyfill-php84/bootstrap.php because we cannot use cache
Deep scanning /home/reza/woocommerce/plugins/woocommerce/bin/composer/psalm/vendor/symfony/polyfill-php84/bootstrap.php
Parsing /home/reza/woocommerce/plugins/woocommerce/bin/composer/psalm/vendor/vimeo/psalm/src/Psalm/Internal/VersionUtils.php because we cannot use cache
Deep scanning /home/reza/woocommerce/plugins/woocommerce/bin/composer/psalm/vendor/vimeo/psalm/src/Psalm/Internal/VersionUtils.php
Parsing /home/reza/woocommerce/plugins/woocommerce/bin/composer/psalm/vendor/composer/InstalledVersions.php because we cannot use cache
Deep scanning /home/reza/woocommerce/plugins/woocommerce/bin/composer/psalm/vendor/composer/InstalledVersions.php
Parsing /home/reza/woocommerce/plugins/woocommerce/bin/composer/psalm/vendor/composer/installed.php because we cannot use cache
Deep scanning /home/reza/woocommerce/plugins/woocommerce/bin/composer/psalm/vendor/composer/installed.php
Parsing /home/reza/woocommerce/plugins/woocommerce/vendor/composer/installed.php because we cannot use cache
Deep scanning /home/reza/woocommerce/plugins/woocommerce/vendor/composer/installed.php
Parsing /home/reza/woocommerce/plugins/woocommerce/vendor/composer/autoload_files.php because we cannot use cache
Deep scanning /home/reza/woocommerce/plugins/woocommerce/vendor/composer/autoload_files.php
Parsing /home/reza/woocommerce/plugins/woocommerce/vendor/dms/phpunit-arraysubset-asserts/src/ArraySubsetAsserts.php because we cannot use cache
Deep scanning /home/reza/woocommerce/plugins/woocommerce/vendor/dms/phpunit-arraysubset-asserts/src/ArraySubsetAsserts.php
Parsing /home/reza/woocommerce/plugins/woocommerce/vendor/dms/phpunit-arraysubset-asserts/src/ArraySubsetAssertsEmpty.php because we cannot use cache
Deep scanning /home/reza/woocommerce/plugins/woocommerce/vendor/dms/phpunit-arraysubset-asserts/src/ArraySubsetAssertsEmpty.php
Parsing /home/reza/woocommerce/plugins/woocommerce/vendor/dms/phpunit-arraysubset-asserts/src/Assert.php because we cannot use cache
Deep scanning /home/reza/woocommerce/plugins/woocommerce/vendor/dms/phpunit-arraysubset-asserts/src/Assert.php
Parsing /home/reza/woocommerce/plugins/woocommerce/vendor/dms/phpunit-arraysubset-asserts/src/AssertFallThrough.php because we cannot use cache
Deep scanning /home/reza/woocommerce/plugins/woocommerce/vendor/dms/phpunit-arraysubset-asserts/src/AssertFallThrough.php
Parsing /home/reza/woocommerce/plugins/woocommerce/vendor/wordpress/abilities-api/includes/abilities-api/class-wp-ability-category.php because we cannot use cache
Deep scanning /home/reza/woocommerce/plugins/woocommerce/vendor/wordpress/abilities-api/includes/abilities-api/class-wp-ability-category.php
Parsing /home/reza/woocommerce/plugins/woocommerce/vendor/wordpress/abilities-api/includes/abilities-api/class-wp-ability-categories-registry.php because we cannot use cache
Deep scanning /home/reza/woocommerce/plugins/woocommerce/vendor/wordpress/abilities-api/includes/abilities-api/class-wp-ability-categories-registry.php
Parsing /home/reza/woocommerce/plugins/woocommerce/vendor/wordpress/abilities-api/includes/abilities-api/class-wp-ability.php because we cannot use cache
Deep scanning /home/reza/woocommerce/plugins/woocommerce/vendor/wordpress/abilities-api/includes/abilities-api/class-wp-ability.php
Parsing /home/reza/woocommerce/plugins/woocommerce/vendor/wordpress/abilities-api/includes/abilities-api/class-wp-abilities-registry.php because we cannot use cache
Deep scanning /home/reza/woocommerce/plugins/woocommerce/vendor/wordpress/abilities-api/includes/abilities-api/class-wp-abilities-registry.php
Parsing /home/reza/woocommerce/plugins/woocommerce/vendor/wordpress/abilities-api/includes/abilities-api.php because we cannot use cache
Deep scanning /home/reza/woocommerce/plugins/woocommerce/vendor/wordpress/abilities-api/includes/abilities-api.php
Parsing /home/reza/woocommerce/plugins/woocommerce/vendor/wordpress/abilities-api/includes/abilities/wp-core-abilities.php because we cannot use cache
Deep scanning /home/reza/woocommerce/plugins/woocommerce/vendor/wordpress/abilities-api/includes/abilities/wp-core-abilities.php
Parsing /home/reza/woocommerce/plugins/woocommerce/vendor/wordpress/abilities-api/includes/rest-api/class-wp-rest-abilities-init.php because we cannot use cache
Deep scanning /home/reza/woocommerce/plugins/woocommerce/vendor/wordpress/abilities-api/includes/rest-api/class-wp-rest-abilities-init.php
Parsing /home/reza/woocommerce/plugins/woocommerce/vendor/wordpress/abilities-api/includes/assets/class-wp-abilities-assets-init.php because we cannot use cache
Deep scanning /home/reza/woocommerce/plugins/woocommerce/vendor/wordpress/abilities-api/includes/assets/class-wp-abilities-assets-init.php
Parsing /home/reza/woocommerce/plugins/woocommerce/vendor/yoast/phpunit-polyfills/src/Polyfills/ExpectExceptionObject.php because we cannot use cache
Deep scanning /home/reza/woocommerce/plugins/woocommerce/vendor/yoast/phpunit-polyfills/src/Polyfills/ExpectExceptionObject.php
Parsing /home/reza/woocommerce/plugins/woocommerce/vendor/yoast/phpunit-polyfills/src/Polyfills/ExpectExceptionObject_Empty.php because we cannot use cache
Deep scanning /home/reza/woocommerce/plugins/woocommerce/vendor/yoast/phpunit-polyfills/src/Polyfills/ExpectExceptionObject_Empty.php
Parsing /home/reza/woocommerce/plugins/woocommerce/vendor/yoast/phpunit-polyfills/src/Polyfills/AssertIsType.php because we cannot use cache
Deep scanning /home/reza/woocommerce/plugins/woocommerce/vendor/yoast/phpunit-polyfills/src/Polyfills/AssertIsType.php
Parsing /home/reza/woocommerce/plugins/woocommerce/vendor/yoast/phpunit-polyfills/src/Polyfills/AssertIsType_Empty.php because we cannot use cache
Deep scanning /home/reza/woocommerce/plugins/woocommerce/vendor/yoast/phpunit-polyfills/src/Polyfills/AssertIsType_Empty.php
Parsing /home/reza/woocommerce/plugins/woocommerce/vendor/yoast/phpunit-polyfills/src/Polyfills/AssertStringContains.php because we cannot use cache
Deep scanning /home/reza/woocommerce/plugins/woocommerce/vendor/yoast/phpunit-polyfills/src/Polyfills/AssertStringContains.php
Parsing /home/reza/woocommerce/plugins/woocommerce/vendor/yoast/phpunit-polyfills/src/Polyfills/AssertStringContains_Empty.php because we cannot use cache
Deep scanning /home/reza/woocommerce/plugins/woocommerce/vendor/yoast/phpunit-polyfills/src/Polyfills/AssertStringContains_Empty.php
Parsing /home/reza/woocommerce/plugins/woocommerce/vendor/yoast/phpunit-polyfills/src/Polyfills/AssertEqualsSpecializations.php because we cannot use cache
Deep scanning /home/reza/woocommerce/plugins/woocommerce/vendor/yoast/phpunit-polyfills/src/Polyfills/AssertEqualsSpecializations.php
Parsing /home/reza/woocommerce/plugins/woocommerce/vendor/yoast/phpunit-polyfills/src/Polyfills/AssertEqualsSpecializations_Empty.php because we cannot use cache
Deep scanning /home/reza/woocommerce/plugins/woocommerce/vendor/yoast/phpunit-polyfills/src/Polyfills/AssertEqualsSpecializations_Empty.php
Parsing /home/reza/woocommerce/plugins/woocommerce/vendor/yoast/phpunit-polyfills/src/Polyfills/ExpectExceptionMessageMatches.php because we cannot use cache
Deep scanning /home/reza/woocommerce/plugins/woocommerce/vendor/yoast/phpunit-polyfills/src/Polyfills/ExpectExceptionMessageMatches.php
Parsing /home/reza/woocommerce/plugins/woocommerce/vendor/yoast/phpunit-polyfills/src/Polyfills/ExpectExceptionMessageMatches_Empty.php because we cannot use cache
Deep scanning /home/reza/woocommerce/plugins/woocommerce/vendor/yoast/phpunit-polyfills/src/Polyfills/ExpectExceptionMessageMatches_Empty.php
Parsing /home/reza/woocommerce/plugins/woocommerce/vendor/yoast/phpunit-polyfills/src/Polyfills/AssertFileEqualsSpecializations.php because we cannot use cache
Deep scanning /home/reza/woocommerce/plugins/woocommerce/vendor/yoast/phpunit-polyfills/src/Polyfills/AssertFileEqualsSpecializations.php
Parsing /home/reza/woocommerce/plugins/woocommerce/vendor/yoast/phpunit-polyfills/src/Polyfills/AssertFileEqualsSpecializations_Empty.php because we cannot use cache
Deep scanning /home/reza/woocommerce/plugins/woocommerce/vendor/yoast/phpunit-polyfills/src/Polyfills/AssertFileEqualsSpecializations_Empty.php
Parsing /home/reza/woocommerce/plugins/woocommerce/vendor/yoast/phpunit-polyfills/src/Polyfills/EqualToSpecializations.php because we cannot use cache
Deep scanning /home/reza/woocommerce/plugins/woocommerce/vendor/yoast/phpunit-polyfills/src/Polyfills/EqualToSpecializations.php
Parsing /home/reza/woocommerce/plugins/woocommerce/vendor/yoast/phpunit-polyfills/src/Polyfills/EqualToSpecializations_Empty.php because we cannot use cache
Deep scanning /home/reza/woocommerce/plugins/woocommerce/vendor/yoast/phpunit-polyfills/src/Polyfills/EqualToSpecializations_Empty.php
Parsing /home/reza/woocommerce/plugins/woocommerce/vendor/yoast/phpunit-polyfills/src/Polyfills/AssertionRenames.php because we cannot use cache
Deep scanning /home/reza/woocommerce/plugins/woocommerce/vendor/yoast/phpunit-polyfills/src/Polyfills/AssertionRenames.php
Parsing /home/reza/woocommerce/plugins/woocommerce/vendor/yoast/phpunit-polyfills/src/Polyfills/AssertionRenames_Empty.php because we cannot use cache
Deep scanning /home/reza/woocommerce/plugins/woocommerce/vendor/yoast/phpunit-polyfills/src/Polyfills/AssertionRenames_Empty.php
Parsing /home/reza/woocommerce/plugins/woocommerce/vendor/yoast/phpunit-polyfills/src/Polyfills/AssertClosedResource.php because we cannot use cache
Deep scanning /home/reza/woocommerce/plugins/woocommerce/vendor/yoast/phpunit-polyfills/src/Polyfills/AssertClosedResource.php
Parsing /home/reza/woocommerce/plugins/woocommerce/vendor/yoast/phpunit-polyfills/src/Polyfills/AssertClosedResource_Empty.php because we cannot use cache
Deep scanning /home/reza/woocommerce/plugins/woocommerce/vendor/yoast/phpunit-polyfills/src/Polyfills/AssertClosedResource_Empty.php
Parsing /home/reza/woocommerce/plugins/woocommerce/vendor/yoast/phpunit-polyfills/src/Polyfills/AssertObjectEquals.php because we cannot use cache
Deep scanning /home/reza/woocommerce/plugins/woocommerce/vendor/yoast/phpunit-polyfills/src/Polyfills/AssertObjectEquals.php
Parsing /home/reza/woocommerce/plugins/woocommerce/vendor/yoast/phpunit-polyfills/src/Polyfills/AssertObjectEquals_Empty.php because we cannot use cache
Deep scanning /home/reza/woocommerce/plugins/woocommerce/vendor/yoast/phpunit-polyfills/src/Polyfills/AssertObjectEquals_Empty.php
Parsing /home/reza/woocommerce/plugins/woocommerce/vendor/yoast/phpunit-polyfills/src/Polyfills/AssertIsList.php because we cannot use cache
Deep scanning /home/reza/woocommerce/plugins/woocommerce/vendor/yoast/phpunit-polyfills/src/Polyfills/AssertIsList.php
Parsing /home/reza/woocommerce/plugins/woocommerce/vendor/yoast/phpunit-polyfills/src/Polyfills/AssertIsList_Empty.php because we cannot use cache
Deep scanning /home/reza/woocommerce/plugins/woocommerce/vendor/yoast/phpunit-polyfills/src/Polyfills/AssertIsList_Empty.php
Parsing /home/reza/woocommerce/plugins/woocommerce/vendor/yoast/phpunit-polyfills/src/Polyfills/AssertIgnoringLineEndings.php because we cannot use cache
Deep scanning /home/reza/woocommerce/plugins/woocommerce/vendor/yoast/phpunit-polyfills/src/Polyfills/AssertIgnoringLineEndings.php
Parsing /home/reza/woocommerce/plugins/woocommerce/vendor/yoast/phpunit-polyfills/src/Polyfills/AssertIgnoringLineEndings_Empty.php because we cannot use cache
Deep scanning /home/reza/woocommerce/plugins/woocommerce/vendor/yoast/phpunit-polyfills/src/Polyfills/AssertIgnoringLineEndings_Empty.php
Parsing /home/reza/woocommerce/plugins/woocommerce/vendor/yoast/phpunit-polyfills/src/Polyfills/AssertObjectProperty.php because we cannot use cache
Deep scanning /home/reza/woocommerce/plugins/woocommerce/vendor/yoast/phpunit-polyfills/src/Polyfills/AssertObjectProperty.php
Parsing /home/reza/woocommerce/plugins/woocommerce/vendor/yoast/phpunit-polyfills/src/Polyfills/AssertObjectProperty_Empty.php because we cannot use cache
Deep scanning /home/reza/woocommerce/plugins/woocommerce/vendor/yoast/phpunit-polyfills/src/Polyfills/AssertObjectProperty_Empty.php
Parsing /home/reza/woocommerce/plugins/woocommerce/vendor/yoast/phpunit-polyfills/src/TestCases/TestCasePHPUnitLte7.php because we cannot use cache
Deep scanning /home/reza/woocommerce/plugins/woocommerce/vendor/yoast/phpunit-polyfills/src/TestCases/TestCasePHPUnitLte7.php
Parsing /home/reza/woocommerce/plugins/woocommerce/vendor/yoast/phpunit-polyfills/src/TestCases/TestCasePHPUnitGte8.php because we cannot use cache
Deep scanning /home/reza/woocommerce/plugins/woocommerce/vendor/yoast/phpunit-polyfills/src/TestCases/TestCasePHPUnitGte8.php
Parsing /home/reza/woocommerce/plugins/woocommerce/vendor/yoast/phpunit-polyfills/src/TestListeners/TestListenerDefaultImplementationPHPUnitLte5.php because we cannot use cache
Deep scanning /home/reza/woocommerce/plugins/woocommerce/vendor/yoast/phpunit-polyfills/src/TestListeners/TestListenerDefaultImplementationPHPUnitLte5.php
Parsing /home/reza/woocommerce/plugins/woocommerce/vendor/yoast/phpunit-polyfills/src/TestListeners/TestListenerDefaultImplementationPHPUnit6.php because we cannot use cache
Deep scanning /home/reza/woocommerce/plugins/woocommerce/vendor/yoast/phpunit-polyfills/src/TestListeners/TestListenerDefaultImplementationPHPUnit6.php
Parsing /home/reza/woocommerce/plugins/woocommerce/vendor/yoast/phpunit-polyfills/src/TestListeners/TestListenerDefaultImplementationPHPUnitGte7.php because we cannot use cache
Deep scanning /home/reza/woocommerce/plugins/woocommerce/vendor/yoast/phpunit-polyfills/src/TestListeners/TestListenerDefaultImplementationPHPUnitGte7.php
Parsing /home/reza/woocommerce/plugins/woocommerce/bin/composer/psalm/vendor/composer/ClassLoader.php because we cannot use cache
Deep scanning /home/reza/woocommerce/plugins/woocommerce/bin/composer/psalm/vendor/composer/ClassLoader.php
Parsing /home/reza/woocommerce/plugins/woocommerce/bin/composer/psalm/vendor/symfony/polyfill-php84/bootstrap72.php because we cannot use cache
Deep scanning /home/reza/woocommerce/plugins/woocommerce/bin/composer/psalm/vendor/symfony/polyfill-php84/bootstrap72.php
Parsing /home/reza/woocommerce/plugins/woocommerce/vendor/wordpress/abilities-api/includes/rest-api/endpoints/class-wp-rest-abilities-v1-categories-controller.php because we cannot use cache
Deep scanning /home/reza/woocommerce/plugins/woocommerce/vendor/wordpress/abilities-api/includes/rest-api/endpoints/class-wp-rest-abilities-v1-categories-controller.php
Parsing /home/reza/woocommerce/plugins/woocommerce/vendor/wordpress/abilities-api/includes/rest-api/endpoints/class-wp-rest-abilities-v1-run-controller.php because we cannot use cache
Deep scanning /home/reza/woocommerce/plugins/woocommerce/vendor/wordpress/abilities-api/includes/rest-api/endpoints/class-wp-rest-abilities-v1-run-controller.php
Parsing /home/reza/woocommerce/plugins/woocommerce/vendor/wordpress/abilities-api/includes/rest-api/endpoints/class-wp-rest-abilities-v1-list-controller.php because we cannot use cache
Deep scanning /home/reza/woocommerce/plugins/woocommerce/vendor/wordpress/abilities-api/includes/rest-api/endpoints/class-wp-rest-abilities-v1-list-controller.php
Using reflection to get metadata for RuntimeException
Using reflection to get metadata for Closure
Using reflection to get metadata for InvalidArgumentException
Using composer to locate file for Symfony\Polyfill\Php80\Php80
Using composer to locate file for Symfony\Polyfill\Mbstring\Mbstring
Using composer to locate file for Symfony\Polyfill\Ctype\Ctype
Using composer to locate file for DeepCopy\DeepCopy
Using composer to locate file for Symfony\Polyfill\Intl\Grapheme\Grapheme
Using reflection to locate file for false
Using composer to locate file for Symfony\Polyfill\Intl\Normalizer\Normalizer
Using composer to locate file for PHPUnit\Framework\ExpectationFailedException
Using composer to locate file for SebastianBergmann\RecursionContext\InvalidArgumentException
Using composer to locate file for PHPUnit\Framework\Exception
Using reflection to get metadata for ArrayAccess
Using composer to locate file for PHPUnit\Framework\Assert
Using reflection to get metadata for Countable
Using composer to locate file for PHPUnit\Util\Exception
Using composer to locate file for PHPUnit\Util\Xml\Exception
Using reflection to get metadata for DOMDocument
Using reflection to get metadata for DOMDocumentType
Using reflection to get metadata for DOMNamedNodeMap
Using reflection to get metadata for DOMElement
Using reflection to get metadata for DOMImplementation
Using composer to locate file for PHPUnit\Framework\AssertionFailedError
Using composer to locate file for PHPUnit\Framework\Constraint\Constraint
Using composer to locate file for PHPUnit\Framework\Constraint\LogicalAnd
Using composer to locate file for PHPUnit\Framework\Constraint\LogicalOr
Using composer to locate file for PHPUnit\Framework\Constraint\LogicalNot
Using composer to locate file for PHPUnit\Framework\Constraint\LogicalXor
Using composer to locate file for PHPUnit\Framework\Constraint\IsAnything
Using composer to locate file for PHPUnit\Framework\Constraint\IsTrue
Using composer to locate file for PHPUnit\Framework\Constraint\Callback
Using composer to locate file for PHPUnit\Framework\Constraint\IsFalse
Using composer to locate file for PHPUnit\Framework\Constraint\IsJson
Using composer to locate file for PHPUnit\Framework\Constraint\IsNull
Using composer to locate file for PHPUnit\Framework\Constraint\IsFinite
Using composer to locate file for PHPUnit\Framework\Constraint\IsInfinite
Using composer to locate file for PHPUnit\Framework\Constraint\IsNan
Using composer to locate file for PHPUnit\Framework\Constraint\TraversableContainsEqual
Using composer to locate file for PHPUnit\Framework\Constraint\TraversableContainsIdentical
Using composer to locate file for PHPUnit\Framework\Constraint\TraversableContainsOnly
Using composer to locate file for PHPUnit\Framework\Constraint\ArrayHasKey
Using composer to locate file for PHPUnit\Framework\Constraint\IsEqual
Using composer to locate file for PHPUnit\Framework\Constraint\IsEqualCanonicalizing
Using composer to locate file for PHPUnit\Framework\Constraint\IsEqualIgnoringCase
Using composer to locate file for PHPUnit\Framework\Constraint\IsEqualWithDelta
Using composer to locate file for PHPUnit\Framework\Constraint\IsEmpty
Using composer to locate file for PHPUnit\Framework\Constraint\IsWritable
Using composer to locate file for PHPUnit\Framework\Constraint\IsReadable
Using composer to locate file for PHPUnit\Framework\Constraint\DirectoryExists
Using composer to locate file for PHPUnit\Framework\Constraint\FileExists
Using composer to locate file for PHPUnit\Framework\Constraint\GreaterThan
Using composer to locate file for PHPUnit\Framework\Constraint\ClassHasAttribute
Using composer to locate file for PHPUnit\Framework\Constraint\ClassHasStaticAttribute
Using composer to locate file for PHPUnit\Framework\Constraint\ObjectHasAttribute
Using composer to locate file for PHPUnit\Framework\Constraint\IsIdentical
Using composer to locate file for PHPUnit\Framework\Constraint\IsInstanceOf
Using composer to locate file for PHPUnit\Framework\Constraint\IsType
Using composer to locate file for PHPUnit\Framework\Constraint\LessThan
Using composer to locate file for PHPUnit\Framework\Constraint\RegularExpression
Using composer to locate file for PHPUnit\Framework\Constraint\StringMatchesFormatDescription
Using composer to locate file for PHPUnit\Framework\Constraint\StringStartsWith
Using composer to locate file for PHPUnit\Framework\Constraint\StringContains
Using composer to locate file for PHPUnit\Framework\Constraint\StringEndsWith
Using composer to locate file for PHPUnit\Framework\Constraint\Count
Using composer to locate file for PHPUnit\Framework\Constraint\ObjectEquals
Using composer to locate file for PHPUnit\Framework\MockObject\Rule\AnyInvokedCount
Using composer to locate file for PHPUnit\Framework\MockObject\Rule\InvokedCount
Using composer to locate file for PHPUnit\Framework\MockObject\Rule\InvokedAtLeastCount
Using composer to locate file for PHPUnit\Framework\MockObject\Rule\InvokedAtLeastOnce
Using composer to locate file for PHPUnit\Framework\MockObject\Rule\InvokedAtMostCount
Using composer to locate file for PHPUnit\Framework\MockObject\Rule\InvokedAtIndex
Using composer to locate file for PHPUnit\Framework\MockObject\Stub\ReturnStub
Using composer to locate file for PHPUnit\Framework\MockObject\Stub\ReturnValueMap
Using composer to locate file for PHPUnit\Framework\MockObject\Stub\ReturnArgument
Using composer to locate file for PHPUnit\Framework\MockObject\Stub\ReturnCallback
Using composer to locate file for PHPUnit\Framework\MockObject\Stub\ReturnSelf
Using reflection to get metadata for Throwable
Using composer to locate file for PHPUnit\Framework\MockObject\Stub\Exception
Using composer to locate file for PHPUnit\Framework\MockObject\Stub\ConsecutiveCalls
Using reflection to locate file for ResourceBundle
Using reflection to get metadata for SimpleXMLElement
Using composer to locate file for Symfony\Polyfill\Php73\Php73
Using reflection to locate file for Symfony\Component\String\u
Using composer to locate file for Symfony\Component\String\UnicodeString
Using reflection to locate file for Symfony\Component\String\b
Using composer to locate file for Symfony\Component\String\ByteString
Using reflection to locate file for Symfony\Component\String\s
Using composer to locate file for Symfony\Component\String\AbstractString
Using composer to locate file for Automattic\Jetpack\Assets
Using composer to locate file for Automattic\Jetpack\Assets\Script_Data
Using reflection to get metadata for Exception
Using reflection to locate file for Symfony\Polyfill\Php81\Php81
Using reflection to locate file for Symfony\Polyfill\Php83\Php83
Using reflection to locate file for Symfony\Polyfill\Php83\Php84
Using reflection to locate file for Symfony\Polyfill\Php83\Php85
Using composer to locate file for Wikimedia\AtEase\AtEase
Using composer to locate file for Automattic\Jetpack\Connection\Connection_Assets
Using composer to locate file for PHPUnit\Runner\Version
Using reflection to locate file for PHPUnit_Runner_Version
Using composer to locate file for Mockery\LegacyMockInterface
Using composer to locate file for Mockery\MockInterface
Using composer to locate file for Mockery\Matcher\AnyArgs
Using composer to locate file for Mockery\Matcher\AndAnyOtherArgs
Using composer to locate file for Mockery\Configuration
Using composer to locate file for Mockery\Container
Using composer to locate file for Mockery\Generator\Generator
Using composer to locate file for Mockery\Loader\Loader
Using composer to locate file for Mockery\Matcher\Any
Using composer to locate file for Mockery\Matcher\AnyOf
Using composer to locate file for Mockery\Matcher\Closure
Using composer to locate file for Mockery\Matcher\Contains
Using composer to locate file for Mockery\Matcher\Ducktype
Using composer to locate file for Mockery\Generator\CachingGenerator
Using composer to locate file for Mockery\Generator\StringManipulationGenerator
Using composer to locate file for Mockery\Loader\EvalLoader
Using composer to locate file for Mockery\Matcher\HasKey
Using composer to locate file for Mockery\Matcher\HasValue
Using composer to locate file for Mockery\Matcher\IsEqual
Using composer to locate file for Mockery\Matcher\IsSame
Using composer to locate file for Mockery\Matcher\MustBe
Using composer to locate file for Mockery\Generator\MockConfigurationBuilder
Using composer to locate file for Mockery\Matcher\Not
Using composer to locate file for Mockery\Matcher\NotAnyOf
Using composer to locate file for Mockery\CompositeExpectation
Using composer to locate file for Mockery\Matcher\Pattern
Using reflection to get metadata for LogicException
Using composer to locate file for Mockery\ClosureWrapper
Using composer to locate file for Mockery\Matcher\Subset
Using composer to locate file for Mockery\Matcher\Type
Using composer to locate file for Mockery\Exception
Using composer to locate file for Mockery\ExpectationInterface
Using reflection to get metadata for ReflectionClass
Using reflection to get metadata for ReflectionProperty
Using composer to locate file for Mockery\Matcher\MatcherInterface
Using reflection to get metadata for ReflectionObject
Using composer to locate file for Mockery\Reflector
Using composer to locate file for Mockery\Generator\MockNameBuilder
Using composer to locate file for PHPUnit\Framework\TestCase
Using reflection to locate file for Automattic\WooCommerce\Blocks\StoreApi\Routes\RouteException
Using reflection to locate file for Automattic\WooCommerce\Blocks\Domain\Services\ExtendRestApi
Using reflection to locate file for Automattic\WooCommerce\Blocks\StoreApi\SchemaController
Using reflection to locate file for Automattic\WooCommerce\Blocks\StoreApi\RoutesController
Using reflection to locate file for Automattic\WooCommerce\Blocks\StoreApi\Formatters
Using reflection to locate file for Automattic\WooCommerce\Blocks\Payments\PaymentResult
Using reflection to locate file for Automattic\WooCommerce\Blocks\Payments\PaymentContext
Using reflection to locate file for Automattic\WooCommerce\Blocks\StoreApi\Schemas\AbstractAddressSchema
Using reflection to locate file for Automattic\WooCommerce\Blocks\StoreApi\Schemas\AbstractSchema
Using reflection to locate file for Automattic\WooCommerce\Blocks\StoreApi\Schemas\BillingAddressSchema
Using reflection to locate file for Automattic\WooCommerce\Blocks\StoreApi\Schemas\CartCouponSchema
Using reflection to locate file for Automattic\WooCommerce\Blocks\StoreApi\Schemas\CartExtensionsSchema
Using reflection to locate file for Automattic\WooCommerce\Blocks\StoreApi\Schemas\CartFeeSchema
Using reflection to locate file for Automattic\WooCommerce\Blocks\StoreApi\Schemas\CartItemSchema
Using reflection to locate file for Automattic\WooCommerce\Blocks\StoreApi\Schemas\CartSchema
Using reflection to locate file for Automattic\WooCommerce\Blocks\StoreApi\Schemas\CartShippingRateSchema
Using reflection to locate file for Automattic\WooCommerce\Blocks\StoreApi\Schemas\CheckoutSchema
Using reflection to locate file for Automattic\WooCommerce\Blocks\StoreApi\Schemas\ErrorSchema
Using reflection to locate file for Automattic\WooCommerce\Blocks\StoreApi\Schemas\ImageAttachmentSchema
Using reflection to locate file for Automattic\WooCommerce\Blocks\StoreApi\Schemas\OrderCouponSchema
Using reflection to locate file for Automattic\WooCommerce\Blocks\StoreApi\Schemas\ProductAttributeSchema
Using reflection to locate file for Automattic\WooCommerce\Blocks\StoreApi\Schemas\ProductCategorySchema
Using reflection to locate file for Automattic\WooCommerce\Blocks\StoreApi\Schemas\ProductCollectionDataSchema
Using reflection to locate file for Automattic\WooCommerce\Blocks\StoreApi\Schemas\ProductReviewSchema
Using reflection to locate file for Automattic\WooCommerce\Blocks\StoreApi\Schemas\ProductSchema
Using reflection to locate file for Automattic\WooCommerce\Blocks\StoreApi\Schemas\ShippingAddressSchema
Using reflection to locate file for Automattic\WooCommerce\Blocks\StoreApi\Schemas\TermSchema
Using reflection to locate file for Automattic\WooCommerce\Blocks\StoreApi\Routes\AbstractCartRoute
Using reflection to locate file for Automattic\WooCommerce\Blocks\StoreApi\Routes\AbstractRoute
Using reflection to locate file for Automattic\WooCommerce\Blocks\StoreApi\Routes\AbstractTermsRoute
Using reflection to locate file for Automattic\WooCommerce\Blocks\StoreApi\Routes\Batch
Using reflection to locate file for Automattic\WooCommerce\Blocks\StoreApi\Routes\Cart
Using reflection to locate file for Automattic\WooCommerce\Blocks\StoreApi\Routes\CartAddItem
Using reflection to locate file for Automattic\WooCommerce\Blocks\StoreApi\Routes\CartApplyCoupon
Using reflection to locate file for Automattic\WooCommerce\Blocks\StoreApi\Routes\CartCoupons
Using reflection to locate file for Automattic\WooCommerce\Blocks\StoreApi\Routes\CartCouponsByCode
Using reflection to locate file for Automattic\WooCommerce\Blocks\StoreApi\Routes\CartExtensions
Using reflection to locate file for Automattic\WooCommerce\Blocks\StoreApi\Routes\CartItems
Using reflection to locate file for Automattic\WooCommerce\Blocks\StoreApi\Routes\CartItemsByKey
Using reflection to locate file for Automattic\WooCommerce\Blocks\StoreApi\Routes\CartRemoveCoupon
Using reflection to locate file for Automattic\WooCommerce\Blocks\StoreApi\Routes\CartRemoveItem
Using reflection to locate file for Automattic\WooCommerce\Blocks\StoreApi\Routes\CartSelectShippingRate
Using reflection to locate file for Automattic\WooCommerce\Blocks\StoreApi\Routes\CartUpdateCustomer
Using reflection to locate file for Automattic\WooCommerce\Blocks\StoreApi\Routes\CartUpdateItem
Using reflection to locate file for Automattic\WooCommerce\Blocks\StoreApi\Routes\Checkout
Using reflection to locate file for Automattic\WooCommerce\Blocks\StoreApi\Routes\ProductAttributes
Using reflection to locate file for Automattic\WooCommerce\Blocks\StoreApi\Routes\ProductAttributesById
Using reflection to locate file for Automattic\WooCommerce\Blocks\StoreApi\Routes\ProductAttributeTerms
Using reflection to locate file for Automattic\WooCommerce\Blocks\StoreApi\Routes\ProductCategories
Using reflection to locate file for Automattic\WooCommerce\Blocks\StoreApi\Routes\ProductCategoriesById
Using reflection to locate file for Automattic\WooCommerce\Blocks\StoreApi\Routes\ProductCollectionData
Using reflection to locate file for Automattic\WooCommerce\Blocks\StoreApi\Routes\ProductReviews
Using reflection to locate file for Automattic\WooCommerce\Blocks\StoreApi\Routes\Products
Using reflection to locate file for Automattic\WooCommerce\Blocks\StoreApi\Routes\ProductsById
Using reflection to locate file for Automattic\WooCommerce\Blocks\StoreApi\Routes\ProductTags
Using reflection to locate file for Automattic\WooCommerce\StoreApi\Schemas\FormatterInterface
Using reflection to get metadata for stdClass
Using composer to locate file for Automattic\WooCommerce\StoreApi\Schemas\V1\BatchSchema
Using composer to locate file for Automattic\WooCommerce\StoreApi\Schemas\V1\CheckoutOrderSchema
Using composer to locate file for Automattic\WooCommerce\StoreApi\Schemas\V1\OrderItemSchema
Using composer to locate file for Automattic\WooCommerce\StoreApi\Schemas\V1\OrderFeeSchema
Using composer to locate file for Automattic\WooCommerce\StoreApi\Schemas\V1\OrderSchema
Using composer to locate file for Automattic\WooCommerce\StoreApi\Schemas\V1\ProductAttributeTermSchema
Using composer to locate file for Automattic\WooCommerce\StoreApi\Schemas\V1\ProductBrandSchema
Using composer to locate file for Automattic\WooCommerce\StoreApi\Schemas\V1\PatternsSchema
Using composer to locate file for Automattic\WooCommerce\StoreApi\Schemas\V1\ShopperListSchema
Using composer to locate file for Automattic\WooCommerce\StoreApi\Schemas\V1\ShopperListItemSchema
Using composer to locate file for Automattic\WooCommerce\StoreApi\Routes\V1\CheckoutOrder
Using composer to locate file for Automattic\WooCommerce\StoreApi\Routes\V1\Order
Using composer to locate file for Automattic\WooCommerce\StoreApi\Routes\V1\ProductBrands
Using composer to locate file for Automattic\WooCommerce\StoreApi\Routes\V1\ProductBrandsById
Using composer to locate file for Automattic\WooCommerce\StoreApi\Routes\V1\ProductsBySlug
Using composer to locate file for Automattic\WooCommerce\StoreApi\Routes\V1\Patterns
Using composer to locate file for Automattic\WooCommerce\StoreApi\Routes\V1\ShopperLists
Using composer to locate file for Automattic\WooCommerce\StoreApi\Routes\V1\ShopperListsBySlug
Using composer to locate file for Automattic\WooCommerce\StoreApi\Routes\V1\ShopperListItems
Using composer to locate file for Automattic\WooCommerce\StoreApi\Routes\V1\ShopperListItemsByKey
Using composer to locate file for Automattic\WooCommerce\Internal\ShopperLists\ShopperListsController
Using reflection to locate file for Automattic\WooCommerce\StoreApi\FormatterInterface
Using composer to locate file for Automattic\WooCommerce\StoreApi\Formatters\DefaultFormatter
Using reflection to locate file for WC_Order
Using reflection to locate file for WC_Payment_Gateway
Using composer to locate file for Automattic\WooCommerce\Blocks\Domain\Services\CheckoutFields
Using composer to locate file for Automattic\WooCommerce\Blocks\Package
Using reflection to locate file for WP_REST_Request
Using composer to locate file for Automattic\WooCommerce\StoreApi\Utilities\ValidationUtils
Using composer to locate file for Automattic\WooCommerce\StoreApi\Utilities\SanitizationUtils
Using reflection to locate file for WP_Error
Using reflection to locate file for WC_Validation
Using composer to locate file for Automattic\WooCommerce\Utilities\TimeUtil
Using reflection to locate file for Automattic\WooCommerce\StoreApi\Schemas\V1\stdClass
Using reflection to locate file for Automattic\WooCommerce\StoreApi\Schemas\V1\function
Using reflection to locate file for WP_REST_Server
Using reflection to locate file for WC_Customer
Using reflection to locate file for WC_Coupon
Using composer to locate file for Automattic\WooCommerce\StoreApi\Utilities\CartController
Using reflection to locate file for WC_Product
Using composer to locate file for Automattic\WooCommerce\StoreApi\Utilities\QuantityLimits
Using composer to locate file for Automattic\WooCommerce\Blocks\Utils\ProductAvailabilityUtils
Using composer to locate file for Automattic\WooCommerce\Blocks\Utils\ProductDescriptionUtils
Using composer to locate file for Automattic\WooCommerce\Enums\ProductType
Using composer to locate file for Automattic\WooCommerce\Enums\ProductStockStatus
Using composer to locate file for Automattic\WooCommerce\Enums\StockDisplayFormat
Using reflection to locate file for WC_Product_Attribute
Using reflection to locate file for WP_Term
Using composer to locate file for Automattic\WooCommerce\Enums\TaxDisplayMode
Using reflection to locate file for WC_Cart
Using composer to locate file for Automattic\WooCommerce\Internal\Utilities\ProductUtil
Using composer to locate file for Automattic\WooCommerce\Enums\WeightUnit
Using composer to locate file for Automattic\WooCommerce\Internal\Tax\TaxRateDataStore
Using reflection to locate file for WC_Tax
Using reflection to locate file for Automattic\WooCommerce\StoreApi\Schemas\V1\WC_Shipping_Rate
Using composer to locate file for Automattic\WooCommerce\StoreApi\Utilities\PaymentUtils
Using reflection to locate file for WC_Data
Using reflection to locate file for WC_Order_Item_Coupon
Using reflection to locate file for WP_Comment
Using composer to locate file for Automattic\WooCommerce\StoreApi\Utilities\OrderController
Using reflection to locate file for WP_REST_Response
Using reflection to locate file for WC_Cart_Session
Using composer to locate file for Automattic\WooCommerce\StoreApi\SessionHandler
Using composer to locate file for Automattic\WooCommerce\StoreApi\Utilities\CartTokenUtils
Using composer to locate file for Automattic\WooCommerce\StoreApi\Exceptions\InvalidCartException
Using reflection to locate file for WP_Term_Query
Using composer to locate file for Automattic\WooCommerce\StoreApi\Utilities\Pagination
Using reflection to locate file for WC_Rest_Exception
Using reflection to locate file for WC_Discounts
Using composer to locate file for Automattic\WooCommerce\Checkout\Helpers\ReserveStockException
Using composer to locate file for Automattic\Jetpack\Constants
Using composer to locate file for Automattic\WooCommerce\Enums\OrderStatus
Using composer to locate file for Automattic\WooCommerce\Blocks\Domain\Services\CheckoutFieldsSchema\DocumentObject
Using composer to locate file for Automattic\WooCommerce\Internal\ProductAttributes\VisualAttributeTermMeta
Using composer to locate file for Automattic\WooCommerce\StoreApi\Utilities\ProductQueryFilters
Using composer to locate file for Automattic\WooCommerce\Enums\ProductStatus
Using reflection to locate file for WP_Comment_Query
Using reflection to locate file for WP_Post
Using composer to locate file for Automattic\WooCommerce\StoreApi\Utilities\ProductQuery
Using composer to locate file for Automattic\WooCommerce\Enums\CatalogVisibility
Using composer to locate file for Automattic\WooCommerce\StoreApi\StoreApi
Using composer to locate file for Automattic\WooCommerce\StoreApi\Formatters\FormatterInterface
Using reflection to locate file for Automattic\WooCommerce\Admin\Features\Navigation\Screen
Using reflection to locate file for Automattic\WooCommerce\Admin\Features\Navigation\Menu
Using reflection to locate file for Automattic\WooCommerce\Admin\Features\Navigation\CoreMenu
Using reflection to locate file for WC_Tracks
Using composer to locate file for Automattic\WooCommerce\Autoloader
Using reflection to locate file for Amp\mixed
Using reflection to locate file for Amp\Future
Using reflection to locate file for Amp\Internal\FutureState
Using reflection to locate file for Revolt\EventLoop
Using reflection to locate file for Amp\Cancellation
Using reflection to locate file for Amp\CancelledException
Using reflection to locate file for Revolt\EventLoop\UnsupportedFeatureException
Using reflection to get metadata for ReflectionFunction
Using reflection to get metadata for WeakReference
Using reflection to get metadata for Error
Using reflection to locate file for Amp\Future\mixed
Using reflection to locate file for Amp\CompositeLengthException
Using reflection to locate file for Amp\CompositeException
Using reflection to get metadata for ValueError
Using reflection to locate file for Amp\Sync\Semaphore
Using reflection to locate file for Amp\Sync\mixed
Using reflection to locate file for Revolt\EventLoop\FiberLocal
Using reflection to get metadata for WeakMap
Using reflection to locate file for Amp\Sync\Channel
Using reflection to locate file for Amp\Pipeline\Queue
Using reflection to locate file for Amp\Sync\Internal\ConcurrentIteratorChannel
Using reflection to locate file for Amp\ByteStream\ReadableStream
Using reflection to locate file for Amp\ByteStream\WritableStream
Using reflection to locate file for Amp\ByteStream\BufferException
Using reflection to locate file for Amp\ByteStream\ReadableResourceStream
Using reflection to locate file for Amp\ByteStream\WritableResourceStream
Using reflection to get metadata for Traversable
Using reflection to get metadata for JsonException
Using reflection to get metadata for ReflectionExtension
Using reflection to locate file for Amp\Dns\DnsResolver
Using reflection to locate file for Amp\Dns\Rfc1035StubDnsResolver
Using reflection to locate file for Amp\Dns\DnsException
Using reflection to locate file for Amp\Dns\InvalidNameException
Using reflection to locate file for League\Uri\UriString
Using reflection to locate file for Amp\Socket\TlsException
Using reflection to locate file for Amp\NullCancellation
Using reflection to locate file for Amp\Socket\Internal\never
Using reflection to locate file for Amp\Socket\Internal\false
Using reflection to locate file for Amp\Socket\SocketAddress
Using reflection to locate file for Amp\Socket\SocketException
Using reflection to locate file for Amp\Socket\UnixAddress
Using reflection to locate file for Amp\Socket\InternetAddress
Using reflection to locate file for Symfony\Polyfill\Php85\Php85
Using reflection to locate file for Amp\Parallel\Context\Context
Using reflection to locate file for Amp\Parallel\Context\ContextFactory
Using reflection to locate file for Amp\Parallel\Context\DefaultContextFactory
Using reflection to locate file for Amp\Parallel\Context\mixed
Using reflection to locate file for Amp\Serialization\Serializer
Using reflection to locate file for Amp\Serialization\NativeSerializer
Using reflection to locate file for Amp\ByteStream\StreamChannel
Using reflection to get metadata for TypeError
Using reflection to get metadata for ParseError
Using reflection to locate file for Amp\Parallel\Context\Internal\ContextChannel
Using reflection to locate file for Amp\Parallel\Context\Internal\ExitSuccess
Using reflection to locate file for Amp\Parallel\Context\Internal\ExitFailure
Using reflection to locate file for Amp\Sync\ChannelException
Using reflection to locate file for Amp\Serialization\SerializationException
Using reflection to locate file for Amp\Socket\Socket
Using reflection to locate file for Amp\Parallel\Ipc\SocketIpcHub
Using reflection to locate file for Amp\Socket\SocketConnector
Using reflection to locate file for Amp\Parallel\Worker\WorkerPool
Using reflection to locate file for Amp\Parallel\Worker\ContextWorkerPool
Using reflection to locate file for Amp\Parallel\Worker\Task
Using reflection to locate file for Amp\Parallel\Worker\Execution
Using reflection to locate file for Amp\Parallel\Worker\Worker
Using reflection to locate file for Amp\Parallel\Worker\WorkerFactory
Using reflection to locate file for Amp\Parallel\Worker\ContextWorkerFactory
Using reflection to locate file for Symfony\Polyfill\Php84\Php84
Using reflection to get metadata for RoundingMode
Using reflection to get metadata for Phar
Using reflection to get metadata for OutOfBoundsException
Using reflection to locate file for Composer\Semver\VersionParser
Using composer to locate file for PHPUnit\Framework\InvalidArgumentException
Using reflection to locate file for PHPUnit\Util\InvalidArgumentHelper
Using reflection to locate file for DMS\PHPUnitExtensions\ArraySubset\Constraint\ArraySubset
Using reflection to locate file for PHPUnit_Framework_Constraint_IsEqual
Using reflection to locate file for Yoast\PHPUnitPolyfills\Helpers\ResourceHelper
Using composer to locate file for SebastianBergmann\Exporter\Exporter
Using reflection to locate file for PHPUnitPHAR\SebastianBergmann\Exporter\Exporter
Using reflection to locate file for PHPUnit\SebastianBergmann\Exporter\Exporter
Using reflection to locate file for Yoast\PHPUnitPolyfills\Exceptions\InvalidComparisonMethodException
Using reflection to get metadata for ReflectionNamedType
Using reflection to get metadata for ReflectionType
Using reflection to get metadata for ReflectionException
Using reflection to locate file for Yoast\PHPUnitPolyfills\Helpers\AssertAttributeHelper
Using reflection to locate file for Yoast\PHPUnitPolyfills\TestListeners\TestListenerSnakeCaseMethods
Using reflection to locate file for PHPUnit_Framework_Test
Using reflection to locate file for PHPUnit_Framework_Warning
Using reflection to locate file for PHPUnit_Framework_AssertionFailedError
Using reflection to locate file for PHPUnit_Framework_TestSuite
Using reflection to locate file for WP_REST_Controller
Parsing /home/reza/woocommerce/plugins/woocommerce/vendor/symfony/polyfill-php80/Php80.php because we cannot use cache
Scanning /home/reza/woocommerce/plugins/woocommerce/vendor/symfony/polyfill-php80/Php80.php
Parsing /home/reza/woocommerce/plugins/woocommerce/vendor/symfony/polyfill-mbstring/Mbstring.php because we cannot use cache
Scanning /home/reza/woocommerce/plugins/woocommerce/vendor/symfony/polyfill-mbstring/Mbstring.php
Parsing /home/reza/woocommerce/plugins/woocommerce/vendor/symfony/polyfill-ctype/Ctype.php because we cannot use cache
Scanning /home/reza/woocommerce/plugins/woocommerce/vendor/symfony/polyfill-ctype/Ctype.php
Parsing /home/reza/woocommerce/plugins/woocommerce/vendor/myclabs/deep-copy/src/DeepCopy/DeepCopy.php because we cannot use cache
Scanning /home/reza/woocommerce/plugins/woocommerce/vendor/myclabs/deep-copy/src/DeepCopy/DeepCopy.php
Parsing /home/reza/woocommerce/plugins/woocommerce/vendor/symfony/polyfill-intl-grapheme/Grapheme.php because we cannot use cache
Scanning /home/reza/woocommerce/plugins/woocommerce/vendor/symfony/polyfill-intl-grapheme/Grapheme.php
Parsing /home/reza/woocommerce/plugins/woocommerce/vendor/symfony/polyfill-intl-normalizer/Normalizer.php because we cannot use cache
Scanning /home/reza/woocommerce/plugins/woocommerce/vendor/symfony/polyfill-intl-normalizer/Normalizer.php
Parsing /home/reza/woocommerce/plugins/woocommerce/vendor/phpunit/phpunit/src/Framework/Exception/ExpectationFailedException.php because we cannot use cache
Scanning /home/reza/woocommerce/plugins/woocommerce/vendor/phpunit/phpunit/src/Framework/Exception/ExpectationFailedException.php
Parsing /home/reza/woocommerce/plugins/woocommerce/vendor/sebastian/recursion-context/src/InvalidArgumentException.php because we cannot use cache
Scanning /home/reza/woocommerce/plugins/woocommerce/vendor/sebastian/recursion-context/src/InvalidArgumentException.php
Parsing /home/reza/woocommerce/plugins/woocommerce/vendor/phpunit/phpunit/src/Framework/Exception/Exception.php because we cannot use cache
Scanning /home/reza/woocommerce/plugins/woocommerce/vendor/phpunit/phpunit/src/Framework/Exception/Exception.php
Parsing /home/reza/woocommerce/plugins/woocommerce/vendor/phpunit/phpunit/src/Framework/Assert.php because we cannot use cache
Scanning /home/reza/woocommerce/plugins/woocommerce/vendor/phpunit/phpunit/src/Framework/Assert.php
Parsing /home/reza/woocommerce/plugins/woocommerce/vendor/phpunit/phpunit/src/Util/Exception.php because we cannot use cache
Scanning /home/reza/woocommerce/plugins/woocommerce/vendor/phpunit/phpunit/src/Util/Exception.php
Parsing /home/reza/woocommerce/plugins/woocommerce/vendor/phpunit/phpunit/src/Util/Xml/Exception.php because we cannot use cache
Scanning /home/reza/woocommerce/plugins/woocommerce/vendor/phpunit/phpunit/src/Util/Xml/Exception.php
Parsing /home/reza/woocommerce/plugins/woocommerce/vendor/phpunit/phpunit/src/Framework/Exception/AssertionFailedError.php because we cannot use cache
Scanning /home/reza/woocommerce/plugins/woocommerce/vendor/phpunit/phpunit/src/Framework/Exception/AssertionFailedError.php
Parsing /home/reza/woocommerce/plugins/woocommerce/vendor/phpunit/phpunit/src/Framework/Constraint/Constraint.php because we cannot use cache
Scanning /home/reza/woocommerce/plugins/woocommerce/vendor/phpunit/phpunit/src/Framework/Constraint/Constraint.php
Parsing /home/reza/woocommerce/plugins/woocommerce/vendor/phpunit/phpunit/src/Framework/Constraint/Operator/LogicalAnd.php because we cannot use cache
Scanning /home/reza/woocommerce/plugins/woocommerce/vendor/phpunit/phpunit/src/Framework/Constraint/Operator/LogicalAnd.php
Parsing /home/reza/woocommerce/plugins/woocommerce/vendor/phpunit/phpunit/src/Framework/Constraint/Operator/LogicalOr.php because we cannot use cache
Scanning /home/reza/woocommerce/plugins/woocommerce/vendor/phpunit/phpunit/src/Framework/Constraint/Operator/LogicalOr.php
Parsing /home/reza/woocommerce/plugins/woocommerce/vendor/phpunit/phpunit/src/Framework/Constraint/Operator/LogicalNot.php because we cannot use cache
Scanning /home/reza/woocommerce/plugins/woocommerce/vendor/phpunit/phpunit/src/Framework/Constraint/Operator/LogicalNot.php
Parsing /home/reza/woocommerce/plugins/woocommerce/vendor/phpunit/phpunit/src/Framework/Constraint/Operator/LogicalXor.php because we cannot use cache
Scanning /home/reza/woocommerce/plugins/woocommerce/vendor/phpunit/phpunit/src/Framework/Constraint/Operator/LogicalXor.php
Parsing /home/reza/woocommerce/plugins/woocommerce/vendor/phpunit/phpunit/src/Framework/Constraint/IsAnything.php because we cannot use cache
Scanning /home/reza/woocommerce/plugins/woocommerce/vendor/phpunit/phpunit/src/Framework/Constraint/IsAnything.php
Parsing /home/reza/woocommerce/plugins/woocommerce/vendor/phpunit/phpunit/src/Framework/Constraint/Boolean/IsTrue.php because we cannot use cache
Scanning /home/reza/woocommerce/plugins/woocommerce/vendor/phpunit/phpunit/src/Framework/Constraint/Boolean/IsTrue.php
Parsing /home/reza/woocommerce/plugins/woocommerce/vendor/phpunit/phpunit/src/Framework/Constraint/Callback.php because we cannot use cache
Scanning /home/reza/woocommerce/plugins/woocommerce/vendor/phpunit/phpunit/src/Framework/Constraint/Callback.php
Parsing /home/reza/woocommerce/plugins/woocommerce/vendor/phpunit/phpunit/src/Framework/Constraint/Boolean/IsFalse.php because we cannot use cache
Scanning /home/reza/woocommerce/plugins/woocommerce/vendor/phpunit/phpunit/src/Framework/Constraint/Boolean/IsFalse.php
Parsing /home/reza/woocommerce/plugins/woocommerce/vendor/phpunit/phpunit/src/Framework/Constraint/String/IsJson.php because we cannot use cache
Scanning /home/reza/woocommerce/plugins/woocommerce/vendor/phpunit/phpunit/src/Framework/Constraint/String/IsJson.php
Parsing /home/reza/woocommerce/plugins/woocommerce/vendor/phpunit/phpunit/src/Framework/Constraint/Type/IsNull.php because we cannot use cache
Scanning /home/reza/woocommerce/plugins/woocommerce/vendor/phpunit/phpunit/src/Framework/Constraint/Type/IsNull.php
Parsing /home/reza/woocommerce/plugins/woocommerce/vendor/phpunit/phpunit/src/Framework/Constraint/Math/IsFinite.php because we cannot use cache
Scanning /home/reza/woocommerce/plugins/woocommerce/vendor/phpunit/phpunit/src/Framework/Constraint/Math/IsFinite.php
Parsing /home/reza/woocommerce/plugins/woocommerce/vendor/phpunit/phpunit/src/Framework/Constraint/Math/IsInfinite.php because we cannot use cache
Scanning /home/reza/woocommerce/plugins/woocommerce/vendor/phpunit/phpunit/src/Framework/Constraint/Math/IsInfinite.php
Parsing /home/reza/woocommerce/plugins/woocommerce/vendor/phpunit/phpunit/src/Framework/Constraint/Math/IsNan.php because we cannot use cache
Scanning /home/reza/woocommerce/plugins/woocommerce/vendor/phpunit/phpunit/src/Framework/Constraint/Math/IsNan.php
Parsing /home/reza/woocommerce/plugins/woocommerce/vendor/phpunit/phpunit/src/Framework/Constraint/Traversable/TraversableContainsEqual.php because we cannot use cache
Scanning /home/reza/woocommerce/plugins/woocommerce/vendor/phpunit/phpunit/src/Framework/Constraint/Traversable/TraversableContainsEqual.php
Parsing /home/reza/woocommerce/plugins/woocommerce/vendor/phpunit/phpunit/src/Framework/Constraint/Traversable/TraversableContainsIdentical.php because we cannot use cache
Scanning /home/reza/woocommerce/plugins/woocommerce/vendor/phpunit/phpunit/src/Framework/Constraint/Traversable/TraversableContainsIdentical.php
Parsing /home/reza/woocommerce/plugins/woocommerce/vendor/phpunit/phpunit/src/Framework/Constraint/Traversable/TraversableContainsOnly.php because we cannot use cache
Scanning /home/reza/woocommerce/plugins/woocommerce/vendor/phpunit/phpunit/src/Framework/Constraint/Traversable/TraversableContainsOnly.php
Parsing /home/reza/woocommerce/plugins/woocommerce/vendor/phpunit/phpunit/src/Framework/Constraint/Traversable/ArrayHasKey.php because we cannot use cache
Scanning /home/reza/woocommerce/plugins/woocommerce/vendor/phpunit/phpunit/src/Framework/Constraint/Traversable/ArrayHasKey.php
Parsing /home/reza/woocommerce/plugins/woocommerce/vendor/phpunit/phpunit/src/Framework/Constraint/Equality/IsEqual.php because we cannot use cache
Scanning /home/reza/woocommerce/plugins/woocommerce/vendor/phpunit/phpunit/src/Framework/Constraint/Equality/IsEqual.php
Parsing /home/reza/woocommerce/plugins/woocommerce/vendor/phpunit/phpunit/src/Framework/Constraint/Equality/IsEqualCanonicalizing.php because we cannot use cache
Scanning /home/reza/woocommerce/plugins/woocommerce/vendor/phpunit/phpunit/src/Framework/Constraint/Equality/IsEqualCanonicalizing.php
Parsing /home/reza/woocommerce/plugins/woocommerce/vendor/phpunit/phpunit/src/Framework/Constraint/Equality/IsEqualIgnoringCase.php because we cannot use cache
Scanning /home/reza/woocommerce/plugins/woocommerce/vendor/phpunit/phpunit/src/Framework/Constraint/Equality/IsEqualIgnoringCase.php
Parsing /home/reza/woocommerce/plugins/woocommerce/vendor/phpunit/phpunit/src/Framework/Constraint/Equality/IsEqualWithDelta.php because we cannot use cache
Scanning /home/reza/woocommerce/plugins/woocommerce/vendor/phpunit/phpunit/src/Framework/Constraint/Equality/IsEqualWithDelta.php
Parsing /home/reza/woocommerce/plugins/woocommerce/vendor/phpunit/phpunit/src/Framework/Constraint/Cardinality/IsEmpty.php because we cannot use cache
Scanning /home/reza/woocommerce/plugins/woocommerce/vendor/phpunit/phpunit/src/Framework/Constraint/Cardinality/IsEmpty.php
Parsing /home/reza/woocommerce/plugins/woocommerce/vendor/phpunit/phpunit/src/Framework/Constraint/Filesystem/IsWritable.php because we cannot use cache
Scanning /home/reza/woocommerce/plugins/woocommerce/vendor/phpunit/phpunit/src/Framework/Constraint/Filesystem/IsWritable.php
Parsing /home/reza/woocommerce/plugins/woocommerce/vendor/phpunit/phpunit/src/Framework/Constraint/Filesystem/IsReadable.php because we cannot use cache
Scanning /home/reza/woocommerce/plugins/woocommerce/vendor/phpunit/phpunit/src/Framework/Constraint/Filesystem/IsReadable.php
Parsing /home/reza/woocommerce/plugins/woocommerce/vendor/phpunit/phpunit/src/Framework/Constraint/Filesystem/DirectoryExists.php because we cannot use cache
Scanning /home/reza/woocommerce/plugins/woocommerce/vendor/phpunit/phpunit/src/Framework/Constraint/Filesystem/DirectoryExists.php
Parsing /home/reza/woocommerce/plugins/woocommerce/vendor/phpunit/phpunit/src/Framework/Constraint/Filesystem/FileExists.php because we cannot use cache
Scanning /home/reza/woocommerce/plugins/woocommerce/vendor/phpunit/phpunit/src/Framework/Constraint/Filesystem/FileExists.php
Parsing /home/reza/woocommerce/plugins/woocommerce/vendor/phpunit/phpunit/src/Framework/Constraint/Cardinality/GreaterThan.php because we cannot use cache
Scanning /home/reza/woocommerce/plugins/woocommerce/vendor/phpunit/phpunit/src/Framework/Constraint/Cardinality/GreaterThan.php
Parsing /home/reza/woocommerce/plugins/woocommerce/vendor/phpunit/phpunit/src/Framework/Constraint/Object/ClassHasAttribute.php because we cannot use cache
Scanning /home/reza/woocommerce/plugins/woocommerce/vendor/phpunit/phpunit/src/Framework/Constraint/Object/ClassHasAttribute.php
Parsing /home/reza/woocommerce/plugins/woocommerce/vendor/phpunit/phpunit/src/Framework/Constraint/Object/ClassHasStaticAttribute.php because we cannot use cache
Scanning /home/reza/woocommerce/plugins/woocommerce/vendor/phpunit/phpunit/src/Framework/Constraint/Object/ClassHasStaticAttribute.php
Parsing /home/reza/woocommerce/plugins/woocommerce/vendor/phpunit/phpunit/src/Framework/Constraint/Object/ObjectHasAttribute.php because we cannot use cache
Scanning /home/reza/woocommerce/plugins/woocommerce/vendor/phpunit/phpunit/src/Framework/Constraint/Object/ObjectHasAttribute.php
Parsing /home/reza/woocommerce/plugins/woocommerce/vendor/phpunit/phpunit/src/Framework/Constraint/IsIdentical.php because we cannot use cache
Scanning /home/reza/woocommerce/plugins/woocommerce/vendor/phpunit/phpunit/src/Framework/Constraint/IsIdentical.php
Parsing /home/reza/woocommerce/plugins/woocommerce/vendor/phpunit/phpunit/src/Framework/Constraint/Type/IsInstanceOf.php because we cannot use cache
Scanning /home/reza/woocommerce/plugins/woocommerce/vendor/phpunit/phpunit/src/Framework/Constraint/Type/IsInstanceOf.php
Parsing /home/reza/woocommerce/plugins/woocommerce/vendor/phpunit/phpunit/src/Framework/Constraint/Type/IsType.php because we cannot use cache
Scanning /home/reza/woocommerce/plugins/woocommerce/vendor/phpunit/phpunit/src/Framework/Constraint/Type/IsType.php
Parsing /home/reza/woocommerce/plugins/woocommerce/vendor/phpunit/phpunit/src/Framework/Constraint/Cardinality/LessThan.php because we cannot use cache
Scanning /home/reza/woocommerce/plugins/woocommerce/vendor/phpunit/phpunit/src/Framework/Constraint/Cardinality/LessThan.php
Parsing /home/reza/woocommerce/plugins/woocommerce/vendor/phpunit/phpunit/src/Framework/Constraint/String/RegularExpression.php because we cannot use cache
Scanning /home/reza/woocommerce/plugins/woocommerce/vendor/phpunit/phpunit/src/Framework/Constraint/String/RegularExpression.php
Parsing /home/reza/woocommerce/plugins/woocommerce/vendor/phpunit/phpunit/src/Framework/Constraint/String/StringMatchesFormatDescription.php because we cannot use cache
Scanning /home/reza/woocommerce/plugins/woocommerce/vendor/phpunit/phpunit/src/Framework/Constraint/String/StringMatchesFormatDescription.php
Parsing /home/reza/woocommerce/plugins/woocommerce/vendor/phpunit/phpunit/src/Framework/Constraint/String/StringStartsWith.php because we cannot use cache
Scanning /home/reza/woocommerce/plugins/woocommerce/vendor/phpunit/phpunit/src/Framework/Constraint/String/StringStartsWith.php
Parsing /home/reza/woocommerce/plugins/woocommerce/vendor/phpunit/phpunit/src/Framework/Constraint/String/StringContains.php because we cannot use cache
Scanning /home/reza/woocommerce/plugins/woocommerce/vendor/phpunit/phpunit/src/Framework/Constraint/String/StringContains.php
Parsing /home/reza/woocommerce/plugins/woocommerce/vendor/phpunit/phpunit/src/Framework/Constraint/String/StringEndsWith.php because we cannot use cache
Scanning /home/reza/woocommerce/plugins/woocommerce/vendor/phpunit/phpunit/src/Framework/Constraint/String/StringEndsWith.php
Parsing /home/reza/woocommerce/plugins/woocommerce/vendor/phpunit/phpunit/src/Framework/Constraint/Cardinality/Count.php because we cannot use cache
Scanning /home/reza/woocommerce/plugins/woocommerce/vendor/phpunit/phpunit/src/Framework/Constraint/Cardinality/Count.php
Parsing /home/reza/woocommerce/plugins/woocommerce/vendor/phpunit/phpunit/src/Framework/Constraint/Object/ObjectEquals.php because we cannot use cache
Scanning /home/reza/woocommerce/plugins/woocommerce/vendor/phpunit/phpunit/src/Framework/Constraint/Object/ObjectEquals.php
Parsing /home/reza/woocommerce/plugins/woocommerce/vendor/phpunit/phpunit/src/Framework/MockObject/Rule/AnyInvokedCount.php because we cannot use cache
Scanning /home/reza/woocommerce/plugins/woocommerce/vendor/phpunit/phpunit/src/Framework/MockObject/Rule/AnyInvokedCount.php
Parsing /home/reza/woocommerce/plugins/woocommerce/vendor/phpunit/phpunit/src/Framework/MockObject/Rule/InvokedCount.php because we cannot use cache
Scanning /home/reza/woocommerce/plugins/woocommerce/vendor/phpunit/phpunit/src/Framework/MockObject/Rule/InvokedCount.php
Parsing /home/reza/woocommerce/plugins/woocommerce/vendor/phpunit/phpunit/src/Framework/MockObject/Rule/InvokedAtLeastCount.php because we cannot use cache
Scanning /home/reza/woocommerce/plugins/woocommerce/vendor/phpunit/phpunit/src/Framework/MockObject/Rule/InvokedAtLeastCount.php
Parsing /home/reza/woocommerce/plugins/woocommerce/vendor/phpunit/phpunit/src/Framework/MockObject/Rule/InvokedAtLeastOnce.php because we cannot use cache
Scanning /home/reza/woocommerce/plugins/woocommerce/vendor/phpunit/phpunit/src/Framework/MockObject/Rule/InvokedAtLeastOnce.php
Parsing /home/reza/woocommerce/plugins/woocommerce/vendor/phpunit/phpunit/src/Framework/MockObject/Rule/InvokedAtMostCount.php because we cannot use cache
Scanning /home/reza/woocommerce/plugins/woocommerce/vendor/phpunit/phpunit/src/Framework/MockObject/Rule/InvokedAtMostCount.php
Parsing /home/reza/woocommerce/plugins/woocommerce/vendor/phpunit/phpunit/src/Framework/MockObject/Rule/InvokedAtIndex.php because we cannot use cache
Scanning /home/reza/woocommerce/plugins/woocommerce/vendor/phpunit/phpunit/src/Framework/MockObject/Rule/InvokedAtIndex.php
Parsing /home/reza/woocommerce/plugins/woocommerce/vendor/phpunit/phpunit/src/Framework/MockObject/Stub/ReturnStub.php because we cannot use cache
Scanning /home/reza/woocommerce/plugins/woocommerce/vendor/phpunit/phpunit/src/Framework/MockObject/Stub/ReturnStub.php
Parsing /home/reza/woocommerce/plugins/woocommerce/vendor/phpunit/phpunit/src/Framework/MockObject/Stub/ReturnValueMap.php because we cannot use cache
Scanning /home/reza/woocommerce/plugins/woocommerce/vendor/phpunit/phpunit/src/Framework/MockObject/Stub/ReturnValueMap.php
Parsing /home/reza/woocommerce/plugins/woocommerce/vendor/phpunit/phpunit/src/Framework/MockObject/Stub/ReturnArgument.php because we cannot use cache
Scanning /home/reza/woocommerce/plugins/woocommerce/vendor/phpunit/phpunit/src/Framework/MockObject/Stub/ReturnArgument.php
Parsing /home/reza/woocommerce/plugins/woocommerce/vendor/phpunit/phpunit/src/Framework/MockObject/Stub/ReturnCallback.php because we cannot use cache
Scanning /home/reza/woocommerce/plugins/woocommerce/vendor/phpunit/phpunit/src/Framework/MockObject/Stub/ReturnCallback.php
Parsing /home/reza/woocommerce/plugins/woocommerce/vendor/phpunit/phpunit/src/Framework/MockObject/Stub/ReturnSelf.php because we cannot use cache
Scanning /home/reza/woocommerce/plugins/woocommerce/vendor/phpunit/phpunit/src/Framework/MockObject/Stub/ReturnSelf.php
Parsing /home/reza/woocommerce/plugins/woocommerce/vendor/phpunit/phpunit/src/Framework/MockObject/Stub/Exception.php because we cannot use cache
Scanning /home/reza/woocommerce/plugins/woocommerce/vendor/phpunit/phpunit/src/Framework/MockObject/Stub/Exception.php
Parsing /home/reza/woocommerce/plugins/woocommerce/vendor/phpunit/phpunit/src/Framework/MockObject/Stub/ConsecutiveCalls.php because we cannot use cache
Scanning /home/reza/woocommerce/plugins/woocommerce/vendor/phpunit/phpunit/src/Framework/MockObject/Stub/ConsecutiveCalls.php
Parsing /home/reza/woocommerce/plugins/woocommerce/vendor/symfony/polyfill-php73/Php73.php because we cannot use cache
Scanning /home/reza/woocommerce/plugins/woocommerce/vendor/symfony/polyfill-php73/Php73.php
Parsing /home/reza/woocommerce/plugins/woocommerce/vendor/symfony/string/UnicodeString.php because we cannot use cache
Scanning /home/reza/woocommerce/plugins/woocommerce/vendor/symfony/string/UnicodeString.php
Parsing /home/reza/woocommerce/plugins/woocommerce/vendor/symfony/string/ByteString.php because we cannot use cache
Scanning /home/reza/woocommerce/plugins/woocommerce/vendor/symfony/string/ByteString.php
Parsing /home/reza/woocommerce/plugins/woocommerce/vendor/symfony/string/AbstractString.php because we cannot use cache
Scanning /home/reza/woocommerce/plugins/woocommerce/vendor/symfony/string/AbstractString.php
Parsing /home/reza/woocommerce/plugins/woocommerce/vendor/automattic/jetpack-assets/src/class-assets.php because we cannot use cache
Scanning /home/reza/woocommerce/plugins/woocommerce/vendor/automattic/jetpack-assets/src/class-assets.php
Parsing /home/reza/woocommerce/plugins/woocommerce/vendor/automattic/jetpack-assets/src/class-script-data.php because we cannot use cache
Scanning /home/reza/woocommerce/plugins/woocommerce/vendor/automattic/jetpack-assets/src/class-script-data.php
Parsing /home/reza/woocommerce/plugins/woocommerce/vendor/wikimedia/at-ease/src/Wikimedia/AtEase/AtEase.php because we cannot use cache
Scanning /home/reza/woocommerce/plugins/woocommerce/vendor/wikimedia/at-ease/src/Wikimedia/AtEase/AtEase.php
Parsing /home/reza/woocommerce/plugins/woocommerce/vendor/automattic/jetpack-connection/src/class-connection-assets.php because we cannot use cache
Scanning /home/reza/woocommerce/plugins/woocommerce/vendor/automattic/jetpack-connection/src/class-connection-assets.php
Parsing /home/reza/woocommerce/plugins/woocommerce/vendor/phpunit/phpunit/src/Runner/Version.php because we cannot use cache
Scanning /home/reza/woocommerce/plugins/woocommerce/vendor/phpunit/phpunit/src/Runner/Version.php
Parsing /home/reza/woocommerce/plugins/woocommerce/vendor/mockery/mockery/library/Mockery/LegacyMockInterface.php because we cannot use cache
Scanning /home/reza/woocommerce/plugins/woocommerce/vendor/mockery/mockery/library/Mockery/LegacyMockInterface.php
Parsing /home/reza/woocommerce/plugins/woocommerce/vendor/mockery/mockery/library/Mockery/MockInterface.php because we cannot use cache
Scanning /home/reza/woocommerce/plugins/woocommerce/vendor/mockery/mockery/library/Mockery/MockInterface.php
Parsing /home/reza/woocommerce/plugins/woocommerce/vendor/mockery/mockery/library/Mockery/Matcher/AnyArgs.php because we cannot use cache
Scanning /home/reza/woocommerce/plugins/woocommerce/vendor/mockery/mockery/library/Mockery/Matcher/AnyArgs.php
Parsing /home/reza/woocommerce/plugins/woocommerce/vendor/mockery/mockery/library/Mockery/Matcher/AndAnyOtherArgs.php because we cannot use cache
Scanning /home/reza/woocommerce/plugins/woocommerce/vendor/mockery/mockery/library/Mockery/Matcher/AndAnyOtherArgs.php
Parsing /home/reza/woocommerce/plugins/woocommerce/vendor/mockery/mockery/library/Mockery/Configuration.php because we cannot use cache
Scanning /home/reza/woocommerce/plugins/woocommerce/vendor/mockery/mockery/library/Mockery/Configuration.php
Parsing /home/reza/woocommerce/plugins/woocommerce/vendor/mockery/mockery/library/Mockery/Container.php because we cannot use cache
Scanning /home/reza/woocommerce/plugins/woocommerce/vendor/mockery/mockery/library/Mockery/Container.php
Parsing /home/reza/woocommerce/plugins/woocommerce/vendor/mockery/mockery/library/Mockery/Generator/Generator.php because we cannot use cache
Scanning /home/reza/woocommerce/plugins/woocommerce/vendor/mockery/mockery/library/Mockery/Generator/Generator.php
Parsing /home/reza/woocommerce/plugins/woocommerce/vendor/mockery/mockery/library/Mockery/Loader/Loader.php because we cannot use cache
Scanning /home/reza/woocommerce/plugins/woocommerce/vendor/mockery/mockery/library/Mockery/Loader/Loader.php
Parsing /home/reza/woocommerce/plugins/woocommerce/vendor/mockery/mockery/library/Mockery/Matcher/Any.php because we cannot use cache
Scanning /home/reza/woocommerce/plugins/woocommerce/vendor/mockery/mockery/library/Mockery/Matcher/Any.php
Parsing /home/reza/woocommerce/plugins/woocommerce/vendor/mockery/mockery/library/Mockery/Matcher/AnyOf.php because we cannot use cache
Scanning /home/reza/woocommerce/plugins/woocommerce/vendor/mockery/mockery/library/Mockery/Matcher/AnyOf.php
Parsing /home/reza/woocommerce/plugins/woocommerce/vendor/mockery/mockery/library/Mockery/Matcher/Closure.php because we cannot use cache
Scanning /home/reza/woocommerce/plugins/woocommerce/vendor/mockery/mockery/library/Mockery/Matcher/Closure.php
Parsing /home/reza/woocommerce/plugins/woocommerce/vendor/mockery/mockery/library/Mockery/Matcher/Contains.php because we cannot use cache
Scanning /home/reza/woocommerce/plugins/woocommerce/vendor/mockery/mockery/library/Mockery/Matcher/Contains.php
Parsing /home/reza/woocommerce/plugins/woocommerce/vendor/mockery/mockery/library/Mockery/Matcher/Ducktype.php because we cannot use cache
Scanning /home/reza/woocommerce/plugins/woocommerce/vendor/mockery/mockery/library/Mockery/Matcher/Ducktype.php
Parsing /home/reza/woocommerce/plugins/woocommerce/vendor/mockery/mockery/library/Mockery/Generator/CachingGenerator.php because we cannot use cache
Scanning /home/reza/woocommerce/plugins/woocommerce/vendor/mockery/mockery/library/Mockery/Generator/CachingGenerator.php
Parsing /home/reza/woocommerce/plugins/woocommerce/vendor/mockery/mockery/library/Mockery/Generator/StringManipulationGenerator.php because we cannot use cache
Scanning /home/reza/woocommerce/plugins/woocommerce/vendor/mockery/mockery/library/Mockery/Generator/StringManipulationGenerator.php
Parsing /home/reza/woocommerce/plugins/woocommerce/vendor/mockery/mockery/library/Mockery/Loader/EvalLoader.php because we cannot use cache
Scanning /home/reza/woocommerce/plugins/woocommerce/vendor/mockery/mockery/library/Mockery/Loader/EvalLoader.php
Parsing /home/reza/woocommerce/plugins/woocommerce/vendor/mockery/mockery/library/Mockery/Matcher/HasKey.php because we cannot use cache
Scanning /home/reza/woocommerce/plugins/woocommerce/vendor/mockery/mockery/library/Mockery/Matcher/HasKey.php
Parsing /home/reza/woocommerce/plugins/woocommerce/vendor/mockery/mockery/library/Mockery/Matcher/HasValue.php because we cannot use cache
Scanning /home/reza/woocommerce/plugins/woocommerce/vendor/mockery/mockery/library/Mockery/Matcher/HasValue.php
Parsing /home/reza/woocommerce/plugins/woocommerce/vendor/mockery/mockery/library/Mockery/Matcher/IsEqual.php because we cannot use cache
Scanning /home/reza/woocommerce/plugins/woocommerce/vendor/mockery/mockery/library/Mockery/Matcher/IsEqual.php
Parsing /home/reza/woocommerce/plugins/woocommerce/vendor/mockery/mockery/library/Mockery/Matcher/IsSame.php because we cannot use cache
Scanning /home/reza/woocommerce/plugins/woocommerce/vendor/mockery/mockery/library/Mockery/Matcher/IsSame.php
Parsing /home/reza/woocommerce/plugins/woocommerce/vendor/mockery/mockery/library/Mockery/Matcher/MustBe.php because we cannot use cache
Scanning /home/reza/woocommerce/plugins/woocommerce/vendor/mockery/mockery/library/Mockery/Matcher/MustBe.php
Parsing /home/reza/woocommerce/plugins/woocommerce/vendor/mockery/mockery/library/Mockery/Generator/MockConfigurationBuilder.php because we cannot use cache
Scanning /home/reza/woocommerce/plugins/woocommerce/vendor/mockery/mockery/library/Mockery/Generator/MockConfigurationBuilder.php
Parsing /home/reza/woocommerce/plugins/woocommerce/vendor/mockery/mockery/library/Mockery/Matcher/Not.php because we cannot use cache
Scanning /home/reza/woocommerce/plugins/woocommerce/vendor/mockery/mockery/library/Mockery/Matcher/Not.php
Parsing /home/reza/woocommerce/plugins/woocommerce/vendor/mockery/mockery/library/Mockery/Matcher/NotAnyOf.php because we cannot use cache
Scanning /home/reza/woocommerce/plugins/woocommerce/vendor/mockery/mockery/library/Mockery/Matcher/NotAnyOf.php
Parsing /home/reza/woocommerce/plugins/woocommerce/vendor/mockery/mockery/library/Mockery/CompositeExpectation.php because we cannot use cache
Scanning /home/reza/woocommerce/plugins/woocommerce/vendor/mockery/mockery/library/Mockery/CompositeExpectation.php
Parsing /home/reza/woocommerce/plugins/woocommerce/vendor/mockery/mockery/library/Mockery/Matcher/Pattern.php because we cannot use cache
Scanning /home/reza/woocommerce/plugins/woocommerce/vendor/mockery/mockery/library/Mockery/Matcher/Pattern.php
Parsing /home/reza/woocommerce/plugins/woocommerce/vendor/mockery/mockery/library/Mockery/ClosureWrapper.php because we cannot use cache
Scanning /home/reza/woocommerce/plugins/woocommerce/vendor/mockery/mockery/library/Mockery/ClosureWrapper.php
Parsing /home/reza/woocommerce/plugins/woocommerce/vendor/mockery/mockery/library/Mockery/Matcher/Subset.php because we cannot use cache
Scanning /home/reza/woocommerce/plugins/woocommerce/vendor/mockery/mockery/library/Mockery/Matcher/Subset.php
Parsing /home/reza/woocommerce/plugins/woocommerce/vendor/mockery/mockery/library/Mockery/Matcher/Type.php because we cannot use cache
Scanning /home/reza/woocommerce/plugins/woocommerce/vendor/mockery/mockery/library/Mockery/Matcher/Type.php
Parsing /home/reza/woocommerce/plugins/woocommerce/vendor/mockery/mockery/library/Mockery/Exception.php because we cannot use cache
Scanning /home/reza/woocommerce/plugins/woocommerce/vendor/mockery/mockery/library/Mockery/Exception.php
Parsing /home/reza/woocommerce/plugins/woocommerce/vendor/mockery/mockery/library/Mockery/ExpectationInterface.php because we cannot use cache
Scanning /home/reza/woocommerce/plugins/woocommerce/vendor/mockery/mockery/library/Mockery/ExpectationInterface.php
Parsing /home/reza/woocommerce/plugins/woocommerce/vendor/mockery/mockery/library/Mockery/Matcher/MatcherInterface.php because we cannot use cache
Scanning /home/reza/woocommerce/plugins/woocommerce/vendor/mockery/mockery/library/Mockery/Matcher/MatcherInterface.php
Parsing /home/reza/woocommerce/plugins/woocommerce/vendor/mockery/mockery/library/Mockery/Reflector.php because we cannot use cache
Scanning /home/reza/woocommerce/plugins/woocommerce/vendor/mockery/mockery/library/Mockery/Reflector.php
Parsing /home/reza/woocommerce/plugins/woocommerce/vendor/mockery/mockery/library/Mockery/Generator/MockNameBuilder.php because we cannot use cache
Scanning /home/reza/woocommerce/plugins/woocommerce/vendor/mockery/mockery/library/Mockery/Generator/MockNameBuilder.php
Parsing /home/reza/woocommerce/plugins/woocommerce/vendor/phpunit/phpunit/src/Framework/TestCase.php because we cannot use cache
Deep scanning /home/reza/woocommerce/plugins/woocommerce/vendor/phpunit/phpunit/src/Framework/TestCase.php
Parsing /home/reza/woocommerce/plugins/woocommerce/src/StoreApi/Schemas/V1/BatchSchema.php because the cache is absent or outdated
Scanning /home/reza/woocommerce/plugins/woocommerce/src/StoreApi/Schemas/V1/BatchSchema.php
Parsing /home/reza/woocommerce/plugins/woocommerce/src/StoreApi/Schemas/V1/CheckoutOrderSchema.php because the cache is absent or outdated
Scanning /home/reza/woocommerce/plugins/woocommerce/src/StoreApi/Schemas/V1/CheckoutOrderSchema.php
Parsing /home/reza/woocommerce/plugins/woocommerce/src/StoreApi/Schemas/V1/OrderItemSchema.php because the cache is absent or outdated
Scanning /home/reza/woocommerce/plugins/woocommerce/src/StoreApi/Schemas/V1/OrderItemSchema.php
Parsing /home/reza/woocommerce/plugins/woocommerce/src/StoreApi/Schemas/V1/OrderFeeSchema.php because the cache is absent or outdated
Scanning /home/reza/woocommerce/plugins/woocommerce/src/StoreApi/Schemas/V1/OrderFeeSchema.php
Parsing /home/reza/woocommerce/plugins/woocommerce/src/StoreApi/Schemas/V1/OrderSchema.php because the cache is absent or outdated
Scanning /home/reza/woocommerce/plugins/woocommerce/src/StoreApi/Schemas/V1/OrderSchema.php
Parsing /home/reza/woocommerce/plugins/woocommerce/src/StoreApi/Schemas/V1/ProductAttributeTermSchema.php because the cache is absent or outdated
Scanning /home/reza/woocommerce/plugins/woocommerce/src/StoreApi/Schemas/V1/ProductAttributeTermSchema.php
Parsing /home/reza/woocommerce/plugins/woocommerce/src/StoreApi/Schemas/V1/ProductBrandSchema.php because the cache is absent or outdated
Scanning /home/reza/woocommerce/plugins/woocommerce/src/StoreApi/Schemas/V1/ProductBrandSchema.php
Parsing /home/reza/woocommerce/plugins/woocommerce/src/StoreApi/Schemas/V1/PatternsSchema.php because the cache is absent or outdated
Scanning /home/reza/woocommerce/plugins/woocommerce/src/StoreApi/Schemas/V1/PatternsSchema.php
Parsing /home/reza/woocommerce/plugins/woocommerce/src/StoreApi/Schemas/V1/ShopperListSchema.php because the cache is absent or outdated
Scanning /home/reza/woocommerce/plugins/woocommerce/src/StoreApi/Schemas/V1/ShopperListSchema.php
Parsing /home/reza/woocommerce/plugins/woocommerce/src/StoreApi/Schemas/V1/ShopperListItemSchema.php because the cache is absent or outdated
Scanning /home/reza/woocommerce/plugins/woocommerce/src/StoreApi/Schemas/V1/ShopperListItemSchema.php
Parsing /home/reza/woocommerce/plugins/woocommerce/src/StoreApi/Routes/V1/CheckoutOrder.php because the cache is absent or outdated
Scanning /home/reza/woocommerce/plugins/woocommerce/src/StoreApi/Routes/V1/CheckoutOrder.php
Parsing /home/reza/woocommerce/plugins/woocommerce/src/StoreApi/Routes/V1/Order.php because the cache is absent or outdated
Scanning /home/reza/woocommerce/plugins/woocommerce/src/StoreApi/Routes/V1/Order.php
Parsing /home/reza/woocommerce/plugins/woocommerce/src/StoreApi/Routes/V1/ProductBrands.php because the cache is absent or outdated
Scanning /home/reza/woocommerce/plugins/woocommerce/src/StoreApi/Routes/V1/ProductBrands.php
Parsing /home/reza/woocommerce/plugins/woocommerce/src/StoreApi/Routes/V1/ProductBrandsById.php because the cache is absent or outdated
Scanning /home/reza/woocommerce/plugins/woocommerce/src/StoreApi/Routes/V1/ProductBrandsById.php
Parsing /home/reza/woocommerce/plugins/woocommerce/src/StoreApi/Routes/V1/ProductsBySlug.php because the cache is absent or outdated
Scanning /home/reza/woocommerce/plugins/woocommerce/src/StoreApi/Routes/V1/ProductsBySlug.php
Parsing /home/reza/woocommerce/plugins/woocommerce/src/StoreApi/Routes/V1/Patterns.php because the cache is absent or outdated
Scanning /home/reza/woocommerce/plugins/woocommerce/src/StoreApi/Routes/V1/Patterns.php
Parsing /home/reza/woocommerce/plugins/woocommerce/src/StoreApi/Routes/V1/ShopperLists.php because the cache is absent or outdated
Scanning /home/reza/woocommerce/plugins/woocommerce/src/StoreApi/Routes/V1/ShopperLists.php
Parsing /home/reza/woocommerce/plugins/woocommerce/src/StoreApi/Routes/V1/ShopperListsBySlug.php because the cache is absent or outdated
Scanning /home/reza/woocommerce/plugins/woocommerce/src/StoreApi/Routes/V1/ShopperListsBySlug.php
Parsing /home/reza/woocommerce/plugins/woocommerce/src/StoreApi/Routes/V1/ShopperListItems.php because the cache is absent or outdated
Scanning /home/reza/woocommerce/plugins/woocommerce/src/StoreApi/Routes/V1/ShopperListItems.php
Parsing /home/reza/woocommerce/plugins/woocommerce/src/StoreApi/Routes/V1/ShopperListItemsByKey.php because the cache is absent or outdated
Scanning /home/reza/woocommerce/plugins/woocommerce/src/StoreApi/Routes/V1/ShopperListItemsByKey.php
Parsing /home/reza/woocommerce/plugins/woocommerce/src/Internal/ShopperLists/ShopperListsController.php because the cache is absent or outdated
Scanning /home/reza/woocommerce/plugins/woocommerce/src/Internal/ShopperLists/ShopperListsController.php
Parsing /home/reza/woocommerce/plugins/woocommerce/src/StoreApi/Formatters/DefaultFormatter.php because the cache is absent or outdated
Scanning /home/reza/woocommerce/plugins/woocommerce/src/StoreApi/Formatters/DefaultFormatter.php
Parsing /home/reza/woocommerce/plugins/woocommerce/src/Blocks/Domain/Services/CheckoutFields.php because the cache is absent or outdated
Scanning /home/reza/woocommerce/plugins/woocommerce/src/Blocks/Domain/Services/CheckoutFields.php
Parsing /home/reza/woocommerce/plugins/woocommerce/src/Blocks/Package.php because the cache is absent or outdated
Scanning /home/reza/woocommerce/plugins/woocommerce/src/Blocks/Package.php
Parsing /home/reza/woocommerce/plugins/woocommerce/src/StoreApi/Utilities/ValidationUtils.php because the cache is absent or outdated
Scanning /home/reza/woocommerce/plugins/woocommerce/src/StoreApi/Utilities/ValidationUtils.php
Parsing /home/reza/woocommerce/plugins/woocommerce/src/StoreApi/Utilities/SanitizationUtils.php because the cache is absent or outdated
Scanning /home/reza/woocommerce/plugins/woocommerce/src/StoreApi/Utilities/SanitizationUtils.php
Parsing /home/reza/woocommerce/plugins/woocommerce/src/Utilities/TimeUtil.php because the cache is absent or outdated
Scanning /home/reza/woocommerce/plugins/woocommerce/src/Utilities/TimeUtil.php
Parsing /home/reza/woocommerce/plugins/woocommerce/src/StoreApi/Utilities/CartController.php because the cache is absent or outdated
Scanning /home/reza/woocommerce/plugins/woocommerce/src/StoreApi/Utilities/CartController.php
Parsing /home/reza/woocommerce/plugins/woocommerce/src/StoreApi/Utilities/QuantityLimits.php because the cache is absent or outdated
Scanning /home/reza/woocommerce/plugins/woocommerce/src/StoreApi/Utilities/QuantityLimits.php
Parsing /home/reza/woocommerce/plugins/woocommerce/src/Blocks/Utils/ProductAvailabilityUtils.php because the cache is absent or outdated
Scanning /home/reza/woocommerce/plugins/woocommerce/src/Blocks/Utils/ProductAvailabilityUtils.php
Parsing /home/reza/woocommerce/plugins/woocommerce/src/Blocks/Utils/ProductDescriptionUtils.php because the cache is absent or outdated
Scanning /home/reza/woocommerce/plugins/woocommerce/src/Blocks/Utils/ProductDescriptionUtils.php
Parsing /home/reza/woocommerce/plugins/woocommerce/src/Enums/ProductType.php because the cache is absent or outdated
Scanning /home/reza/woocommerce/plugins/woocommerce/src/Enums/ProductType.php
Parsing /home/reza/woocommerce/plugins/woocommerce/src/Enums/ProductStockStatus.php because the cache is absent or outdated
Scanning /home/reza/woocommerce/plugins/woocommerce/src/Enums/ProductStockStatus.php
Parsing /home/reza/woocommerce/plugins/woocommerce/src/Enums/StockDisplayFormat.php because the cache is absent or outdated
Scanning /home/reza/woocommerce/plugins/woocommerce/src/Enums/StockDisplayFormat.php
Parsing /home/reza/woocommerce/plugins/woocommerce/src/Enums/TaxDisplayMode.php because the cache is absent or outdated
Scanning /home/reza/woocommerce/plugins/woocommerce/src/Enums/TaxDisplayMode.php
Parsing /home/reza/woocommerce/plugins/woocommerce/src/Internal/Utilities/ProductUtil.php because the cache is absent or outdated
Scanning /home/reza/woocommerce/plugins/woocommerce/src/Internal/Utilities/ProductUtil.php
Parsing /home/reza/woocommerce/plugins/woocommerce/src/Enums/WeightUnit.php because the cache is absent or outdated
Scanning /home/reza/woocommerce/plugins/woocommerce/src/Enums/WeightUnit.php
Parsing /home/reza/woocommerce/plugins/woocommerce/src/Internal/Tax/TaxRateDataStore.php because the cache is absent or outdated
Scanning /home/reza/woocommerce/plugins/woocommerce/src/Internal/Tax/TaxRateDataStore.php
Parsing /home/reza/woocommerce/plugins/woocommerce/src/StoreApi/Utilities/PaymentUtils.php because the cache is absent or outdated
Scanning /home/reza/woocommerce/plugins/woocommerce/src/StoreApi/Utilities/PaymentUtils.php
Parsing /home/reza/woocommerce/plugins/woocommerce/src/StoreApi/Utilities/OrderController.php because the cache is absent or outdated
Scanning /home/reza/woocommerce/plugins/woocommerce/src/StoreApi/Utilities/OrderController.php
Parsing /home/reza/woocommerce/plugins/woocommerce/src/StoreApi/SessionHandler.php because the cache is absent or outdated
Scanning /home/reza/woocommerce/plugins/woocommerce/src/StoreApi/SessionHandler.php
Parsing /home/reza/woocommerce/plugins/woocommerce/src/StoreApi/Utilities/CartTokenUtils.php because the cache is absent or outdated
Scanning /home/reza/woocommerce/plugins/woocommerce/src/StoreApi/Utilities/CartTokenUtils.php
Parsing /home/reza/woocommerce/plugins/woocommerce/src/StoreApi/Exceptions/InvalidCartException.php because the cache is absent or outdated
Scanning /home/reza/woocommerce/plugins/woocommerce/src/StoreApi/Exceptions/InvalidCartException.php
Parsing /home/reza/woocommerce/plugins/woocommerce/src/StoreApi/Utilities/Pagination.php because the cache is absent or outdated
Scanning /home/reza/woocommerce/plugins/woocommerce/src/StoreApi/Utilities/Pagination.php
Parsing /home/reza/woocommerce/plugins/woocommerce/src/Checkout/Helpers/ReserveStockException.php because the cache is absent or outdated
Scanning /home/reza/woocommerce/plugins/woocommerce/src/Checkout/Helpers/ReserveStockException.php
Parsing /home/reza/woocommerce/plugins/woocommerce/vendor/automattic/jetpack-constants/src/class-constants.php because we cannot use cache
Scanning /home/reza/woocommerce/plugins/woocommerce/vendor/automattic/jetpack-constants/src/class-constants.php
Parsing /home/reza/woocommerce/plugins/woocommerce/src/Enums/OrderStatus.php because the cache is absent or outdated
Scanning /home/reza/woocommerce/plugins/woocommerce/src/Enums/OrderStatus.php
Parsing /home/reza/woocommerce/plugins/woocommerce/src/Blocks/Domain/Services/CheckoutFieldsSchema/DocumentObject.php because the cache is absent or outdated
Scanning /home/reza/woocommerce/plugins/woocommerce/src/Blocks/Domain/Services/CheckoutFieldsSchema/DocumentObject.php
Parsing /home/reza/woocommerce/plugins/woocommerce/src/Internal/ProductAttributes/VisualAttributeTermMeta.php because the cache is absent or outdated
Scanning /home/reza/woocommerce/plugins/woocommerce/src/Internal/ProductAttributes/VisualAttributeTermMeta.php
Parsing /home/reza/woocommerce/plugins/woocommerce/src/StoreApi/Utilities/ProductQueryFilters.php because the cache is absent or outdated
Scanning /home/reza/woocommerce/plugins/woocommerce/src/StoreApi/Utilities/ProductQueryFilters.php
Parsing /home/reza/woocommerce/plugins/woocommerce/src/Enums/ProductStatus.php because the cache is absent or outdated
Scanning /home/reza/woocommerce/plugins/woocommerce/src/Enums/ProductStatus.php
Parsing /home/reza/woocommerce/plugins/woocommerce/src/StoreApi/Utilities/ProductQuery.php because the cache is absent or outdated
Scanning /home/reza/woocommerce/plugins/woocommerce/src/StoreApi/Utilities/ProductQuery.php
Parsing /home/reza/woocommerce/plugins/woocommerce/src/Enums/CatalogVisibility.php because the cache is absent or outdated
Scanning /home/reza/woocommerce/plugins/woocommerce/src/Enums/CatalogVisibility.php
Parsing /home/reza/woocommerce/plugins/woocommerce/src/StoreApi/StoreApi.php because the cache is absent or outdated
Scanning /home/reza/woocommerce/plugins/woocommerce/src/StoreApi/StoreApi.php
Parsing /home/reza/woocommerce/plugins/woocommerce/src/StoreApi/Formatters/FormatterInterface.php because the cache is absent or outdated
Scanning /home/reza/woocommerce/plugins/woocommerce/src/StoreApi/Formatters/FormatterInterface.php
Parsing /home/reza/woocommerce/plugins/woocommerce/src/Autoloader.php because the cache is absent or outdated
Scanning /home/reza/woocommerce/plugins/woocommerce/src/Autoloader.php
Parsing /home/reza/woocommerce/plugins/woocommerce/bin/composer/psalm/vendor/amphp/amp/src/Future.php because we cannot use cache
Scanning /home/reza/woocommerce/plugins/woocommerce/bin/composer/psalm/vendor/amphp/amp/src/Future.php
Parsing /home/reza/woocommerce/plugins/woocommerce/bin/composer/psalm/vendor/amphp/amp/src/Internal/FutureState.php because we cannot use cache
Scanning /home/reza/woocommerce/plugins/woocommerce/bin/composer/psalm/vendor/amphp/amp/src/Internal/FutureState.php
Parsing /home/reza/woocommerce/plugins/woocommerce/bin/composer/psalm/vendor/revolt/event-loop/src/EventLoop.php because we cannot use cache
Scanning /home/reza/woocommerce/plugins/woocommerce/bin/composer/psalm/vendor/revolt/event-loop/src/EventLoop.php
Parsing /home/reza/woocommerce/plugins/woocommerce/bin/composer/psalm/vendor/amphp/amp/src/Cancellation.php because we cannot use cache
Scanning /home/reza/woocommerce/plugins/woocommerce/bin/composer/psalm/vendor/amphp/amp/src/Cancellation.php
Parsing /home/reza/woocommerce/plugins/woocommerce/bin/composer/psalm/vendor/amphp/amp/src/CancelledException.php because we cannot use cache
Scanning /home/reza/woocommerce/plugins/woocommerce/bin/composer/psalm/vendor/amphp/amp/src/CancelledException.php
Parsing /home/reza/woocommerce/plugins/woocommerce/bin/composer/psalm/vendor/revolt/event-loop/src/EventLoop/UnsupportedFeatureException.php because we cannot use cache
Scanning /home/reza/woocommerce/plugins/woocommerce/bin/composer/psalm/vendor/revolt/event-loop/src/EventLoop/UnsupportedFeatureException.php
Parsing /home/reza/woocommerce/plugins/woocommerce/bin/composer/psalm/vendor/amphp/amp/src/CompositeLengthException.php because we cannot use cache
Scanning /home/reza/woocommerce/plugins/woocommerce/bin/composer/psalm/vendor/amphp/amp/src/CompositeLengthException.php
Parsing /home/reza/woocommerce/plugins/woocommerce/bin/composer/psalm/vendor/amphp/amp/src/CompositeException.php because we cannot use cache
Scanning /home/reza/woocommerce/plugins/woocommerce/bin/composer/psalm/vendor/amphp/amp/src/CompositeException.php
Parsing /home/reza/woocommerce/plugins/woocommerce/bin/composer/psalm/vendor/amphp/sync/src/Semaphore.php because we cannot use cache
Scanning /home/reza/woocommerce/plugins/woocommerce/bin/composer/psalm/vendor/amphp/sync/src/Semaphore.php
Parsing /home/reza/woocommerce/plugins/woocommerce/bin/composer/psalm/vendor/revolt/event-loop/src/EventLoop/FiberLocal.php because we cannot use cache
Scanning /home/reza/woocommerce/plugins/woocommerce/bin/composer/psalm/vendor/revolt/event-loop/src/EventLoop/FiberLocal.php
Parsing /home/reza/woocommerce/plugins/woocommerce/bin/composer/psalm/vendor/amphp/sync/src/Channel.php because we cannot use cache
Scanning /home/reza/woocommerce/plugins/woocommerce/bin/composer/psalm/vendor/amphp/sync/src/Channel.php
Parsing /home/reza/woocommerce/plugins/woocommerce/bin/composer/psalm/vendor/amphp/pipeline/src/Queue.php because we cannot use cache
Scanning /home/reza/woocommerce/plugins/woocommerce/bin/composer/psalm/vendor/amphp/pipeline/src/Queue.php
Parsing /home/reza/woocommerce/plugins/woocommerce/bin/composer/psalm/vendor/amphp/sync/src/Internal/ConcurrentIteratorChannel.php because we cannot use cache
Scanning /home/reza/woocommerce/plugins/woocommerce/bin/composer/psalm/vendor/amphp/sync/src/Internal/ConcurrentIteratorChannel.php
Parsing /home/reza/woocommerce/plugins/woocommerce/bin/composer/psalm/vendor/amphp/byte-stream/src/ReadableStream.php because we cannot use cache
Scanning /home/reza/woocommerce/plugins/woocommerce/bin/composer/psalm/vendor/amphp/byte-stream/src/ReadableStream.php
Parsing /home/reza/woocommerce/plugins/woocommerce/bin/composer/psalm/vendor/amphp/byte-stream/src/WritableStream.php because we cannot use cache
Scanning /home/reza/woocommerce/plugins/woocommerce/bin/composer/psalm/vendor/amphp/byte-stream/src/WritableStream.php
Parsing /home/reza/woocommerce/plugins/woocommerce/bin/composer/psalm/vendor/amphp/byte-stream/src/BufferException.php because we cannot use cache
Scanning /home/reza/woocommerce/plugins/woocommerce/bin/composer/psalm/vendor/amphp/byte-stream/src/BufferException.php
Parsing /home/reza/woocommerce/plugins/woocommerce/bin/composer/psalm/vendor/amphp/byte-stream/src/ReadableResourceStream.php because we cannot use cache
Scanning /home/reza/woocommerce/plugins/woocommerce/bin/composer/psalm/vendor/amphp/byte-stream/src/ReadableResourceStream.php
Parsing /home/reza/woocommerce/plugins/woocommerce/bin/composer/psalm/vendor/amphp/byte-stream/src/WritableResourceStream.php because we cannot use cache
Scanning /home/reza/woocommerce/plugins/woocommerce/bin/composer/psalm/vendor/amphp/byte-stream/src/WritableResourceStream.php
Parsing /home/reza/woocommerce/plugins/woocommerce/bin/composer/psalm/vendor/amphp/dns/src/DnsResolver.php because we cannot use cache
Scanning /home/reza/woocommerce/plugins/woocommerce/bin/composer/psalm/vendor/amphp/dns/src/DnsResolver.php
Parsing /home/reza/woocommerce/plugins/woocommerce/bin/composer/psalm/vendor/amphp/dns/src/Rfc1035StubDnsResolver.php because we cannot use cache
Scanning /home/reza/woocommerce/plugins/woocommerce/bin/composer/psalm/vendor/amphp/dns/src/Rfc1035StubDnsResolver.php
Parsing /home/reza/woocommerce/plugins/woocommerce/bin/composer/psalm/vendor/amphp/dns/src/DnsException.php because we cannot use cache
Scanning /home/reza/woocommerce/plugins/woocommerce/bin/composer/psalm/vendor/amphp/dns/src/DnsException.php
Parsing /home/reza/woocommerce/plugins/woocommerce/bin/composer/psalm/vendor/amphp/dns/src/InvalidNameException.php because we cannot use cache
Scanning /home/reza/woocommerce/plugins/woocommerce/bin/composer/psalm/vendor/amphp/dns/src/InvalidNameException.php
Parsing /home/reza/woocommerce/plugins/woocommerce/bin/composer/psalm/vendor/league/uri-interfaces/UriString.php because we cannot use cache
Scanning /home/reza/woocommerce/plugins/woocommerce/bin/composer/psalm/vendor/league/uri-interfaces/UriString.php
Parsing /home/reza/woocommerce/plugins/woocommerce/bin/composer/psalm/vendor/amphp/socket/src/TlsException.php because we cannot use cache
Scanning /home/reza/woocommerce/plugins/woocommerce/bin/composer/psalm/vendor/amphp/socket/src/TlsException.php
Parsing /home/reza/woocommerce/plugins/woocommerce/bin/composer/psalm/vendor/amphp/amp/src/NullCancellation.php because we cannot use cache
Scanning /home/reza/woocommerce/plugins/woocommerce/bin/composer/psalm/vendor/amphp/amp/src/NullCancellation.php
Parsing /home/reza/woocommerce/plugins/woocommerce/bin/composer/psalm/vendor/amphp/socket/src/SocketAddress.php because we cannot use cache
Scanning /home/reza/woocommerce/plugins/woocommerce/bin/composer/psalm/vendor/amphp/socket/src/SocketAddress.php
Parsing /home/reza/woocommerce/plugins/woocommerce/bin/composer/psalm/vendor/amphp/socket/src/SocketException.php because we cannot use cache
Scanning /home/reza/woocommerce/plugins/woocommerce/bin/composer/psalm/vendor/amphp/socket/src/SocketException.php
Parsing /home/reza/woocommerce/plugins/woocommerce/bin/composer/psalm/vendor/amphp/socket/src/UnixAddress.php because we cannot use cache
Scanning /home/reza/woocommerce/plugins/woocommerce/bin/composer/psalm/vendor/amphp/socket/src/UnixAddress.php
Parsing /home/reza/woocommerce/plugins/woocommerce/bin/composer/psalm/vendor/amphp/socket/src/InternetAddress.php because we cannot use cache
Scanning /home/reza/woocommerce/plugins/woocommerce/bin/composer/psalm/vendor/amphp/socket/src/InternetAddress.php
Parsing /home/reza/woocommerce/plugins/woocommerce/bin/composer/psalm/vendor/symfony/polyfill-php85/Php85.php because we cannot use cache
Scanning /home/reza/woocommerce/plugins/woocommerce/bin/composer/psalm/vendor/symfony/polyfill-php85/Php85.php
Parsing /home/reza/woocommerce/plugins/woocommerce/bin/composer/psalm/vendor/amphp/parallel/src/Context/Context.php because we cannot use cache
Scanning /home/reza/woocommerce/plugins/woocommerce/bin/composer/psalm/vendor/amphp/parallel/src/Context/Context.php
Parsing /home/reza/woocommerce/plugins/woocommerce/bin/composer/psalm/vendor/amphp/parallel/src/Context/ContextFactory.php because we cannot use cache
Scanning /home/reza/woocommerce/plugins/woocommerce/bin/composer/psalm/vendor/amphp/parallel/src/Context/ContextFactory.php
Parsing /home/reza/woocommerce/plugins/woocommerce/bin/composer/psalm/vendor/amphp/parallel/src/Context/DefaultContextFactory.php because we cannot use cache
Scanning /home/reza/woocommerce/plugins/woocommerce/bin/composer/psalm/vendor/amphp/parallel/src/Context/DefaultContextFactory.php
Parsing /home/reza/woocommerce/plugins/woocommerce/bin/composer/psalm/vendor/amphp/serialization/src/Serializer.php because we cannot use cache
Scanning /home/reza/woocommerce/plugins/woocommerce/bin/composer/psalm/vendor/amphp/serialization/src/Serializer.php
Parsing /home/reza/woocommerce/plugins/woocommerce/bin/composer/psalm/vendor/amphp/serialization/src/NativeSerializer.php because we cannot use cache
Scanning /home/reza/woocommerce/plugins/woocommerce/bin/composer/psalm/vendor/amphp/serialization/src/NativeSerializer.php
Parsing /home/reza/woocommerce/plugins/woocommerce/bin/composer/psalm/vendor/amphp/byte-stream/src/StreamChannel.php because we cannot use cache
Scanning /home/reza/woocommerce/plugins/woocommerce/bin/composer/psalm/vendor/amphp/byte-stream/src/StreamChannel.php
Parsing /home/reza/woocommerce/plugins/woocommerce/bin/composer/psalm/vendor/amphp/parallel/src/Context/Internal/ContextChannel.php because we cannot use cache
Scanning /home/reza/woocommerce/plugins/woocommerce/bin/composer/psalm/vendor/amphp/parallel/src/Context/Internal/ContextChannel.php
Parsing /home/reza/woocommerce/plugins/woocommerce/bin/composer/psalm/vendor/amphp/parallel/src/Context/Internal/ExitSuccess.php because we cannot use cache
Scanning /home/reza/woocommerce/plugins/woocommerce/bin/composer/psalm/vendor/amphp/parallel/src/Context/Internal/ExitSuccess.php
Parsing /home/reza/woocommerce/plugins/woocommerce/bin/composer/psalm/vendor/amphp/parallel/src/Context/Internal/ExitFailure.php because we cannot use cache
Scanning /home/reza/woocommerce/plugins/woocommerce/bin/composer/psalm/vendor/amphp/parallel/src/Context/Internal/ExitFailure.php
Parsing /home/reza/woocommerce/plugins/woocommerce/bin/composer/psalm/vendor/amphp/sync/src/ChannelException.php because we cannot use cache
Scanning /home/reza/woocommerce/plugins/woocommerce/bin/composer/psalm/vendor/amphp/sync/src/ChannelException.php
Parsing /home/reza/woocommerce/plugins/woocommerce/bin/composer/psalm/vendor/amphp/serialization/src/SerializationException.php because we cannot use cache
Scanning /home/reza/woocommerce/plugins/woocommerce/bin/composer/psalm/vendor/amphp/serialization/src/SerializationException.php
Parsing /home/reza/woocommerce/plugins/woocommerce/bin/composer/psalm/vendor/amphp/socket/src/Socket.php because we cannot use cache
Scanning /home/reza/woocommerce/plugins/woocommerce/bin/composer/psalm/vendor/amphp/socket/src/Socket.php
Parsing /home/reza/woocommerce/plugins/woocommerce/bin/composer/psalm/vendor/amphp/parallel/src/Ipc/SocketIpcHub.php because we cannot use cache
Scanning /home/reza/woocommerce/plugins/woocommerce/bin/composer/psalm/vendor/amphp/parallel/src/Ipc/SocketIpcHub.php
Parsing /home/reza/woocommerce/plugins/woocommerce/bin/composer/psalm/vendor/amphp/socket/src/SocketConnector.php because we cannot use cache
Scanning /home/reza/woocommerce/plugins/woocommerce/bin/composer/psalm/vendor/amphp/socket/src/SocketConnector.php
Parsing /home/reza/woocommerce/plugins/woocommerce/bin/composer/psalm/vendor/amphp/parallel/src/Worker/WorkerPool.php because we cannot use cache
Scanning /home/reza/woocommerce/plugins/woocommerce/bin/composer/psalm/vendor/amphp/parallel/src/Worker/WorkerPool.php
Parsing /home/reza/woocommerce/plugins/woocommerce/bin/composer/psalm/vendor/amphp/parallel/src/Worker/ContextWorkerPool.php because we cannot use cache
Scanning /home/reza/woocommerce/plugins/woocommerce/bin/composer/psalm/vendor/amphp/parallel/src/Worker/ContextWorkerPool.php
Parsing /home/reza/woocommerce/plugins/woocommerce/bin/composer/psalm/vendor/amphp/parallel/src/Worker/Task.php because we cannot use cache
Scanning /home/reza/woocommerce/plugins/woocommerce/bin/composer/psalm/vendor/amphp/parallel/src/Worker/Task.php
Parsing /home/reza/woocommerce/plugins/woocommerce/bin/composer/psalm/vendor/amphp/parallel/src/Worker/Execution.php because we cannot use cache
Scanning /home/reza/woocommerce/plugins/woocommerce/bin/composer/psalm/vendor/amphp/parallel/src/Worker/Execution.php
Parsing /home/reza/woocommerce/plugins/woocommerce/bin/composer/psalm/vendor/amphp/parallel/src/Worker/Worker.php because we cannot use cache
Scanning /home/reza/woocommerce/plugins/woocommerce/bin/composer/psalm/vendor/amphp/parallel/src/Worker/Worker.php
Parsing /home/reza/woocommerce/plugins/woocommerce/bin/composer/psalm/vendor/amphp/parallel/src/Worker/WorkerFactory.php because we cannot use cache
Scanning /home/reza/woocommerce/plugins/woocommerce/bin/composer/psalm/vendor/amphp/parallel/src/Worker/WorkerFactory.php
Parsing /home/reza/woocommerce/plugins/woocommerce/bin/composer/psalm/vendor/amphp/parallel/src/Worker/ContextWorkerFactory.php because we cannot use cache
Scanning /home/reza/woocommerce/plugins/woocommerce/bin/composer/psalm/vendor/amphp/parallel/src/Worker/ContextWorkerFactory.php
Parsing /home/reza/woocommerce/plugins/woocommerce/bin/composer/psalm/vendor/symfony/polyfill-php84/Php84.php because we cannot use cache
Scanning /home/reza/woocommerce/plugins/woocommerce/bin/composer/psalm/vendor/symfony/polyfill-php84/Php84.php
Parsing /home/reza/woocommerce/plugins/woocommerce/bin/composer/psalm/vendor/composer/semver/src/VersionParser.php because we cannot use cache
Scanning /home/reza/woocommerce/plugins/woocommerce/bin/composer/psalm/vendor/composer/semver/src/VersionParser.php
Parsing /home/reza/woocommerce/plugins/woocommerce/vendor/phpunit/phpunit/src/Framework/Exception/InvalidArgumentException.php because we cannot use cache
Scanning /home/reza/woocommerce/plugins/woocommerce/vendor/phpunit/phpunit/src/Framework/Exception/InvalidArgumentException.php
Parsing /home/reza/woocommerce/plugins/woocommerce/vendor/dms/phpunit-arraysubset-asserts/src/Constraint/ArraySubset.php because we cannot use cache
Scanning /home/reza/woocommerce/plugins/woocommerce/vendor/dms/phpunit-arraysubset-asserts/src/Constraint/ArraySubset.php
Parsing /home/reza/woocommerce/plugins/woocommerce/vendor/yoast/phpunit-polyfills/src/Helpers/ResourceHelper.php because we cannot use cache
Scanning /home/reza/woocommerce/plugins/woocommerce/vendor/yoast/phpunit-polyfills/src/Helpers/ResourceHelper.php
Parsing /home/reza/woocommerce/plugins/woocommerce/vendor/sebastian/exporter/src/Exporter.php because we cannot use cache
Scanning /home/reza/woocommerce/plugins/woocommerce/vendor/sebastian/exporter/src/Exporter.php
Parsing /home/reza/woocommerce/plugins/woocommerce/vendor/yoast/phpunit-polyfills/src/Exceptions/InvalidComparisonMethodException.php because we cannot use cache
Scanning /home/reza/woocommerce/plugins/woocommerce/vendor/yoast/phpunit-polyfills/src/Exceptions/InvalidComparisonMethodException.php
Parsing /home/reza/woocommerce/plugins/woocommerce/vendor/yoast/phpunit-polyfills/src/Helpers/AssertAttributeHelper.php because we cannot use cache
Deep scanning /home/reza/woocommerce/plugins/woocommerce/vendor/yoast/phpunit-polyfills/src/Helpers/AssertAttributeHelper.php
Parsing /home/reza/woocommerce/plugins/woocommerce/vendor/yoast/phpunit-polyfills/src/TestListeners/TestListenerSnakeCaseMethods.php because we cannot use cache
Deep scanning /home/reza/woocommerce/plugins/woocommerce/vendor/yoast/phpunit-polyfills/src/TestListeners/TestListenerSnakeCaseMethods.php
Using reflection to get metadata for DOMNode
Using reflection to get metadata for DOMNodeList
Using reflection to get metadata for DOMAttr
Using reflection to get metadata for DOMCDATASection
Using reflection to get metadata for DOMComment
Using reflection to get metadata for DOMDocumentFragment
Using reflection to get metadata for DOMEntityReference
Using reflection to get metadata for DOMProcessingInstruction
Using reflection to get metadata for DOMText
Using reflection to get metadata for RecursiveIterator
Using reflection to get metadata for ReflectionMethod
Using reflection to get metadata for ReflectionClassConstant
Using reflection to get metadata for ReflectionParameter
Using reflection to get metadata for SplFileInfo
Using reflection to get metadata for SplFileObject
Using reflection to get metadata for DirectoryIterator
Using reflection to get metadata for FilesystemIterator
Using reflection to get metadata for RecursiveDirectoryIterator
Using reflection to get metadata for PharData
Using reflection to get metadata for PharFileInfo
Using composer to locate file for DeepCopy\Filter\Filter
Using composer to locate file for DeepCopy\Matcher\Matcher
Using composer to locate file for DeepCopy\TypeFilter\TypeFilter
Using composer to locate file for DeepCopy\TypeMatcher\TypeMatcher
Using composer to locate file for DeepCopy\Exception\CloneException
Using composer to locate file for Normalizer
Using composer to locate file for SebastianBergmann\Comparator\ComparisonFailure
Using composer to locate file for SebastianBergmann\RecursionContext\Exception
Using composer to locate file for PHPUnit\Exception
Using composer to locate file for PHPUnit\Framework\IncompleteTestError
Using composer to locate file for PHPUnit\Framework\SkippedTestError
Using composer to locate file for PHPUnit\Framework\SyntheticSkippedError
Using composer to locate file for PHPUnit\Framework\SelfDescribing
Using composer to locate file for PHPUnit\Framework\Constraint\Operator
Using composer to locate file for PHPUnit\Framework\Constraint\BinaryOperator
Using composer to locate file for PHPUnit\Framework\Constraint\UnaryOperator
Using composer to locate file for PHPUnit\Framework\Constraint\TraversableContains
Using reflection to get metadata for Generator
Using composer to locate file for PHPUnit\Framework\ActualValueIsNotAnObjectException
Using composer to locate file for PHPUnit\Framework\ComparisonMethodDoesNotAcceptParameterTypeException
Using composer to locate file for PHPUnit\Framework\ComparisonMethodDoesNotDeclareBoolReturnTypeException
Using composer to locate file for PHPUnit\Framework\ComparisonMethodDoesNotDeclareExactlyOneParameterException
Using composer to locate file for PHPUnit\Framework\ComparisonMethodDoesNotDeclareParameterTypeException
Using composer to locate file for PHPUnit\Framework\ComparisonMethodDoesNotExistException
Using composer to locate file for PHPUnit\Framework\MockObject\Rule\InvocationOrder
Using composer to locate file for PHPUnit\Framework\MockObject\Invocation
Using composer to locate file for PHPUnit\Framework\MockObject\Stub\Stub
Using composer to locate file for PHPUnit\Framework\MockObject\RuntimeException
Using composer to locate file for Symfony\Component\String\AbstractUnicodeString
Using reflection to locate file for parent
Using composer to locate file for Symfony\Component\String\CodePointString
Using reflection to get metadata for Stringable
Using reflection to get metadata for JsonSerializable
Using reflection to locate file for WP_Scripts
Using composer to locate file for Mockery\Expectation
Using composer to locate file for Mockery\ExpectationDirector
Using composer to locate file for Mockery\HigherOrderMessage
Using composer to locate file for Mockery\ExpectsHigherOrderMessage
Using composer to locate file for Mockery\Matcher\MatcherAbstract
Using composer to locate file for Mockery\Matcher\ArgumentListMatcher
Using composer to locate file for Mockery\QuickDefinitionsConfiguration
Using composer to locate file for Mockery\Instantiator
Using composer to locate file for Mockery\Exception\RuntimeException
Using composer to locate file for Mockery\Generator\MockConfiguration
Using composer to locate file for Mockery\Generator\MockDefinition
Using composer to locate file for Mockery\Generator\StringManipulation\Pass\Pass
Using reflection to get metadata for UnexpectedValueException
Using composer to locate file for Mockery\Exception\MockeryExceptionInterface
Using composer to locate file for PHPUnit\Framework\Reorderable
Using composer to locate file for PHPUnit\Framework\Test
Using composer to locate file for PHPUnit\Framework\ExecutionOrderDependency
Using composer to locate file for PHPUnit\Framework\MockObject\MockObject
Using composer to locate file for PHPUnit\Framework\MockObject\Generator
Using composer to locate file for PHPUnit\Framework\TestResult
Using composer to locate file for SebastianBergmann\GlobalState\Snapshot
Using reflection to locate file for Prophecy\Prophet
Using composer to locate file for SebastianBergmann\Comparator\Comparator
Using composer to locate file for PHPUnit\Runner\BaseTestRunner
Using composer to locate file for PHPUnit\Framework\Error\Deprecated
Using composer to locate file for PHPUnit\Framework\Error\Error
Using composer to locate file for PHPUnit\Framework\Error\Notice
Using composer to locate file for PHPUnit\Framework\Error\Warning
Using composer to locate file for SebastianBergmann\CodeCoverage\InvalidArgumentException
Using composer to locate file for PHPUnit\Framework\CodeCoverageException
Using composer to locate file for SebastianBergmann\CodeCoverage\UnintentionallyCoveredCodeException
Using composer to locate file for PHPUnit\Framework\ErrorTestCase
Using composer to locate file for PHPUnit\Framework\WarningTestCase
Using composer to locate file for PHPUnit\Framework\SkippedTestCase
Using composer to locate file for SebastianBergmann\Template\Template
Using composer to locate file for PHPUnit\Util\GlobalState
Using composer to locate file for PHPUnit\Util\PHP\AbstractPhpProcess
Using composer to locate file for PHPUnit\Framework\MockObject\MockBuilder
Using composer to locate file for SebastianBergmann\Comparator\Factory
Using composer to locate file for PHPUnit\Util\Test
Using composer to locate file for PHPUnit\Framework\IncompleteTest
Using composer to locate file for PHPUnit\Framework\SkippedTest
Using composer to locate file for PHPUnit\Framework\Warning
Using reflection to locate file for Prophecy\Exception\Prediction\PredictionException
Using composer to locate file for PHPUnit\Framework\RiskyTestError
Using composer to locate file for SebastianBergmann\ObjectEnumerator\InvalidArgumentException
Using composer to locate file for PHPUnit\Framework\Constraint\Exception
Using composer to locate file for PHPUnit\Framework\Constraint\ExceptionMessage
Using composer to locate file for PHPUnit\Framework\Constraint\ExceptionMessageRegularExpression
Using composer to locate file for PHPUnit\Framework\Constraint\ExceptionCode
Using composer to locate file for PHPUnit\Framework\MockObject\Stub
Using reflection to locate file for SoapClient
Using reflection to locate file for SoapFault
Using reflection to locate file for Prophecy\Prophecy\ObjectProphecy
Using reflection to locate file for Prophecy\Exception\Doubler\ClassNotFoundException
Using reflection to locate file for Prophecy\Exception\Doubler\DoubleException
Using reflection to locate file for Prophecy\Exception\Doubler\InterfaceNotFoundException
Using composer to locate file for SebastianBergmann\GlobalState\Restorer
Using composer to locate file for SebastianBergmann\GlobalState\ExcludeList
Using composer to locate file for SebastianBergmann\Diff\Differ
Using composer to locate file for SebastianBergmann\ObjectEnumerator\Enumerator
Using composer to locate file for SebastianBergmann\ObjectReflector\InvalidArgumentException
Using composer to locate file for PHPUnit\Util\Cloner
Using composer to locate file for PHPUnit\Runner\PhptTestCase
Using reflection to locate file for WC_Order_Item
Using reflection to locate file for WC_Order_Item_Product
Using reflection to locate file for WC_Product
Using reflection to locate file for WC_Order_Item_Fee
Using composer to locate file for Automattic\WooCommerce\Internal\ShopperLists\ShopperList
Using composer to locate file for Automattic\WooCommerce\Internal\ShopperLists\ShopperListItem
Using composer to locate file for Automattic\WooCommerce\StoreApi\Utilities\OrderAuthorizationTrait
Using reflection to locate file for WP_REST_Request
Using composer to locate file for Automattic\WooCommerce\StoreApi\Exceptions\InvalidStockLevelsInCartException
Using reflection to locate file for WP_REST_Response
Using reflection to locate file for WC_Payment_Gateway
Using reflection to locate file for WP_HTTP_Response
Using composer to locate file for Automattic\WooCommerce\StoreApi\Routes\V1\ShopperListsNonceCheck
Using composer to locate file for Automattic\WooCommerce\Internal\RegisterHooksInterface
Using composer to locate file for Automattic\WooCommerce\Blocks\Domain\Services\CheckoutFieldTypes\AbstractFieldType
Using composer to locate file for Automattic\WooCommerce\Blocks\Assets\AssetDataRegistry
Using composer to locate file for Automattic\WooCommerce\Blocks\Domain\Services\CheckoutFieldsStorage
Using composer to locate file for Automattic\WooCommerce\Blocks\Domain\Services\FeatureGating
Using reflection to get metadata for DateTimeZone
Using composer to locate file for Automattic\WooCommerce\StoreApi\Exceptions\TooManyInCartException
Using composer to locate file for Automattic\WooCommerce\StoreApi\Exceptions\NotPurchasableException
Using composer to locate file for Automattic\WooCommerce\StoreApi\Exceptions\PartialOutOfStockException
Using composer to locate file for Automattic\WooCommerce\StoreApi\Exceptions\OutOfStockException
Using reflection to locate file for Automattic\WooCommerce\StoreApi\Utilities\Error
Using reflection to locate file for WC_Payment_Token
Using reflection to locate file for WC_Session
Using composer to locate file for Automattic\WooCommerce\Internal\ProductFilters\Interfaces\QueryClausesGenerator
Using reflection to locate file for WP_Query
Using reflection to locate file for WC_Query
Using reflection to locate file for Amp\ForbidCloning
Using reflection to locate file for Amp\ForbidSerialization
Using reflection to locate file for Amp\Internal\mixed
Using reflection to locate file for Revolt\EventLoop\Driver
Using reflection to locate file for Revolt\mixed
Using reflection to locate file for Revolt\EventLoop\InvalidCallbackError
Using reflection to locate file for Revolt\EventLoop\CallbackType
Using reflection to locate file for Revolt\EventLoop\Suspension
Using reflection to locate file for Amp\Sync\Lock
Using reflection to get metadata for Fiber
Using reflection to locate file for Revolt\EventLoop\mixed
Using reflection to locate file for Amp\Closable
Using reflection to locate file for Amp\Pipeline\Pipeline
Using reflection to locate file for Amp\Pipeline\ConcurrentIterator
Using reflection to locate file for Amp\Pipeline\mixed
Using reflection to locate file for Amp\Pipeline\DisposedException
Using reflection to locate file for Amp\Sync\Internal\mixed
Using reflection to locate file for Amp\ByteStream\PendingReadError
Using reflection to locate file for Amp\ByteStream\StreamException
Using reflection to locate file for Amp\ByteStream\ClosedException
Using reflection to locate file for Amp\ByteStream\ResourceStream
Using reflection to get metadata for IteratorAggregate
Using reflection to locate file for Amp\ByteStream\ReadableStreamIteratorAggregate
Using reflection to locate file for Amp\Dns\MissingDnsRecordException
Using reflection to locate file for Amp\Dns\DnsRecord
Using reflection to get metadata for Override
Using reflection to locate file for Amp\Socket\SocketAddressType
Using reflection to locate file for Amp\Socket\InternetAddressVersion
Using reflection to locate file for Amp\Parallel\Context\ContextException
Using reflection to locate file for Amp\Parallel\Ipc\IpcHub
Using reflection to locate file for Amp\ByteStream\mixed
Using reflection to locate file for Amp\Parallel\Context\Internal\mixed
Using reflection to locate file for Amp\Parallel\Context\Internal\ExitResult
Using reflection to locate file for Amp\Parallel\Context\ContextPanicError
Using reflection to locate file for Amp\Parallel\Context\Internal\never
Using reflection to locate file for Amp\Socket\TlsState
Using reflection to locate file for Amp\Socket\TlsInfo
Using reflection to locate file for Amp\Socket\ConnectContext
Using reflection to locate file for Amp\Socket\ConnectException
Using reflection to locate file for Amp\Parallel\Context\StatusError
Using reflection to locate file for Amp\Parallel\Worker\LimitedWorkerPool
Using reflection to get metadata for SplObjectStorage
Using reflection to get metadata for SplQueue
Using reflection to locate file for Amp\DeferredFuture
Using reflection to locate file for Amp\Parallel\Worker\WorkerException
Using reflection to locate file for Amp\Parallel\Worker\mixed
Using reflection to locate file for Composer\Semver\Constraint\ConstraintInterface
Using reflection to locate file for DMS\PHPUnitExtensions\ArraySubset\Constraint\Exception
Using composer to locate file for SebastianBergmann\RecursionContext\Context
Using composer to locate file for PHPUnit\Framework\TestSuite
Parsing /home/reza/woocommerce/plugins/woocommerce/vendor/myclabs/deep-copy/src/DeepCopy/Filter/Filter.php because we cannot use cache
Scanning /home/reza/woocommerce/plugins/woocommerce/vendor/myclabs/deep-copy/src/DeepCopy/Filter/Filter.php
Parsing /home/reza/woocommerce/plugins/woocommerce/vendor/myclabs/deep-copy/src/DeepCopy/Matcher/Matcher.php because we cannot use cache
Scanning /home/reza/woocommerce/plugins/woocommerce/vendor/myclabs/deep-copy/src/DeepCopy/Matcher/Matcher.php
Parsing /home/reza/woocommerce/plugins/woocommerce/vendor/myclabs/deep-copy/src/DeepCopy/TypeFilter/TypeFilter.php because we cannot use cache
Scanning /home/reza/woocommerce/plugins/woocommerce/vendor/myclabs/deep-copy/src/DeepCopy/TypeFilter/TypeFilter.php
Parsing /home/reza/woocommerce/plugins/woocommerce/vendor/myclabs/deep-copy/src/DeepCopy/TypeMatcher/TypeMatcher.php because we cannot use cache
Scanning /home/reza/woocommerce/plugins/woocommerce/vendor/myclabs/deep-copy/src/DeepCopy/TypeMatcher/TypeMatcher.php
Parsing /home/reza/woocommerce/plugins/woocommerce/vendor/myclabs/deep-copy/src/DeepCopy/Exception/CloneException.php because we cannot use cache
Scanning /home/reza/woocommerce/plugins/woocommerce/vendor/myclabs/deep-copy/src/DeepCopy/Exception/CloneException.php
Parsing /home/reza/woocommerce/plugins/woocommerce/vendor/symfony/polyfill-intl-normalizer/Resources/stubs/Normalizer.php because we cannot use cache
Scanning /home/reza/woocommerce/plugins/woocommerce/vendor/symfony/polyfill-intl-normalizer/Resources/stubs/Normalizer.php
Parsing /home/reza/woocommerce/plugins/woocommerce/vendor/sebastian/comparator/src/ComparisonFailure.php because we cannot use cache
Scanning /home/reza/woocommerce/plugins/woocommerce/vendor/sebastian/comparator/src/ComparisonFailure.php
Parsing /home/reza/woocommerce/plugins/woocommerce/vendor/sebastian/recursion-context/src/Exception.php because we cannot use cache
Scanning /home/reza/woocommerce/plugins/woocommerce/vendor/sebastian/recursion-context/src/Exception.php
Parsing /home/reza/woocommerce/plugins/woocommerce/vendor/phpunit/phpunit/src/Exception.php because we cannot use cache
Scanning /home/reza/woocommerce/plugins/woocommerce/vendor/phpunit/phpunit/src/Exception.php
Parsing /home/reza/woocommerce/plugins/woocommerce/vendor/phpunit/phpunit/src/Framework/Exception/IncompleteTestError.php because we cannot use cache
Scanning /home/reza/woocommerce/plugins/woocommerce/vendor/phpunit/phpunit/src/Framework/Exception/IncompleteTestError.php
Parsing /home/reza/woocommerce/plugins/woocommerce/vendor/phpunit/phpunit/src/Framework/Exception/SkippedTestError.php because we cannot use cache
Scanning /home/reza/woocommerce/plugins/woocommerce/vendor/phpunit/phpunit/src/Framework/Exception/SkippedTestError.php
Parsing /home/reza/woocommerce/plugins/woocommerce/vendor/phpunit/phpunit/src/Framework/Exception/SyntheticSkippedError.php because we cannot use cache
Scanning /home/reza/woocommerce/plugins/woocommerce/vendor/phpunit/phpunit/src/Framework/Exception/SyntheticSkippedError.php
Parsing /home/reza/woocommerce/plugins/woocommerce/vendor/phpunit/phpunit/src/Framework/SelfDescribing.php because we cannot use cache
Scanning /home/reza/woocommerce/plugins/woocommerce/vendor/phpunit/phpunit/src/Framework/SelfDescribing.php
Parsing /home/reza/woocommerce/plugins/woocommerce/vendor/phpunit/phpunit/src/Framework/Constraint/Operator/Operator.php because we cannot use cache
Scanning /home/reza/woocommerce/plugins/woocommerce/vendor/phpunit/phpunit/src/Framework/Constraint/Operator/Operator.php
Parsing /home/reza/woocommerce/plugins/woocommerce/vendor/phpunit/phpunit/src/Framework/Constraint/Operator/BinaryOperator.php because we cannot use cache
Scanning /home/reza/woocommerce/plugins/woocommerce/vendor/phpunit/phpunit/src/Framework/Constraint/Operator/BinaryOperator.php
Parsing /home/reza/woocommerce/plugins/woocommerce/vendor/phpunit/phpunit/src/Framework/Constraint/Operator/UnaryOperator.php because we cannot use cache
Scanning /home/reza/woocommerce/plugins/woocommerce/vendor/phpunit/phpunit/src/Framework/Constraint/Operator/UnaryOperator.php
Parsing /home/reza/woocommerce/plugins/woocommerce/vendor/phpunit/phpunit/src/Framework/Constraint/Traversable/TraversableContains.php because we cannot use cache
Scanning /home/reza/woocommerce/plugins/woocommerce/vendor/phpunit/phpunit/src/Framework/Constraint/Traversable/TraversableContains.php
Parsing /home/reza/woocommerce/plugins/woocommerce/vendor/phpunit/phpunit/src/Framework/Exception/ActualValueIsNotAnObjectException.php because we cannot use cache
Scanning /home/reza/woocommerce/plugins/woocommerce/vendor/phpunit/phpunit/src/Framework/Exception/ActualValueIsNotAnObjectException.php
Parsing /home/reza/woocommerce/plugins/woocommerce/vendor/phpunit/phpunit/src/Framework/Exception/ComparisonMethodDoesNotAcceptParameterTypeException.php because we cannot use cache
Scanning /home/reza/woocommerce/plugins/woocommerce/vendor/phpunit/phpunit/src/Framework/Exception/ComparisonMethodDoesNotAcceptParameterTypeException.php
Parsing /home/reza/woocommerce/plugins/woocommerce/vendor/phpunit/phpunit/src/Framework/Exception/ComparisonMethodDoesNotDeclareBoolReturnTypeException.php because we cannot use cache
Scanning /home/reza/woocommerce/plugins/woocommerce/vendor/phpunit/phpunit/src/Framework/Exception/ComparisonMethodDoesNotDeclareBoolReturnTypeException.php
Parsing /home/reza/woocommerce/plugins/woocommerce/vendor/phpunit/phpunit/src/Framework/Exception/ComparisonMethodDoesNotDeclareExactlyOneParameterException.php because we cannot use cache
Scanning /home/reza/woocommerce/plugins/woocommerce/vendor/phpunit/phpunit/src/Framework/Exception/ComparisonMethodDoesNotDeclareExactlyOneParameterException.php
Parsing /home/reza/woocommerce/plugins/woocommerce/vendor/phpunit/phpunit/src/Framework/Exception/ComparisonMethodDoesNotDeclareParameterTypeException.php because we cannot use cache
Scanning /home/reza/woocommerce/plugins/woocommerce/vendor/phpunit/phpunit/src/Framework/Exception/ComparisonMethodDoesNotDeclareParameterTypeException.php
Parsing /home/reza/woocommerce/plugins/woocommerce/vendor/phpunit/phpunit/src/Framework/Exception/ComparisonMethodDoesNotExistException.php because we cannot use cache
Scanning /home/reza/woocommerce/plugins/woocommerce/vendor/phpunit/phpunit/src/Framework/Exception/ComparisonMethodDoesNotExistException.php
Parsing /home/reza/woocommerce/plugins/woocommerce/vendor/phpunit/phpunit/src/Framework/MockObject/Rule/InvocationOrder.php because we cannot use cache
Scanning /home/reza/woocommerce/plugins/woocommerce/vendor/phpunit/phpunit/src/Framework/MockObject/Rule/InvocationOrder.php
Parsing /home/reza/woocommerce/plugins/woocommerce/vendor/phpunit/phpunit/src/Framework/MockObject/Invocation.php because we cannot use cache
Scanning /home/reza/woocommerce/plugins/woocommerce/vendor/phpunit/phpunit/src/Framework/MockObject/Invocation.php
Parsing /home/reza/woocommerce/plugins/woocommerce/vendor/phpunit/phpunit/src/Framework/MockObject/Stub/Stub.php because we cannot use cache
Scanning /home/reza/woocommerce/plugins/woocommerce/vendor/phpunit/phpunit/src/Framework/MockObject/Stub/Stub.php
Parsing /home/reza/woocommerce/plugins/woocommerce/vendor/phpunit/phpunit/src/Framework/MockObject/Exception/RuntimeException.php because we cannot use cache
Scanning /home/reza/woocommerce/plugins/woocommerce/vendor/phpunit/phpunit/src/Framework/MockObject/Exception/RuntimeException.php
Parsing /home/reza/woocommerce/plugins/woocommerce/vendor/symfony/string/AbstractUnicodeString.php because we cannot use cache
Scanning /home/reza/woocommerce/plugins/woocommerce/vendor/symfony/string/AbstractUnicodeString.php
Parsing /home/reza/woocommerce/plugins/woocommerce/vendor/symfony/string/CodePointString.php because we cannot use cache
Scanning /home/reza/woocommerce/plugins/woocommerce/vendor/symfony/string/CodePointString.php
Parsing /home/reza/woocommerce/plugins/woocommerce/vendor/mockery/mockery/library/Mockery/Expectation.php because we cannot use cache
Scanning /home/reza/woocommerce/plugins/woocommerce/vendor/mockery/mockery/library/Mockery/Expectation.php
Parsing /home/reza/woocommerce/plugins/woocommerce/vendor/mockery/mockery/library/Mockery/ExpectationDirector.php because we cannot use cache
Scanning /home/reza/woocommerce/plugins/woocommerce/vendor/mockery/mockery/library/Mockery/ExpectationDirector.php
Parsing /home/reza/woocommerce/plugins/woocommerce/vendor/mockery/mockery/library/Mockery/HigherOrderMessage.php because we cannot use cache
Scanning /home/reza/woocommerce/plugins/woocommerce/vendor/mockery/mockery/library/Mockery/HigherOrderMessage.php
Parsing /home/reza/woocommerce/plugins/woocommerce/vendor/mockery/mockery/library/Mockery/ExpectsHigherOrderMessage.php because we cannot use cache
Scanning /home/reza/woocommerce/plugins/woocommerce/vendor/mockery/mockery/library/Mockery/ExpectsHigherOrderMessage.php
Parsing /home/reza/woocommerce/plugins/woocommerce/vendor/mockery/mockery/library/Mockery/Matcher/MatcherAbstract.php because we cannot use cache
Scanning /home/reza/woocommerce/plugins/woocommerce/vendor/mockery/mockery/library/Mockery/Matcher/MatcherAbstract.php
Parsing /home/reza/woocommerce/plugins/woocommerce/vendor/mockery/mockery/library/Mockery/Matcher/ArgumentListMatcher.php because we cannot use cache
Scanning /home/reza/woocommerce/plugins/woocommerce/vendor/mockery/mockery/library/Mockery/Matcher/ArgumentListMatcher.php
Parsing /home/reza/woocommerce/plugins/woocommerce/vendor/mockery/mockery/library/Mockery/QuickDefinitionsConfiguration.php because we cannot use cache
Scanning /home/reza/woocommerce/plugins/woocommerce/vendor/mockery/mockery/library/Mockery/QuickDefinitionsConfiguration.php
Parsing /home/reza/woocommerce/plugins/woocommerce/vendor/mockery/mockery/library/Mockery/Instantiator.php because we cannot use cache
Scanning /home/reza/woocommerce/plugins/woocommerce/vendor/mockery/mockery/library/Mockery/Instantiator.php
Parsing /home/reza/woocommerce/plugins/woocommerce/vendor/mockery/mockery/library/Mockery/Exception/RuntimeException.php because we cannot use cache
Scanning /home/reza/woocommerce/plugins/woocommerce/vendor/mockery/mockery/library/Mockery/Exception/RuntimeException.php
Parsing /home/reza/woocommerce/plugins/woocommerce/vendor/mockery/mockery/library/Mockery/Generator/MockConfiguration.php because we cannot use cache
Scanning /home/reza/woocommerce/plugins/woocommerce/vendor/mockery/mockery/library/Mockery/Generator/MockConfiguration.php
Parsing /home/reza/woocommerce/plugins/woocommerce/vendor/mockery/mockery/library/Mockery/Generator/MockDefinition.php because we cannot use cache
Scanning /home/reza/woocommerce/plugins/woocommerce/vendor/mockery/mockery/library/Mockery/Generator/MockDefinition.php
Parsing /home/reza/woocommerce/plugins/woocommerce/vendor/mockery/mockery/library/Mockery/Generator/StringManipulation/Pass/Pass.php because we cannot use cache
Scanning /home/reza/woocommerce/plugins/woocommerce/vendor/mockery/mockery/library/Mockery/Generator/StringManipulation/Pass/Pass.php
Parsing /home/reza/woocommerce/plugins/woocommerce/vendor/mockery/mockery/library/Mockery/Exception/MockeryExceptionInterface.php because we cannot use cache
Scanning /home/reza/woocommerce/plugins/woocommerce/vendor/mockery/mockery/library/Mockery/Exception/MockeryExceptionInterface.php
Parsing /home/reza/woocommerce/plugins/woocommerce/vendor/phpunit/phpunit/src/Framework/Assert.php because we cannot use cache
Deep scanning /home/reza/woocommerce/plugins/woocommerce/vendor/phpunit/phpunit/src/Framework/Assert.php
Parsing /home/reza/woocommerce/plugins/woocommerce/vendor/phpunit/phpunit/src/Framework/Reorderable.php because we cannot use cache
Scanning /home/reza/woocommerce/plugins/woocommerce/vendor/phpunit/phpunit/src/Framework/Reorderable.php
Parsing /home/reza/woocommerce/plugins/woocommerce/vendor/phpunit/phpunit/src/Framework/Test.php because we cannot use cache
Scanning /home/reza/woocommerce/plugins/woocommerce/vendor/phpunit/phpunit/src/Framework/Test.php
Parsing /home/reza/woocommerce/plugins/woocommerce/vendor/phpunit/phpunit/src/Framework/ExecutionOrderDependency.php because we cannot use cache
Scanning /home/reza/woocommerce/plugins/woocommerce/vendor/phpunit/phpunit/src/Framework/ExecutionOrderDependency.php
Parsing /home/reza/woocommerce/plugins/woocommerce/vendor/phpunit/phpunit/src/Framework/MockObject/MockObject.php because we cannot use cache
Scanning /home/reza/woocommerce/plugins/woocommerce/vendor/phpunit/phpunit/src/Framework/MockObject/MockObject.php
Parsing /home/reza/woocommerce/plugins/woocommerce/vendor/phpunit/phpunit/src/Framework/MockObject/Generator.php because we cannot use cache
Scanning /home/reza/woocommerce/plugins/woocommerce/vendor/phpunit/phpunit/src/Framework/MockObject/Generator.php
Parsing /home/reza/woocommerce/plugins/woocommerce/vendor/phpunit/phpunit/src/Framework/TestResult.php because we cannot use cache
Scanning /home/reza/woocommerce/plugins/woocommerce/vendor/phpunit/phpunit/src/Framework/TestResult.php
Parsing /home/reza/woocommerce/plugins/woocommerce/vendor/sebastian/global-state/src/Snapshot.php because we cannot use cache
Scanning /home/reza/woocommerce/plugins/woocommerce/vendor/sebastian/global-state/src/Snapshot.php
Parsing /home/reza/woocommerce/plugins/woocommerce/vendor/sebastian/comparator/src/Comparator.php because we cannot use cache
Scanning /home/reza/woocommerce/plugins/woocommerce/vendor/sebastian/comparator/src/Comparator.php
Parsing /home/reza/woocommerce/plugins/woocommerce/vendor/phpunit/phpunit/src/Runner/BaseTestRunner.php because we cannot use cache
Scanning /home/reza/woocommerce/plugins/woocommerce/vendor/phpunit/phpunit/src/Runner/BaseTestRunner.php
Parsing /home/reza/woocommerce/plugins/woocommerce/vendor/phpunit/phpunit/src/Framework/Error/Deprecated.php because we cannot use cache
Scanning /home/reza/woocommerce/plugins/woocommerce/vendor/phpunit/phpunit/src/Framework/Error/Deprecated.php
Parsing /home/reza/woocommerce/plugins/woocommerce/vendor/phpunit/phpunit/src/Framework/Error/Error.php because we cannot use cache
Scanning /home/reza/woocommerce/plugins/woocommerce/vendor/phpunit/phpunit/src/Framework/Error/Error.php
Parsing /home/reza/woocommerce/plugins/woocommerce/vendor/phpunit/phpunit/src/Framework/Error/Notice.php because we cannot use cache
Scanning /home/reza/woocommerce/plugins/woocommerce/vendor/phpunit/phpunit/src/Framework/Error/Notice.php
Parsing /home/reza/woocommerce/plugins/woocommerce/vendor/phpunit/phpunit/src/Framework/Error/Warning.php because we cannot use cache
Scanning /home/reza/woocommerce/plugins/woocommerce/vendor/phpunit/phpunit/src/Framework/Error/Warning.php
Parsing /home/reza/woocommerce/plugins/woocommerce/vendor/phpunit/php-code-coverage/src/Exception/InvalidArgumentException.php because we cannot use cache
Scanning /home/reza/woocommerce/plugins/woocommerce/vendor/phpunit/php-code-coverage/src/Exception/InvalidArgumentException.php
Parsing /home/reza/woocommerce/plugins/woocommerce/vendor/phpunit/phpunit/src/Framework/Exception/CodeCoverageException.php because we cannot use cache
Scanning /home/reza/woocommerce/plugins/woocommerce/vendor/phpunit/phpunit/src/Framework/Exception/CodeCoverageException.php
Parsing /home/reza/woocommerce/plugins/woocommerce/vendor/phpunit/php-code-coverage/src/Exception/UnintentionallyCoveredCodeException.php because we cannot use cache
Scanning /home/reza/woocommerce/plugins/woocommerce/vendor/phpunit/php-code-coverage/src/Exception/UnintentionallyCoveredCodeException.php
Parsing /home/reza/woocommerce/plugins/woocommerce/vendor/phpunit/phpunit/src/Framework/ErrorTestCase.php because we cannot use cache
Scanning /home/reza/woocommerce/plugins/woocommerce/vendor/phpunit/phpunit/src/Framework/ErrorTestCase.php
Parsing /home/reza/woocommerce/plugins/woocommerce/vendor/phpunit/phpunit/src/Framework/WarningTestCase.php because we cannot use cache
Scanning /home/reza/woocommerce/plugins/woocommerce/vendor/phpunit/phpunit/src/Framework/WarningTestCase.php
Parsing /home/reza/woocommerce/plugins/woocommerce/vendor/phpunit/phpunit/src/Framework/SkippedTestCase.php because we cannot use cache
Scanning /home/reza/woocommerce/plugins/woocommerce/vendor/phpunit/phpunit/src/Framework/SkippedTestCase.php
Parsing /home/reza/woocommerce/plugins/woocommerce/vendor/phpunit/php-text-template/src/Template.php because we cannot use cache
Scanning /home/reza/woocommerce/plugins/woocommerce/vendor/phpunit/php-text-template/src/Template.php
Parsing /home/reza/woocommerce/plugins/woocommerce/vendor/phpunit/phpunit/src/Util/GlobalState.php because we cannot use cache
Scanning /home/reza/woocommerce/plugins/woocommerce/vendor/phpunit/phpunit/src/Util/GlobalState.php
Parsing /home/reza/woocommerce/plugins/woocommerce/vendor/phpunit/phpunit/src/Util/PHP/AbstractPhpProcess.php because we cannot use cache
Scanning /home/reza/woocommerce/plugins/woocommerce/vendor/phpunit/phpunit/src/Util/PHP/AbstractPhpProcess.php
Parsing /home/reza/woocommerce/plugins/woocommerce/vendor/phpunit/phpunit/src/Framework/MockObject/MockBuilder.php because we cannot use cache
Scanning /home/reza/woocommerce/plugins/woocommerce/vendor/phpunit/phpunit/src/Framework/MockObject/MockBuilder.php
Parsing /home/reza/woocommerce/plugins/woocommerce/vendor/sebastian/comparator/src/Factory.php because we cannot use cache
Scanning /home/reza/woocommerce/plugins/woocommerce/vendor/sebastian/comparator/src/Factory.php
Parsing /home/reza/woocommerce/plugins/woocommerce/vendor/phpunit/phpunit/src/Util/Test.php because we cannot use cache
Scanning /home/reza/woocommerce/plugins/woocommerce/vendor/phpunit/phpunit/src/Util/Test.php
Parsing /home/reza/woocommerce/plugins/woocommerce/vendor/phpunit/phpunit/src/Framework/IncompleteTest.php because we cannot use cache
Scanning /home/reza/woocommerce/plugins/woocommerce/vendor/phpunit/phpunit/src/Framework/IncompleteTest.php
Parsing /home/reza/woocommerce/plugins/woocommerce/vendor/phpunit/phpunit/src/Framework/SkippedTest.php because we cannot use cache
Scanning /home/reza/woocommerce/plugins/woocommerce/vendor/phpunit/phpunit/src/Framework/SkippedTest.php
Parsing /home/reza/woocommerce/plugins/woocommerce/vendor/phpunit/phpunit/src/Framework/Exception/RiskyTestError.php because we cannot use cache
Scanning /home/reza/woocommerce/plugins/woocommerce/vendor/phpunit/phpunit/src/Framework/Exception/RiskyTestError.php
Parsing /home/reza/woocommerce/plugins/woocommerce/vendor/sebastian/object-enumerator/src/InvalidArgumentException.php because we cannot use cache
Scanning /home/reza/woocommerce/plugins/woocommerce/vendor/sebastian/object-enumerator/src/InvalidArgumentException.php
Parsing /home/reza/woocommerce/plugins/woocommerce/vendor/phpunit/phpunit/src/Framework/Constraint/Exception/Exception.php because we cannot use cache
Scanning /home/reza/woocommerce/plugins/woocommerce/vendor/phpunit/phpunit/src/Framework/Constraint/Exception/Exception.php
Parsing /home/reza/woocommerce/plugins/woocommerce/vendor/phpunit/phpunit/src/Framework/Constraint/Exception/ExceptionMessage.php because we cannot use cache
Scanning /home/reza/woocommerce/plugins/woocommerce/vendor/phpunit/phpunit/src/Framework/Constraint/Exception/ExceptionMessage.php
Parsing /home/reza/woocommerce/plugins/woocommerce/vendor/phpunit/phpunit/src/Framework/Constraint/Exception/ExceptionMessageRegularExpression.php because we cannot use cache
Scanning /home/reza/woocommerce/plugins/woocommerce/vendor/phpunit/phpunit/src/Framework/Constraint/Exception/ExceptionMessageRegularExpression.php
Parsing /home/reza/woocommerce/plugins/woocommerce/vendor/phpunit/phpunit/src/Framework/Constraint/Exception/ExceptionCode.php because we cannot use cache
Scanning /home/reza/woocommerce/plugins/woocommerce/vendor/phpunit/phpunit/src/Framework/Constraint/Exception/ExceptionCode.php
Parsing /home/reza/woocommerce/plugins/woocommerce/vendor/phpunit/phpunit/src/Framework/MockObject/Stub.php because we cannot use cache
Scanning /home/reza/woocommerce/plugins/woocommerce/vendor/phpunit/phpunit/src/Framework/MockObject/Stub.php
Parsing /home/reza/woocommerce/plugins/woocommerce/vendor/sebastian/global-state/src/Restorer.php because we cannot use cache
Scanning /home/reza/woocommerce/plugins/woocommerce/vendor/sebastian/global-state/src/Restorer.php
Parsing /home/reza/woocommerce/plugins/woocommerce/vendor/sebastian/global-state/src/ExcludeList.php because we cannot use cache
Scanning /home/reza/woocommerce/plugins/woocommerce/vendor/sebastian/global-state/src/ExcludeList.php
Parsing /home/reza/woocommerce/plugins/woocommerce/vendor/sebastian/diff/src/Differ.php because we cannot use cache
Scanning /home/reza/woocommerce/plugins/woocommerce/vendor/sebastian/diff/src/Differ.php
Parsing /home/reza/woocommerce/plugins/woocommerce/vendor/sebastian/object-enumerator/src/Enumerator.php because we cannot use cache
Scanning /home/reza/woocommerce/plugins/woocommerce/vendor/sebastian/object-enumerator/src/Enumerator.php
Parsing /home/reza/woocommerce/plugins/woocommerce/vendor/sebastian/object-reflector/src/InvalidArgumentException.php because we cannot use cache
Scanning /home/reza/woocommerce/plugins/woocommerce/vendor/sebastian/object-reflector/src/InvalidArgumentException.php
Parsing /home/reza/woocommerce/plugins/woocommerce/vendor/phpunit/phpunit/src/Util/Cloner.php because we cannot use cache
Scanning /home/reza/woocommerce/plugins/woocommerce/vendor/phpunit/phpunit/src/Util/Cloner.php
Parsing /home/reza/woocommerce/plugins/woocommerce/vendor/phpunit/phpunit/src/Runner/PhptTestCase.php because we cannot use cache
Scanning /home/reza/woocommerce/plugins/woocommerce/vendor/phpunit/phpunit/src/Runner/PhptTestCase.php
Parsing /home/reza/woocommerce/plugins/woocommerce/src/Internal/ShopperLists/ShopperList.php because the cache is absent or outdated
Scanning /home/reza/woocommerce/plugins/woocommerce/src/Internal/ShopperLists/ShopperList.php
Parsing /home/reza/woocommerce/plugins/woocommerce/src/Internal/ShopperLists/ShopperListItem.php because the cache is absent or outdated
Scanning /home/reza/woocommerce/plugins/woocommerce/src/Internal/ShopperLists/ShopperListItem.php
Parsing /home/reza/woocommerce/plugins/woocommerce/src/StoreApi/Utilities/OrderAuthorizationTrait.php because the cache is absent or outdated
Scanning /home/reza/woocommerce/plugins/woocommerce/src/StoreApi/Utilities/OrderAuthorizationTrait.php
Parsing /home/reza/woocommerce/plugins/woocommerce/src/StoreApi/Exceptions/InvalidStockLevelsInCartException.php because the cache is absent or outdated
Scanning /home/reza/woocommerce/plugins/woocommerce/src/StoreApi/Exceptions/InvalidStockLevelsInCartException.php
Parsing /home/reza/woocommerce/plugins/woocommerce/src/StoreApi/Routes/V1/ShopperListsNonceCheck.php because the cache is absent or outdated
Scanning /home/reza/woocommerce/plugins/woocommerce/src/StoreApi/Routes/V1/ShopperListsNonceCheck.php
Parsing /home/reza/woocommerce/plugins/woocommerce/src/Internal/RegisterHooksInterface.php because the cache is absent or outdated
Scanning /home/reza/woocommerce/plugins/woocommerce/src/Internal/RegisterHooksInterface.php
Parsing /home/reza/woocommerce/plugins/woocommerce/src/Blocks/Domain/Services/CheckoutFieldTypes/AbstractFieldType.php because the cache is absent or outdated
Scanning /home/reza/woocommerce/plugins/woocommerce/src/Blocks/Domain/Services/CheckoutFieldTypes/AbstractFieldType.php
Parsing /home/reza/woocommerce/plugins/woocommerce/src/Blocks/Assets/AssetDataRegistry.php because the cache is absent or outdated
Scanning /home/reza/woocommerce/plugins/woocommerce/src/Blocks/Assets/AssetDataRegistry.php
Parsing /home/reza/woocommerce/plugins/woocommerce/src/Blocks/Domain/Services/CheckoutFieldsStorage.php because the cache is absent or outdated
Scanning /home/reza/woocommerce/plugins/woocommerce/src/Blocks/Domain/Services/CheckoutFieldsStorage.php
Parsing /home/reza/woocommerce/plugins/woocommerce/src/Blocks/Domain/Services/FeatureGating.php because the cache is absent or outdated
Scanning /home/reza/woocommerce/plugins/woocommerce/src/Blocks/Domain/Services/FeatureGating.php
Parsing /home/reza/woocommerce/plugins/woocommerce/src/StoreApi/Exceptions/TooManyInCartException.php because the cache is absent or outdated
Scanning /home/reza/woocommerce/plugins/woocommerce/src/StoreApi/Exceptions/TooManyInCartException.php
Parsing /home/reza/woocommerce/plugins/woocommerce/src/StoreApi/Exceptions/NotPurchasableException.php because the cache is absent or outdated
Scanning /home/reza/woocommerce/plugins/woocommerce/src/StoreApi/Exceptions/NotPurchasableException.php
Parsing /home/reza/woocommerce/plugins/woocommerce/src/StoreApi/Exceptions/PartialOutOfStockException.php because the cache is absent or outdated
Scanning /home/reza/woocommerce/plugins/woocommerce/src/StoreApi/Exceptions/PartialOutOfStockException.php
Parsing /home/reza/woocommerce/plugins/woocommerce/src/StoreApi/Exceptions/OutOfStockException.php because the cache is absent or outdated
Scanning /home/reza/woocommerce/plugins/woocommerce/src/StoreApi/Exceptions/OutOfStockException.php
Parsing /home/reza/woocommerce/plugins/woocommerce/src/Internal/ProductFilters/Interfaces/QueryClausesGenerator.php because the cache is absent or outdated
Scanning /home/reza/woocommerce/plugins/woocommerce/src/Internal/ProductFilters/Interfaces/QueryClausesGenerator.php
Parsing /home/reza/woocommerce/plugins/woocommerce/bin/composer/psalm/vendor/amphp/amp/src/ForbidCloning.php because we cannot use cache
Scanning /home/reza/woocommerce/plugins/woocommerce/bin/composer/psalm/vendor/amphp/amp/src/ForbidCloning.php
Parsing /home/reza/woocommerce/plugins/woocommerce/bin/composer/psalm/vendor/amphp/amp/src/ForbidSerialization.php because we cannot use cache
Scanning /home/reza/woocommerce/plugins/woocommerce/bin/composer/psalm/vendor/amphp/amp/src/ForbidSerialization.php
Parsing /home/reza/woocommerce/plugins/woocommerce/bin/composer/psalm/vendor/revolt/event-loop/src/EventLoop/Driver.php because we cannot use cache
Scanning /home/reza/woocommerce/plugins/woocommerce/bin/composer/psalm/vendor/revolt/event-loop/src/EventLoop/Driver.php
Parsing /home/reza/woocommerce/plugins/woocommerce/bin/composer/psalm/vendor/revolt/event-loop/src/EventLoop/InvalidCallbackError.php because we cannot use cache
Scanning /home/reza/woocommerce/plugins/woocommerce/bin/composer/psalm/vendor/revolt/event-loop/src/EventLoop/InvalidCallbackError.php
Parsing /home/reza/woocommerce/plugins/woocommerce/bin/composer/psalm/vendor/revolt/event-loop/src/EventLoop/CallbackType.php because we cannot use cache
Scanning /home/reza/woocommerce/plugins/woocommerce/bin/composer/psalm/vendor/revolt/event-loop/src/EventLoop/CallbackType.php
Parsing /home/reza/woocommerce/plugins/woocommerce/bin/composer/psalm/vendor/revolt/event-loop/src/EventLoop/Suspension.php because we cannot use cache
Scanning /home/reza/woocommerce/plugins/woocommerce/bin/composer/psalm/vendor/revolt/event-loop/src/EventLoop/Suspension.php
Parsing /home/reza/woocommerce/plugins/woocommerce/bin/composer/psalm/vendor/amphp/sync/src/Lock.php because we cannot use cache
Scanning /home/reza/woocommerce/plugins/woocommerce/bin/composer/psalm/vendor/amphp/sync/src/Lock.php
Parsing /home/reza/woocommerce/plugins/woocommerce/bin/composer/psalm/vendor/amphp/amp/src/Closable.php because we cannot use cache
Scanning /home/reza/woocommerce/plugins/woocommerce/bin/composer/psalm/vendor/amphp/amp/src/Closable.php
Parsing /home/reza/woocommerce/plugins/woocommerce/bin/composer/psalm/vendor/amphp/pipeline/src/Pipeline.php because we cannot use cache
Scanning /home/reza/woocommerce/plugins/woocommerce/bin/composer/psalm/vendor/amphp/pipeline/src/Pipeline.php
Parsing /home/reza/woocommerce/plugins/woocommerce/bin/composer/psalm/vendor/amphp/pipeline/src/ConcurrentIterator.php because we cannot use cache
Scanning /home/reza/woocommerce/plugins/woocommerce/bin/composer/psalm/vendor/amphp/pipeline/src/ConcurrentIterator.php
Parsing /home/reza/woocommerce/plugins/woocommerce/bin/composer/psalm/vendor/amphp/pipeline/src/DisposedException.php because we cannot use cache
Scanning /home/reza/woocommerce/plugins/woocommerce/bin/composer/psalm/vendor/amphp/pipeline/src/DisposedException.php
Parsing /home/reza/woocommerce/plugins/woocommerce/bin/composer/psalm/vendor/amphp/byte-stream/src/PendingReadError.php because we cannot use cache
Scanning /home/reza/woocommerce/plugins/woocommerce/bin/composer/psalm/vendor/amphp/byte-stream/src/PendingReadError.php
Parsing /home/reza/woocommerce/plugins/woocommerce/bin/composer/psalm/vendor/amphp/byte-stream/src/StreamException.php because we cannot use cache
Scanning /home/reza/woocommerce/plugins/woocommerce/bin/composer/psalm/vendor/amphp/byte-stream/src/StreamException.php
Parsing /home/reza/woocommerce/plugins/woocommerce/bin/composer/psalm/vendor/amphp/byte-stream/src/ClosedException.php because we cannot use cache
Scanning /home/reza/woocommerce/plugins/woocommerce/bin/composer/psalm/vendor/amphp/byte-stream/src/ClosedException.php
Parsing /home/reza/woocommerce/plugins/woocommerce/bin/composer/psalm/vendor/amphp/byte-stream/src/ResourceStream.php because we cannot use cache
Scanning /home/reza/woocommerce/plugins/woocommerce/bin/composer/psalm/vendor/amphp/byte-stream/src/ResourceStream.php
Parsing /home/reza/woocommerce/plugins/woocommerce/bin/composer/psalm/vendor/amphp/byte-stream/src/ReadableStreamIteratorAggregate.php because we cannot use cache
Scanning /home/reza/woocommerce/plugins/woocommerce/bin/composer/psalm/vendor/amphp/byte-stream/src/ReadableStreamIteratorAggregate.php
Parsing /home/reza/woocommerce/plugins/woocommerce/bin/composer/psalm/vendor/amphp/dns/src/MissingDnsRecordException.php because we cannot use cache
Scanning /home/reza/woocommerce/plugins/woocommerce/bin/composer/psalm/vendor/amphp/dns/src/MissingDnsRecordException.php
Parsing /home/reza/woocommerce/plugins/woocommerce/bin/composer/psalm/vendor/amphp/dns/src/DnsRecord.php because we cannot use cache
Scanning /home/reza/woocommerce/plugins/woocommerce/bin/composer/psalm/vendor/amphp/dns/src/DnsRecord.php
Parsing /home/reza/woocommerce/plugins/woocommerce/bin/composer/psalm/vendor/amphp/socket/src/SocketAddressType.php because we cannot use cache
Scanning /home/reza/woocommerce/plugins/woocommerce/bin/composer/psalm/vendor/amphp/socket/src/SocketAddressType.php
Parsing /home/reza/woocommerce/plugins/woocommerce/bin/composer/psalm/vendor/amphp/socket/src/InternetAddressVersion.php because we cannot use cache
Scanning /home/reza/woocommerce/plugins/woocommerce/bin/composer/psalm/vendor/amphp/socket/src/InternetAddressVersion.php
Parsing /home/reza/woocommerce/plugins/woocommerce/bin/composer/psalm/vendor/amphp/parallel/src/Context/ContextException.php because we cannot use cache
Scanning /home/reza/woocommerce/plugins/woocommerce/bin/composer/psalm/vendor/amphp/parallel/src/Context/ContextException.php
Parsing /home/reza/woocommerce/plugins/woocommerce/bin/composer/psalm/vendor/amphp/parallel/src/Ipc/IpcHub.php because we cannot use cache
Scanning /home/reza/woocommerce/plugins/woocommerce/bin/composer/psalm/vendor/amphp/parallel/src/Ipc/IpcHub.php
Parsing /home/reza/woocommerce/plugins/woocommerce/bin/composer/psalm/vendor/amphp/parallel/src/Context/Internal/ExitResult.php because we cannot use cache
Scanning /home/reza/woocommerce/plugins/woocommerce/bin/composer/psalm/vendor/amphp/parallel/src/Context/Internal/ExitResult.php
Parsing /home/reza/woocommerce/plugins/woocommerce/bin/composer/psalm/vendor/amphp/parallel/src/Context/ContextPanicError.php because we cannot use cache
Scanning /home/reza/woocommerce/plugins/woocommerce/bin/composer/psalm/vendor/amphp/parallel/src/Context/ContextPanicError.php
Parsing /home/reza/woocommerce/plugins/woocommerce/bin/composer/psalm/vendor/amphp/socket/src/TlsState.php because we cannot use cache
Scanning /home/reza/woocommerce/plugins/woocommerce/bin/composer/psalm/vendor/amphp/socket/src/TlsState.php
Parsing /home/reza/woocommerce/plugins/woocommerce/bin/composer/psalm/vendor/amphp/socket/src/TlsInfo.php because we cannot use cache
Scanning /home/reza/woocommerce/plugins/woocommerce/bin/composer/psalm/vendor/amphp/socket/src/TlsInfo.php
Parsing /home/reza/woocommerce/plugins/woocommerce/bin/composer/psalm/vendor/amphp/socket/src/ConnectContext.php because we cannot use cache
Scanning /home/reza/woocommerce/plugins/woocommerce/bin/composer/psalm/vendor/amphp/socket/src/ConnectContext.php
Parsing /home/reza/woocommerce/plugins/woocommerce/bin/composer/psalm/vendor/amphp/socket/src/ConnectException.php because we cannot use cache
Scanning /home/reza/woocommerce/plugins/woocommerce/bin/composer/psalm/vendor/amphp/socket/src/ConnectException.php
Parsing /home/reza/woocommerce/plugins/woocommerce/bin/composer/psalm/vendor/amphp/parallel/src/Context/StatusError.php because we cannot use cache
Scanning /home/reza/woocommerce/plugins/woocommerce/bin/composer/psalm/vendor/amphp/parallel/src/Context/StatusError.php
Parsing /home/reza/woocommerce/plugins/woocommerce/bin/composer/psalm/vendor/amphp/parallel/src/Worker/LimitedWorkerPool.php because we cannot use cache
Scanning /home/reza/woocommerce/plugins/woocommerce/bin/composer/psalm/vendor/amphp/parallel/src/Worker/LimitedWorkerPool.php
Parsing /home/reza/woocommerce/plugins/woocommerce/bin/composer/psalm/vendor/amphp/amp/src/DeferredFuture.php because we cannot use cache
Scanning /home/reza/woocommerce/plugins/woocommerce/bin/composer/psalm/vendor/amphp/amp/src/DeferredFuture.php
Parsing /home/reza/woocommerce/plugins/woocommerce/bin/composer/psalm/vendor/amphp/parallel/src/Worker/WorkerException.php because we cannot use cache
Scanning /home/reza/woocommerce/plugins/woocommerce/bin/composer/psalm/vendor/amphp/parallel/src/Worker/WorkerException.php
Parsing /home/reza/woocommerce/plugins/woocommerce/bin/composer/psalm/vendor/composer/semver/src/Constraint/ConstraintInterface.php because we cannot use cache
Scanning /home/reza/woocommerce/plugins/woocommerce/bin/composer/psalm/vendor/composer/semver/src/Constraint/ConstraintInterface.php
Parsing /home/reza/woocommerce/plugins/woocommerce/vendor/sebastian/recursion-context/src/Context.php because we cannot use cache
Scanning /home/reza/woocommerce/plugins/woocommerce/vendor/sebastian/recursion-context/src/Context.php
Parsing /home/reza/woocommerce/plugins/woocommerce/vendor/phpunit/phpunit/src/Framework/TestSuite.php because we cannot use cache
Scanning /home/reza/woocommerce/plugins/woocommerce/vendor/phpunit/phpunit/src/Framework/TestSuite.php
Using reflection to get metadata for ReflectionFunctionAbstract
Using reflection to get metadata for DateTimeInterface
Using composer to locate file for PHPUnit\Framework\SyntheticError
Using composer to locate file for PHPUnit\Framework\MockObject\Verifiable
Using composer to locate file for PHPUnit\Framework\MockObject\Exception
Using reflection to locate file for Transliterator
Using composer to locate file for Mockery\CountValidator\Exact
Using reflection to locate file for Mockery\Matcher\TExpected
Using composer to locate file for Mockery\Generator\Method
Using composer to locate file for Mockery\Generator\TargetClassInterface
Using composer to locate file for Mockery\Generator\DefinedTargetClass
Using composer to locate file for PHPUnit\Util\Type
Using composer to locate file for PHPUnit\Framework\Constraint\ObjectHasProperty
Using composer to locate file for PHPUnit\Framework\Constraint\SameSize
Using composer to locate file for PHPUnit\Util\Xml\Loader
Using composer to locate file for PHPUnit\Util\Xml
Using composer to locate file for PHPUnit\Framework\Constraint\JsonMatches
Using composer to locate file for PHPUnit\Framework\MockObject\Builder\InvocationMocker
Using composer to locate file for PHPUnit\Framework\MockObject\ClassAlreadyExistsException
Using composer to locate file for PHPUnit\Framework\MockObject\ClassIsFinalException
Using composer to locate file for PHPUnit\Framework\MockObject\ClassIsReadonlyException
Using composer to locate file for PHPUnit\Framework\MockObject\DuplicateMethodException
Using composer to locate file for PHPUnit\Framework\MockObject\InvalidMethodNameException
Using composer to locate file for PHPUnit\Framework\MockObject\OriginalConstructorInvocationRequiredException
Using composer to locate file for PHPUnit\Framework\MockObject\ReflectionException
Using composer to locate file for PHPUnit\Framework\MockObject\UnknownTypeException
Using composer to locate file for PHPUnit\Framework\MockObject\UnknownClassException
Using composer to locate file for PHPUnit\Framework\MockObject\UnknownTraitException
Using composer to locate file for PHPUnit\Framework\MockObject\MockClass
Using composer to locate file for PHPUnit\Framework\MockObject\SoapExtensionNotAvailableException
Using composer to locate file for PHPUnit\Framework\MockObject\MockMethod
Using composer to locate file for PHPUnit\Framework\MockObject\MockType
Using composer to locate file for PHPUnit\Framework\TestFailure
Using composer to locate file for PHPUnit\Framework\TestListener
Using composer to locate file for SebastianBergmann\CodeCoverage\CodeCoverage
Using composer to locate file for PHPUnit\Runner\TestSuiteLoader
Using composer to locate file for SebastianBergmann\CodeCoverage\Exception
Using composer to locate file for SebastianBergmann\Template\InvalidArgumentException
Using composer to locate file for SebastianBergmann\Environment\Runtime
Using composer to locate file for PHPUnit\Framework\MockObject\CannotUseOnlyMethodsException
Using composer to locate file for PHPUnit\Framework\MockObject\CannotUseAddMethodsException
Using composer to locate file for SebastianBergmann\ObjectEnumerator\Exception
Using composer to locate file for PHPUnit\Framework\MockObject\Builder\InvocationStubber
Using composer to locate file for PHPUnit\Framework\MockObject\InvocationHandler
Using composer to locate file for SebastianBergmann\GlobalState\RuntimeException
Using composer to locate file for SebastianBergmann\Diff\Output\DiffOutputBuilderInterface
Using composer to locate file for SebastianBergmann\Diff\InvalidArgumentException
Using composer to locate file for SebastianBergmann\Diff\LongestCommonSubsequenceCalculator
Using composer to locate file for SebastianBergmann\ObjectReflector\Exception
Using composer to locate file for PHPUnit\Runner\Exception
Using composer to locate file for SebastianBergmann\CodeCoverage\RawCodeCoverageData
Using reflection to locate file for WC_Product
Using reflection to locate file for WP_REST_Request
Using reflection to locate file for WP_REST_Response
Using composer to locate file for Automattic\WooCommerce\Blocks\Assets\Api
Using reflection to locate file for Automattic\WooCommerce\Blocks\Assets\WP_Post
Using composer to locate file for Automattic\WooCommerce\Admin\DeprecatedClassFacade
Using composer to locate file for Automattic\WooCommerce\StoreApi\Exceptions\StockAvailabilityException
Using reflection to locate file for WP_Query
Using reflection to locate file for Amp\never
Using reflection to locate file for Amp\Pipeline\Internal\IntermediateOperation
Using reflection to locate file for LibDNS\Records\ResourceTypes
Using reflection to locate file for LibDNS\Records\ResourceQTypes
Using reflection to locate file for Amp\Parallel\Context\Internal\ContextException
Using reflection to locate file for Kelunik\Certificate\Certificate
Using reflection to locate file for Amp\Socket\ClientTlsContext
Using reflection to locate file for Composer\Semver\Constraint\Constraint
Using reflection to locate file for Composer\Semver\Constraint\Bound
Using composer to locate file for PHPUnit\Runner\Filter\Factory
Using composer to locate file for PHPUnit\Framework\SkippedTestSuiteError
Using reflection to get metadata for Iterator
Parsing /home/reza/woocommerce/plugins/woocommerce/vendor/phpunit/phpunit/src/Framework/Exception/SyntheticError.php because we cannot use cache
Scanning /home/reza/woocommerce/plugins/woocommerce/vendor/phpunit/phpunit/src/Framework/Exception/SyntheticError.php
Parsing /home/reza/woocommerce/plugins/woocommerce/vendor/phpunit/phpunit/src/Framework/MockObject/Verifiable.php because we cannot use cache
Scanning /home/reza/woocommerce/plugins/woocommerce/vendor/phpunit/phpunit/src/Framework/MockObject/Verifiable.php
Parsing /home/reza/woocommerce/plugins/woocommerce/vendor/phpunit/phpunit/src/Framework/MockObject/Exception/Exception.php because we cannot use cache
Scanning /home/reza/woocommerce/plugins/woocommerce/vendor/phpunit/phpunit/src/Framework/MockObject/Exception/Exception.php
Parsing /home/reza/woocommerce/plugins/woocommerce/vendor/mockery/mockery/library/Mockery/CountValidator/Exact.php because we cannot use cache
Scanning /home/reza/woocommerce/plugins/woocommerce/vendor/mockery/mockery/library/Mockery/CountValidator/Exact.php
Parsing /home/reza/woocommerce/plugins/woocommerce/vendor/mockery/mockery/library/Mockery/Generator/Method.php because we cannot use cache
Scanning /home/reza/woocommerce/plugins/woocommerce/vendor/mockery/mockery/library/Mockery/Generator/Method.php
Parsing /home/reza/woocommerce/plugins/woocommerce/vendor/mockery/mockery/library/Mockery/Generator/TargetClassInterface.php because we cannot use cache
Scanning /home/reza/woocommerce/plugins/woocommerce/vendor/mockery/mockery/library/Mockery/Generator/TargetClassInterface.php
Parsing /home/reza/woocommerce/plugins/woocommerce/vendor/mockery/mockery/library/Mockery/Generator/DefinedTargetClass.php because we cannot use cache
Scanning /home/reza/woocommerce/plugins/woocommerce/vendor/mockery/mockery/library/Mockery/Generator/DefinedTargetClass.php
Parsing /home/reza/woocommerce/plugins/woocommerce/vendor/phpunit/phpunit/src/Util/Type.php because we cannot use cache
Scanning /home/reza/woocommerce/plugins/woocommerce/vendor/phpunit/phpunit/src/Util/Type.php
Parsing /home/reza/woocommerce/plugins/woocommerce/vendor/phpunit/phpunit/src/Framework/Constraint/Object/ObjectHasProperty.php because we cannot use cache
Scanning /home/reza/woocommerce/plugins/woocommerce/vendor/phpunit/phpunit/src/Framework/Constraint/Object/ObjectHasProperty.php
Parsing /home/reza/woocommerce/plugins/woocommerce/vendor/phpunit/phpunit/src/Framework/Constraint/Cardinality/SameSize.php because we cannot use cache
Scanning /home/reza/woocommerce/plugins/woocommerce/vendor/phpunit/phpunit/src/Framework/Constraint/Cardinality/SameSize.php
Parsing /home/reza/woocommerce/plugins/woocommerce/vendor/phpunit/phpunit/src/Util/Xml/Loader.php because we cannot use cache
Scanning /home/reza/woocommerce/plugins/woocommerce/vendor/phpunit/phpunit/src/Util/Xml/Loader.php
Parsing /home/reza/woocommerce/plugins/woocommerce/vendor/phpunit/phpunit/src/Util/Xml.php because we cannot use cache
Scanning /home/reza/woocommerce/plugins/woocommerce/vendor/phpunit/phpunit/src/Util/Xml.php
Parsing /home/reza/woocommerce/plugins/woocommerce/vendor/phpunit/phpunit/src/Framework/Constraint/JsonMatches.php because we cannot use cache
Scanning /home/reza/woocommerce/plugins/woocommerce/vendor/phpunit/phpunit/src/Framework/Constraint/JsonMatches.php
Parsing /home/reza/woocommerce/plugins/woocommerce/vendor/phpunit/phpunit/src/Framework/MockObject/Builder/InvocationMocker.php because we cannot use cache
Scanning /home/reza/woocommerce/plugins/woocommerce/vendor/phpunit/phpunit/src/Framework/MockObject/Builder/InvocationMocker.php
Parsing /home/reza/woocommerce/plugins/woocommerce/vendor/phpunit/phpunit/src/Framework/MockObject/Exception/ClassAlreadyExistsException.php because we cannot use cache
Scanning /home/reza/woocommerce/plugins/woocommerce/vendor/phpunit/phpunit/src/Framework/MockObject/Exception/ClassAlreadyExistsException.php
Parsing /home/reza/woocommerce/plugins/woocommerce/vendor/phpunit/phpunit/src/Framework/MockObject/Exception/ClassIsFinalException.php because we cannot use cache
Scanning /home/reza/woocommerce/plugins/woocommerce/vendor/phpunit/phpunit/src/Framework/MockObject/Exception/ClassIsFinalException.php
Parsing /home/reza/woocommerce/plugins/woocommerce/vendor/phpunit/phpunit/src/Framework/MockObject/Exception/ClassIsReadonlyException.php because we cannot use cache
Scanning /home/reza/woocommerce/plugins/woocommerce/vendor/phpunit/phpunit/src/Framework/MockObject/Exception/ClassIsReadonlyException.php
Parsing /home/reza/woocommerce/plugins/woocommerce/vendor/phpunit/phpunit/src/Framework/MockObject/Exception/DuplicateMethodException.php because we cannot use cache
Scanning /home/reza/woocommerce/plugins/woocommerce/vendor/phpunit/phpunit/src/Framework/MockObject/Exception/DuplicateMethodException.php
Parsing /home/reza/woocommerce/plugins/woocommerce/vendor/phpunit/phpunit/src/Framework/MockObject/Exception/InvalidMethodNameException.php because we cannot use cache
Scanning /home/reza/woocommerce/plugins/woocommerce/vendor/phpunit/phpunit/src/Framework/MockObject/Exception/InvalidMethodNameException.php
Parsing /home/reza/woocommerce/plugins/woocommerce/vendor/phpunit/phpunit/src/Framework/MockObject/Exception/OriginalConstructorInvocationRequiredException.php because we cannot use cache
Scanning /home/reza/woocommerce/plugins/woocommerce/vendor/phpunit/phpunit/src/Framework/MockObject/Exception/OriginalConstructorInvocationRequiredException.php
Parsing /home/reza/woocommerce/plugins/woocommerce/vendor/phpunit/phpunit/src/Framework/MockObject/Exception/ReflectionException.php because we cannot use cache
Scanning /home/reza/woocommerce/plugins/woocommerce/vendor/phpunit/phpunit/src/Framework/MockObject/Exception/ReflectionException.php
Parsing /home/reza/woocommerce/plugins/woocommerce/vendor/phpunit/phpunit/src/Framework/MockObject/Exception/UnknownTypeException.php because we cannot use cache
Scanning /home/reza/woocommerce/plugins/woocommerce/vendor/phpunit/phpunit/src/Framework/MockObject/Exception/UnknownTypeException.php
Parsing /home/reza/woocommerce/plugins/woocommerce/vendor/phpunit/phpunit/src/Framework/MockObject/Exception/UnknownClassException.php because we cannot use cache
Scanning /home/reza/woocommerce/plugins/woocommerce/vendor/phpunit/phpunit/src/Framework/MockObject/Exception/UnknownClassException.php
Parsing /home/reza/woocommerce/plugins/woocommerce/vendor/phpunit/phpunit/src/Framework/MockObject/Exception/UnknownTraitException.php because we cannot use cache
Scanning /home/reza/woocommerce/plugins/woocommerce/vendor/phpunit/phpunit/src/Framework/MockObject/Exception/UnknownTraitException.php
Parsing /home/reza/woocommerce/plugins/woocommerce/vendor/phpunit/phpunit/src/Framework/MockObject/MockClass.php because we cannot use cache
Scanning /home/reza/woocommerce/plugins/woocommerce/vendor/phpunit/phpunit/src/Framework/MockObject/MockClass.php
Parsing /home/reza/woocommerce/plugins/woocommerce/vendor/phpunit/phpunit/src/Framework/MockObject/Exception/SoapExtensionNotAvailableException.php because we cannot use cache
Scanning /home/reza/woocommerce/plugins/woocommerce/vendor/phpunit/phpunit/src/Framework/MockObject/Exception/SoapExtensionNotAvailableException.php
Parsing /home/reza/woocommerce/plugins/woocommerce/vendor/phpunit/phpunit/src/Framework/MockObject/MockMethod.php because we cannot use cache
Scanning /home/reza/woocommerce/plugins/woocommerce/vendor/phpunit/phpunit/src/Framework/MockObject/MockMethod.php
Parsing /home/reza/woocommerce/plugins/woocommerce/vendor/phpunit/phpunit/src/Framework/MockObject/MockType.php because we cannot use cache
Scanning /home/reza/woocommerce/plugins/woocommerce/vendor/phpunit/phpunit/src/Framework/MockObject/MockType.php
Parsing /home/reza/woocommerce/plugins/woocommerce/vendor/phpunit/phpunit/src/Framework/TestFailure.php because we cannot use cache
Scanning /home/reza/woocommerce/plugins/woocommerce/vendor/phpunit/phpunit/src/Framework/TestFailure.php
Parsing /home/reza/woocommerce/plugins/woocommerce/vendor/phpunit/phpunit/src/Framework/TestListener.php because we cannot use cache
Scanning /home/reza/woocommerce/plugins/woocommerce/vendor/phpunit/phpunit/src/Framework/TestListener.php
Parsing /home/reza/woocommerce/plugins/woocommerce/vendor/phpunit/php-code-coverage/src/CodeCoverage.php because we cannot use cache
Scanning /home/reza/woocommerce/plugins/woocommerce/vendor/phpunit/php-code-coverage/src/CodeCoverage.php
Parsing /home/reza/woocommerce/plugins/woocommerce/vendor/phpunit/phpunit/src/Runner/TestSuiteLoader.php because we cannot use cache
Scanning /home/reza/woocommerce/plugins/woocommerce/vendor/phpunit/phpunit/src/Runner/TestSuiteLoader.php
Parsing /home/reza/woocommerce/plugins/woocommerce/vendor/phpunit/php-code-coverage/src/Exception/Exception.php because we cannot use cache
Scanning /home/reza/woocommerce/plugins/woocommerce/vendor/phpunit/php-code-coverage/src/Exception/Exception.php
Parsing /home/reza/woocommerce/plugins/woocommerce/vendor/phpunit/php-text-template/src/exceptions/InvalidArgumentException.php because we cannot use cache
Scanning /home/reza/woocommerce/plugins/woocommerce/vendor/phpunit/php-text-template/src/exceptions/InvalidArgumentException.php
Parsing /home/reza/woocommerce/plugins/woocommerce/vendor/sebastian/environment/src/Runtime.php because we cannot use cache
Scanning /home/reza/woocommerce/plugins/woocommerce/vendor/sebastian/environment/src/Runtime.php
Parsing /home/reza/woocommerce/plugins/woocommerce/vendor/phpunit/phpunit/src/Framework/MockObject/Exception/CannotUseOnlyMethodsException.php because we cannot use cache
Scanning /home/reza/woocommerce/plugins/woocommerce/vendor/phpunit/phpunit/src/Framework/MockObject/Exception/CannotUseOnlyMethodsException.php
Parsing /home/reza/woocommerce/plugins/woocommerce/vendor/phpunit/phpunit/src/Framework/MockObject/Exception/CannotUseAddMethodsException.php because we cannot use cache
Scanning /home/reza/woocommerce/plugins/woocommerce/vendor/phpunit/phpunit/src/Framework/MockObject/Exception/CannotUseAddMethodsException.php
Parsing /home/reza/woocommerce/plugins/woocommerce/vendor/sebastian/object-enumerator/src/Exception.php because we cannot use cache
Scanning /home/reza/woocommerce/plugins/woocommerce/vendor/sebastian/object-enumerator/src/Exception.php
Parsing /home/reza/woocommerce/plugins/woocommerce/vendor/phpunit/phpunit/src/Framework/MockObject/Builder/InvocationStubber.php because we cannot use cache
Scanning /home/reza/woocommerce/plugins/woocommerce/vendor/phpunit/phpunit/src/Framework/MockObject/Builder/InvocationStubber.php
Parsing /home/reza/woocommerce/plugins/woocommerce/vendor/phpunit/phpunit/src/Framework/MockObject/InvocationHandler.php because we cannot use cache
Scanning /home/reza/woocommerce/plugins/woocommerce/vendor/phpunit/phpunit/src/Framework/MockObject/InvocationHandler.php
Parsing /home/reza/woocommerce/plugins/woocommerce/vendor/sebastian/global-state/src/exceptions/RuntimeException.php because we cannot use cache
Scanning /home/reza/woocommerce/plugins/woocommerce/vendor/sebastian/global-state/src/exceptions/RuntimeException.php
Parsing /home/reza/woocommerce/plugins/woocommerce/vendor/sebastian/diff/src/Output/DiffOutputBuilderInterface.php because we cannot use cache
Scanning /home/reza/woocommerce/plugins/woocommerce/vendor/sebastian/diff/src/Output/DiffOutputBuilderInterface.php
Parsing /home/reza/woocommerce/plugins/woocommerce/vendor/sebastian/diff/src/Exception/InvalidArgumentException.php because we cannot use cache
Scanning /home/reza/woocommerce/plugins/woocommerce/vendor/sebastian/diff/src/Exception/InvalidArgumentException.php
Parsing /home/reza/woocommerce/plugins/woocommerce/vendor/sebastian/diff/src/LongestCommonSubsequenceCalculator.php because we cannot use cache
Scanning /home/reza/woocommerce/plugins/woocommerce/vendor/sebastian/diff/src/LongestCommonSubsequenceCalculator.php
Parsing /home/reza/woocommerce/plugins/woocommerce/vendor/sebastian/object-reflector/src/Exception.php because we cannot use cache
Scanning /home/reza/woocommerce/plugins/woocommerce/vendor/sebastian/object-reflector/src/Exception.php
Parsing /home/reza/woocommerce/plugins/woocommerce/vendor/phpunit/phpunit/src/Runner/Exception.php because we cannot use cache
Scanning /home/reza/woocommerce/plugins/woocommerce/vendor/phpunit/phpunit/src/Runner/Exception.php
Parsing /home/reza/woocommerce/plugins/woocommerce/vendor/phpunit/php-code-coverage/src/RawCodeCoverageData.php because we cannot use cache
Scanning /home/reza/woocommerce/plugins/woocommerce/vendor/phpunit/php-code-coverage/src/RawCodeCoverageData.php
Parsing /home/reza/woocommerce/plugins/woocommerce/src/Blocks/Assets/Api.php because the cache is absent or outdated
Scanning /home/reza/woocommerce/plugins/woocommerce/src/Blocks/Assets/Api.php
Parsing /home/reza/woocommerce/plugins/woocommerce/src/Admin/DeprecatedClassFacade.php because the cache is absent or outdated
Scanning /home/reza/woocommerce/plugins/woocommerce/src/Admin/DeprecatedClassFacade.php
Parsing /home/reza/woocommerce/plugins/woocommerce/src/StoreApi/Exceptions/StockAvailabilityException.php because the cache is absent or outdated
Scanning /home/reza/woocommerce/plugins/woocommerce/src/StoreApi/Exceptions/StockAvailabilityException.php
Parsing /home/reza/woocommerce/plugins/woocommerce/bin/composer/psalm/vendor/amphp/pipeline/src/Internal/IntermediateOperation.php because we cannot use cache
Scanning /home/reza/woocommerce/plugins/woocommerce/bin/composer/psalm/vendor/amphp/pipeline/src/Internal/IntermediateOperation.php
Parsing /home/reza/woocommerce/plugins/woocommerce/bin/composer/psalm/vendor/daverandom/libdns/src/Records/ResourceTypes.php because we cannot use cache
Scanning /home/reza/woocommerce/plugins/woocommerce/bin/composer/psalm/vendor/daverandom/libdns/src/Records/ResourceTypes.php
Parsing /home/reza/woocommerce/plugins/woocommerce/bin/composer/psalm/vendor/daverandom/libdns/src/Records/ResourceQTypes.php because we cannot use cache
Scanning /home/reza/woocommerce/plugins/woocommerce/bin/composer/psalm/vendor/daverandom/libdns/src/Records/ResourceQTypes.php
Parsing /home/reza/woocommerce/plugins/woocommerce/bin/composer/psalm/vendor/amphp/parallel/src/Context/Internal/ContextException.php because we cannot use cache
Scanning /home/reza/woocommerce/plugins/woocommerce/bin/composer/psalm/vendor/amphp/parallel/src/Context/Internal/ContextException.php
Parsing /home/reza/woocommerce/plugins/woocommerce/bin/composer/psalm/vendor/kelunik/certificate/src/Certificate.php because we cannot use cache
Scanning /home/reza/woocommerce/plugins/woocommerce/bin/composer/psalm/vendor/kelunik/certificate/src/Certificate.php
Parsing /home/reza/woocommerce/plugins/woocommerce/bin/composer/psalm/vendor/amphp/socket/src/ClientTlsContext.php because we cannot use cache
Scanning /home/reza/woocommerce/plugins/woocommerce/bin/composer/psalm/vendor/amphp/socket/src/ClientTlsContext.php
Parsing /home/reza/woocommerce/plugins/woocommerce/bin/composer/psalm/vendor/composer/semver/src/Constraint/Constraint.php because we cannot use cache
Scanning /home/reza/woocommerce/plugins/woocommerce/bin/composer/psalm/vendor/composer/semver/src/Constraint/Constraint.php
Parsing /home/reza/woocommerce/plugins/woocommerce/bin/composer/psalm/vendor/composer/semver/src/Constraint/Bound.php because we cannot use cache
Scanning /home/reza/woocommerce/plugins/woocommerce/bin/composer/psalm/vendor/composer/semver/src/Constraint/Bound.php
Parsing /home/reza/woocommerce/plugins/woocommerce/vendor/phpunit/phpunit/src/Runner/Filter/Factory.php because we cannot use cache
Scanning /home/reza/woocommerce/plugins/woocommerce/vendor/phpunit/phpunit/src/Runner/Filter/Factory.php
Parsing /home/reza/woocommerce/plugins/woocommerce/vendor/phpunit/phpunit/src/Framework/Exception/SkippedTestSuiteError.php because we cannot use cache
Scanning /home/reza/woocommerce/plugins/woocommerce/vendor/phpunit/phpunit/src/Framework/Exception/SkippedTestSuiteError.php
Using reflection to get metadata for DateInterval
Using composer to locate file for Mockery\CountValidator\CountValidatorAbstract
Using composer to locate file for Mockery\Exception\InvalidCountException
Using composer to locate file for Mockery\Generator\Parameter
Using composer to locate file for PHPUnit\Framework\MockObject\Builder\MethodNameMatch
Using composer to locate file for PHPUnit\Framework\MockObject\Matcher
Using composer to locate file for PHPUnit\Framework\MockObject\ConfigurableMethod
Using composer to locate file for PHPUnit\Framework\MockObject\MatcherAlreadyRegisteredException
Using composer to locate file for PHPUnit\Framework\MockObject\Builder\Identity
Using composer to locate file for PHPUnit\Framework\MockObject\IncompatibleReturnValueException
Using composer to locate file for PHPUnit\Framework\MockObject\MethodNameNotConfiguredException
Using composer to locate file for PHPUnit\Framework\MockObject\MethodParametersAlreadyConfiguredException
Using composer to locate file for PHPUnit\Framework\MockObject\MethodCannotBeConfiguredException
Using composer to locate file for PHPUnit\Framework\MockObject\MethodNameAlreadyConfiguredException
Using composer to locate file for SebastianBergmann\Type\Type
Using composer to locate file for SebastianBergmann\CodeCoverage\Driver\Driver
Using composer to locate file for SebastianBergmann\CodeCoverage\Filter
Using composer to locate file for SebastianBergmann\CodeUnitReverseLookup\Wizard
Using composer to locate file for SebastianBergmann\CodeCoverage\ProcessedCodeCoverageData
Using composer to locate file for SebastianBergmann\CodeCoverage\StaticAnalysis\FileAnalyser
Using composer to locate file for SebastianBergmann\CodeCoverage\Node\Directory
Using composer to locate file for SebastianBergmann\CodeCoverage\ReflectionException
Using composer to locate file for SebastianBergmann\CodeCoverage\TestIdMissingException
Using composer to locate file for SebastianBergmann\CodeCoverage\StaticAnalysisCacheNotConfiguredException
Using composer to locate file for SebastianBergmann\Template\Exception
Using composer to locate file for SebastianBergmann\GlobalState\Exception
Using composer to locate file for SebastianBergmann\Diff\Exception
Using composer to locate file for Automattic\WooCommerce\Blocks\Domain\Package
Using reflection to locate file for LibDNS\Enumeration
Using reflection to get metadata for FilterIterator
Parsing /home/reza/woocommerce/plugins/woocommerce/vendor/mockery/mockery/library/Mockery/CountValidator/CountValidatorAbstract.php because we cannot use cache
Scanning /home/reza/woocommerce/plugins/woocommerce/vendor/mockery/mockery/library/Mockery/CountValidator/CountValidatorAbstract.php
Parsing /home/reza/woocommerce/plugins/woocommerce/vendor/mockery/mockery/library/Mockery/Exception/InvalidCountException.php because we cannot use cache
Scanning /home/reza/woocommerce/plugins/woocommerce/vendor/mockery/mockery/library/Mockery/Exception/InvalidCountException.php
Parsing /home/reza/woocommerce/plugins/woocommerce/vendor/mockery/mockery/library/Mockery/Generator/Parameter.php because we cannot use cache
Scanning /home/reza/woocommerce/plugins/woocommerce/vendor/mockery/mockery/library/Mockery/Generator/Parameter.php
Parsing /home/reza/woocommerce/plugins/woocommerce/vendor/phpunit/phpunit/src/Framework/MockObject/Builder/MethodNameMatch.php because we cannot use cache
Scanning /home/reza/woocommerce/plugins/woocommerce/vendor/phpunit/phpunit/src/Framework/MockObject/Builder/MethodNameMatch.php
Parsing /home/reza/woocommerce/plugins/woocommerce/vendor/phpunit/phpunit/src/Framework/MockObject/Matcher.php because we cannot use cache
Scanning /home/reza/woocommerce/plugins/woocommerce/vendor/phpunit/phpunit/src/Framework/MockObject/Matcher.php
Parsing /home/reza/woocommerce/plugins/woocommerce/vendor/phpunit/phpunit/src/Framework/MockObject/ConfigurableMethod.php because we cannot use cache
Scanning /home/reza/woocommerce/plugins/woocommerce/vendor/phpunit/phpunit/src/Framework/MockObject/ConfigurableMethod.php
Parsing /home/reza/woocommerce/plugins/woocommerce/vendor/phpunit/phpunit/src/Framework/MockObject/Exception/MatcherAlreadyRegisteredException.php because we cannot use cache
Scanning /home/reza/woocommerce/plugins/woocommerce/vendor/phpunit/phpunit/src/Framework/MockObject/Exception/MatcherAlreadyRegisteredException.php
Parsing /home/reza/woocommerce/plugins/woocommerce/vendor/phpunit/phpunit/src/Framework/MockObject/Builder/Identity.php because we cannot use cache
Scanning /home/reza/woocommerce/plugins/woocommerce/vendor/phpunit/phpunit/src/Framework/MockObject/Builder/Identity.php
Parsing /home/reza/woocommerce/plugins/woocommerce/vendor/phpunit/phpunit/src/Framework/MockObject/Exception/IncompatibleReturnValueException.php because we cannot use cache
Scanning /home/reza/woocommerce/plugins/woocommerce/vendor/phpunit/phpunit/src/Framework/MockObject/Exception/IncompatibleReturnValueException.php
Parsing /home/reza/woocommerce/plugins/woocommerce/vendor/phpunit/phpunit/src/Framework/MockObject/Exception/MethodNameNotConfiguredException.php because we cannot use cache
Scanning /home/reza/woocommerce/plugins/woocommerce/vendor/phpunit/phpunit/src/Framework/MockObject/Exception/MethodNameNotConfiguredException.php
Parsing /home/reza/woocommerce/plugins/woocommerce/vendor/phpunit/phpunit/src/Framework/MockObject/Exception/MethodParametersAlreadyConfiguredException.php because we cannot use cache
Scanning /home/reza/woocommerce/plugins/woocommerce/vendor/phpunit/phpunit/src/Framework/MockObject/Exception/MethodParametersAlreadyConfiguredException.php
Parsing /home/reza/woocommerce/plugins/woocommerce/vendor/phpunit/phpunit/src/Framework/MockObject/Exception/MethodCannotBeConfiguredException.php because we cannot use cache
Scanning /home/reza/woocommerce/plugins/woocommerce/vendor/phpunit/phpunit/src/Framework/MockObject/Exception/MethodCannotBeConfiguredException.php
Parsing /home/reza/woocommerce/plugins/woocommerce/vendor/phpunit/phpunit/src/Framework/MockObject/Exception/MethodNameAlreadyConfiguredException.php because we cannot use cache
Scanning /home/reza/woocommerce/plugins/woocommerce/vendor/phpunit/phpunit/src/Framework/MockObject/Exception/MethodNameAlreadyConfiguredException.php
Parsing /home/reza/woocommerce/plugins/woocommerce/vendor/sebastian/type/src/type/Type.php because we cannot use cache
Scanning /home/reza/woocommerce/plugins/woocommerce/vendor/sebastian/type/src/type/Type.php
Parsing /home/reza/woocommerce/plugins/woocommerce/vendor/phpunit/php-code-coverage/src/Driver/Driver.php because we cannot use cache
Scanning /home/reza/woocommerce/plugins/woocommerce/vendor/phpunit/php-code-coverage/src/Driver/Driver.php
Parsing /home/reza/woocommerce/plugins/woocommerce/vendor/phpunit/php-code-coverage/src/Filter.php because we cannot use cache
Scanning /home/reza/woocommerce/plugins/woocommerce/vendor/phpunit/php-code-coverage/src/Filter.php
Parsing /home/reza/woocommerce/plugins/woocommerce/vendor/sebastian/code-unit-reverse-lookup/src/Wizard.php because we cannot use cache
Scanning /home/reza/woocommerce/plugins/woocommerce/vendor/sebastian/code-unit-reverse-lookup/src/Wizard.php
Parsing /home/reza/woocommerce/plugins/woocommerce/vendor/phpunit/php-code-coverage/src/ProcessedCodeCoverageData.php because we cannot use cache
Scanning /home/reza/woocommerce/plugins/woocommerce/vendor/phpunit/php-code-coverage/src/ProcessedCodeCoverageData.php
Parsing /home/reza/woocommerce/plugins/woocommerce/vendor/phpunit/php-code-coverage/src/StaticAnalysis/FileAnalyser.php because we cannot use cache
Scanning /home/reza/woocommerce/plugins/woocommerce/vendor/phpunit/php-code-coverage/src/StaticAnalysis/FileAnalyser.php
Parsing /home/reza/woocommerce/plugins/woocommerce/vendor/phpunit/php-code-coverage/src/Node/Directory.php because we cannot use cache
Scanning /home/reza/woocommerce/plugins/woocommerce/vendor/phpunit/php-code-coverage/src/Node/Directory.php
Parsing /home/reza/woocommerce/plugins/woocommerce/vendor/phpunit/php-code-coverage/src/Exception/ReflectionException.php because we cannot use cache
Scanning /home/reza/woocommerce/plugins/woocommerce/vendor/phpunit/php-code-coverage/src/Exception/ReflectionException.php
Parsing /home/reza/woocommerce/plugins/woocommerce/vendor/phpunit/php-code-coverage/src/Exception/TestIdMissingException.php because we cannot use cache
Scanning /home/reza/woocommerce/plugins/woocommerce/vendor/phpunit/php-code-coverage/src/Exception/TestIdMissingException.php
Parsing /home/reza/woocommerce/plugins/woocommerce/vendor/phpunit/php-code-coverage/src/Exception/StaticAnalysisCacheNotConfiguredException.php because we cannot use cache
Scanning /home/reza/woocommerce/plugins/woocommerce/vendor/phpunit/php-code-coverage/src/Exception/StaticAnalysisCacheNotConfiguredException.php
Parsing /home/reza/woocommerce/plugins/woocommerce/vendor/phpunit/php-text-template/src/exceptions/Exception.php because we cannot use cache
Scanning /home/reza/woocommerce/plugins/woocommerce/vendor/phpunit/php-text-template/src/exceptions/Exception.php
Parsing /home/reza/woocommerce/plugins/woocommerce/vendor/sebastian/global-state/src/exceptions/Exception.php because we cannot use cache
Scanning /home/reza/woocommerce/plugins/woocommerce/vendor/sebastian/global-state/src/exceptions/Exception.php
Parsing /home/reza/woocommerce/plugins/woocommerce/vendor/sebastian/diff/src/Exception/Exception.php because we cannot use cache
Scanning /home/reza/woocommerce/plugins/woocommerce/vendor/sebastian/diff/src/Exception/Exception.php
Parsing /home/reza/woocommerce/plugins/woocommerce/src/Blocks/Domain/Package.php because the cache is absent or outdated
Scanning /home/reza/woocommerce/plugins/woocommerce/src/Blocks/Domain/Package.php
Parsing /home/reza/woocommerce/plugins/woocommerce/bin/composer/psalm/vendor/daverandom/libdns/src/Enumeration.php because we cannot use cache
Scanning /home/reza/woocommerce/plugins/woocommerce/bin/composer/psalm/vendor/daverandom/libdns/src/Enumeration.php
Using composer to locate file for Mockery\CountValidator\CountValidatorInterface
Using composer to locate file for Mockery\CountValidator\Exception
Using composer to locate file for PHPUnit\Framework\MockObject\Builder\ParametersMatch
Using composer to locate file for PHPUnit\Framework\MockObject\Rule\MethodName
Using composer to locate file for PHPUnit\Framework\MockObject\Rule\ParametersRule
Using composer to locate file for PHPUnit\Framework\MockObject\MatchBuilderNotFoundException
Using composer to locate file for SebastianBergmann\Type\CallableType
Using composer to locate file for SebastianBergmann\Type\TrueType
Using composer to locate file for SebastianBergmann\Type\FalseType
Using composer to locate file for SebastianBergmann\Type\GenericObjectType
Using composer to locate file for SebastianBergmann\Type\IntersectionType
Using composer to locate file for SebastianBergmann\Type\IterableType
Using composer to locate file for SebastianBergmann\Type\MixedType
Using composer to locate file for SebastianBergmann\Type\NeverType
Using composer to locate file for SebastianBergmann\Type\NullType
Using composer to locate file for SebastianBergmann\Type\ObjectType
Using composer to locate file for SebastianBergmann\Type\SimpleType
Using composer to locate file for SebastianBergmann\Type\StaticType
Using composer to locate file for SebastianBergmann\Type\UnionType
Using composer to locate file for SebastianBergmann\Type\UnknownType
Using composer to locate file for SebastianBergmann\Type\VoidType
Using composer to locate file for SebastianBergmann\CodeCoverage\NoCodeCoverageDriverAvailableException
Using composer to locate file for SebastianBergmann\CodeCoverage\Driver\PcovNotAvailableException
Using composer to locate file for SebastianBergmann\CodeCoverage\Driver\PhpdbgNotAvailableException
Using composer to locate file for SebastianBergmann\CodeCoverage\Driver\Xdebug2NotEnabledException
Using composer to locate file for SebastianBergmann\CodeCoverage\Driver\Xdebug3NotEnabledException
Using composer to locate file for SebastianBergmann\CodeCoverage\Driver\XdebugNotAvailableException
Using composer to locate file for SebastianBergmann\CodeCoverage\NoCodeCoverageDriverWithPathCoverageSupportAvailableException
Using composer to locate file for SebastianBergmann\CodeCoverage\BranchAndPathCoverageNotSupportedException
Using composer to locate file for SebastianBergmann\CodeCoverage\DeadCodeDetectionNotSupportedException
Using composer to locate file for SebastianBergmann\CodeCoverage\Node\AbstractNode
Using composer to locate file for SebastianBergmann\CodeCoverage\Node\File
Using reflection to get metadata for RecursiveIteratorIterator
Parsing /home/reza/woocommerce/plugins/woocommerce/vendor/mockery/mockery/library/Mockery/CountValidator/CountValidatorInterface.php because we cannot use cache
Scanning /home/reza/woocommerce/plugins/woocommerce/vendor/mockery/mockery/library/Mockery/CountValidator/CountValidatorInterface.php
Parsing /home/reza/woocommerce/plugins/woocommerce/vendor/mockery/mockery/library/Mockery/CountValidator/Exception.php because we cannot use cache
Scanning /home/reza/woocommerce/plugins/woocommerce/vendor/mockery/mockery/library/Mockery/CountValidator/Exception.php
Parsing /home/reza/woocommerce/plugins/woocommerce/vendor/phpunit/phpunit/src/Framework/MockObject/Builder/ParametersMatch.php because we cannot use cache
Scanning /home/reza/woocommerce/plugins/woocommerce/vendor/phpunit/phpunit/src/Framework/MockObject/Builder/ParametersMatch.php
Parsing /home/reza/woocommerce/plugins/woocommerce/vendor/phpunit/phpunit/src/Framework/MockObject/Rule/MethodName.php because we cannot use cache
Scanning /home/reza/woocommerce/plugins/woocommerce/vendor/phpunit/phpunit/src/Framework/MockObject/Rule/MethodName.php
Parsing /home/reza/woocommerce/plugins/woocommerce/vendor/phpunit/phpunit/src/Framework/MockObject/Rule/ParametersRule.php because we cannot use cache
Scanning /home/reza/woocommerce/plugins/woocommerce/vendor/phpunit/phpunit/src/Framework/MockObject/Rule/ParametersRule.php
Parsing /home/reza/woocommerce/plugins/woocommerce/vendor/phpunit/phpunit/src/Framework/MockObject/Exception/MatchBuilderNotFoundException.php because we cannot use cache
Scanning /home/reza/woocommerce/plugins/woocommerce/vendor/phpunit/phpunit/src/Framework/MockObject/Exception/MatchBuilderNotFoundException.php
Parsing /home/reza/woocommerce/plugins/woocommerce/vendor/sebastian/type/src/type/CallableType.php because we cannot use cache
Scanning /home/reza/woocommerce/plugins/woocommerce/vendor/sebastian/type/src/type/CallableType.php
Parsing /home/reza/woocommerce/plugins/woocommerce/vendor/sebastian/type/src/type/TrueType.php because we cannot use cache
Scanning /home/reza/woocommerce/plugins/woocommerce/vendor/sebastian/type/src/type/TrueType.php
Parsing /home/reza/woocommerce/plugins/woocommerce/vendor/sebastian/type/src/type/FalseType.php because we cannot use cache
Scanning /home/reza/woocommerce/plugins/woocommerce/vendor/sebastian/type/src/type/FalseType.php
Parsing /home/reza/woocommerce/plugins/woocommerce/vendor/sebastian/type/src/type/GenericObjectType.php because we cannot use cache
Scanning /home/reza/woocommerce/plugins/woocommerce/vendor/sebastian/type/src/type/GenericObjectType.php
Parsing /home/reza/woocommerce/plugins/woocommerce/vendor/sebastian/type/src/type/IntersectionType.php because we cannot use cache
Scanning /home/reza/woocommerce/plugins/woocommerce/vendor/sebastian/type/src/type/IntersectionType.php
Parsing /home/reza/woocommerce/plugins/woocommerce/vendor/sebastian/type/src/type/IterableType.php because we cannot use cache
Scanning /home/reza/woocommerce/plugins/woocommerce/vendor/sebastian/type/src/type/IterableType.php
Parsing /home/reza/woocommerce/plugins/woocommerce/vendor/sebastian/type/src/type/MixedType.php because we cannot use cache
Scanning /home/reza/woocommerce/plugins/woocommerce/vendor/sebastian/type/src/type/MixedType.php
Parsing /home/reza/woocommerce/plugins/woocommerce/vendor/sebastian/type/src/type/NeverType.php because we cannot use cache
Scanning /home/reza/woocommerce/plugins/woocommerce/vendor/sebastian/type/src/type/NeverType.php
Parsing /home/reza/woocommerce/plugins/woocommerce/vendor/sebastian/type/src/type/NullType.php because we cannot use cache
Scanning /home/reza/woocommerce/plugins/woocommerce/vendor/sebastian/type/src/type/NullType.php
Parsing /home/reza/woocommerce/plugins/woocommerce/vendor/sebastian/type/src/type/ObjectType.php because we cannot use cache
Scanning /home/reza/woocommerce/plugins/woocommerce/vendor/sebastian/type/src/type/ObjectType.php
Parsing /home/reza/woocommerce/plugins/woocommerce/vendor/sebastian/type/src/type/SimpleType.php because we cannot use cache
Scanning /home/reza/woocommerce/plugins/woocommerce/vendor/sebastian/type/src/type/SimpleType.php
Parsing /home/reza/woocommerce/plugins/woocommerce/vendor/sebastian/type/src/type/StaticType.php because we cannot use cache
Scanning /home/reza/woocommerce/plugins/woocommerce/vendor/sebastian/type/src/type/StaticType.php
Parsing /home/reza/woocommerce/plugins/woocommerce/vendor/sebastian/type/src/type/UnionType.php because we cannot use cache
Scanning /home/reza/woocommerce/plugins/woocommerce/vendor/sebastian/type/src/type/UnionType.php
Parsing /home/reza/woocommerce/plugins/woocommerce/vendor/sebastian/type/src/type/UnknownType.php because we cannot use cache
Scanning /home/reza/woocommerce/plugins/woocommerce/vendor/sebastian/type/src/type/UnknownType.php
Parsing /home/reza/woocommerce/plugins/woocommerce/vendor/sebastian/type/src/type/VoidType.php because we cannot use cache
Scanning /home/reza/woocommerce/plugins/woocommerce/vendor/sebastian/type/src/type/VoidType.php
Parsing /home/reza/woocommerce/plugins/woocommerce/vendor/phpunit/php-code-coverage/src/Exception/NoCodeCoverageDriverAvailableException.php because we cannot use cache
Scanning /home/reza/woocommerce/plugins/woocommerce/vendor/phpunit/php-code-coverage/src/Exception/NoCodeCoverageDriverAvailableException.php
Parsing /home/reza/woocommerce/plugins/woocommerce/vendor/phpunit/php-code-coverage/src/Exception/PcovNotAvailableException.php because we cannot use cache
Scanning /home/reza/woocommerce/plugins/woocommerce/vendor/phpunit/php-code-coverage/src/Exception/PcovNotAvailableException.php
Parsing /home/reza/woocommerce/plugins/woocommerce/vendor/phpunit/php-code-coverage/src/Exception/PhpdbgNotAvailableException.php because we cannot use cache
Scanning /home/reza/woocommerce/plugins/woocommerce/vendor/phpunit/php-code-coverage/src/Exception/PhpdbgNotAvailableException.php
Parsing /home/reza/woocommerce/plugins/woocommerce/vendor/phpunit/php-code-coverage/src/Exception/Xdebug2NotEnabledException.php because we cannot use cache
Scanning /home/reza/woocommerce/plugins/woocommerce/vendor/phpunit/php-code-coverage/src/Exception/Xdebug2NotEnabledException.php
Parsing /home/reza/woocommerce/plugins/woocommerce/vendor/phpunit/php-code-coverage/src/Exception/Xdebug3NotEnabledException.php because we cannot use cache
Scanning /home/reza/woocommerce/plugins/woocommerce/vendor/phpunit/php-code-coverage/src/Exception/Xdebug3NotEnabledException.php
Parsing /home/reza/woocommerce/plugins/woocommerce/vendor/phpunit/php-code-coverage/src/Exception/XdebugNotAvailableException.php because we cannot use cache
Scanning /home/reza/woocommerce/plugins/woocommerce/vendor/phpunit/php-code-coverage/src/Exception/XdebugNotAvailableException.php
Parsing /home/reza/woocommerce/plugins/woocommerce/vendor/phpunit/php-code-coverage/src/Exception/NoCodeCoverageDriverWithPathCoverageSupportAvailableException.php because we cannot use cache
Scanning /home/reza/woocommerce/plugins/woocommerce/vendor/phpunit/php-code-coverage/src/Exception/NoCodeCoverageDriverWithPathCoverageSupportAvailableException.php
Parsing /home/reza/woocommerce/plugins/woocommerce/vendor/phpunit/php-code-coverage/src/Exception/BranchAndPathCoverageNotSupportedException.php because we cannot use cache
Scanning /home/reza/woocommerce/plugins/woocommerce/vendor/phpunit/php-code-coverage/src/Exception/BranchAndPathCoverageNotSupportedException.php
Parsing /home/reza/woocommerce/plugins/woocommerce/vendor/phpunit/php-code-coverage/src/Exception/DeadCodeDetectionNotSupportedException.php because we cannot use cache
Scanning /home/reza/woocommerce/plugins/woocommerce/vendor/phpunit/php-code-coverage/src/Exception/DeadCodeDetectionNotSupportedException.php
Parsing /home/reza/woocommerce/plugins/woocommerce/vendor/phpunit/php-code-coverage/src/Node/AbstractNode.php because we cannot use cache
Scanning /home/reza/woocommerce/plugins/woocommerce/vendor/phpunit/php-code-coverage/src/Node/AbstractNode.php
Parsing /home/reza/woocommerce/plugins/woocommerce/vendor/phpunit/php-code-coverage/src/Node/File.php because we cannot use cache
Scanning /home/reza/woocommerce/plugins/woocommerce/vendor/phpunit/php-code-coverage/src/Node/File.php
Using composer to locate file for PHPUnit\Framework\MockObject\Builder\Stub
Using composer to locate file for SebastianBergmann\Type\RuntimeException
Using composer to locate file for SebastianBergmann\Type\TypeName
Using composer to locate file for SebastianBergmann\CodeCoverage\Util\Percentage
Parsing /home/reza/woocommerce/plugins/woocommerce/vendor/phpunit/phpunit/src/Framework/MockObject/Builder/Stub.php because we cannot use cache
Scanning /home/reza/woocommerce/plugins/woocommerce/vendor/phpunit/phpunit/src/Framework/MockObject/Builder/Stub.php
Parsing /home/reza/woocommerce/plugins/woocommerce/vendor/sebastian/type/src/exception/RuntimeException.php because we cannot use cache
Scanning /home/reza/woocommerce/plugins/woocommerce/vendor/sebastian/type/src/exception/RuntimeException.php
Parsing /home/reza/woocommerce/plugins/woocommerce/vendor/sebastian/type/src/TypeName.php because we cannot use cache
Scanning /home/reza/woocommerce/plugins/woocommerce/vendor/sebastian/type/src/TypeName.php
Parsing /home/reza/woocommerce/plugins/woocommerce/vendor/phpunit/php-code-coverage/src/Util/Percentage.php because we cannot use cache
Scanning /home/reza/woocommerce/plugins/woocommerce/vendor/phpunit/php-code-coverage/src/Util/Percentage.php
Using composer to locate file for SebastianBergmann\Type\Exception
Parsing /home/reza/woocommerce/plugins/woocommerce/vendor/sebastian/type/src/exception/Exception.php because we cannot use cache
Scanning /home/reza/woocommerce/plugins/woocommerce/vendor/sebastian/type/src/exception/Exception.php
Finished registering autoloaded files
Visiting autoload files took 6.006s
Initializing plugins...
Parsing /home/reza/woocommerce/plugins/woocommerce/src/Gateways/PayPal/TransactAccountManager.php because the cache is absent or outdated
Deep scanning /home/reza/woocommerce/plugins/woocommerce/src/Gateways/PayPal/TransactAccountManager.php
Parsing /home/reza/woocommerce/plugins/woocommerce/src/Gateways/PayPal/Constants.php because the cache is absent or outdated
Deep scanning /home/reza/woocommerce/plugins/woocommerce/src/Gateways/PayPal/Constants.php
Parsing /home/reza/woocommerce/plugins/woocommerce/src/Gateways/PayPal/WebhookHandler.php because the cache is absent or outdated
Deep scanning /home/reza/woocommerce/plugins/woocommerce/src/Gateways/PayPal/WebhookHandler.php
Parsing /home/reza/woocommerce/plugins/woocommerce/src/Gateways/PayPal/Notices.php because the cache is absent or outdated
Deep scanning /home/reza/woocommerce/plugins/woocommerce/src/Gateways/PayPal/Notices.php
Parsing /home/reza/woocommerce/plugins/woocommerce/src/Gateways/PayPal/AddressRequirements.php because the cache is absent or outdated
Deep scanning /home/reza/woocommerce/plugins/woocommerce/src/Gateways/PayPal/AddressRequirements.php
Parsing /home/reza/woocommerce/plugins/woocommerce/src/Gateways/PayPal/Buttons.php because the cache is absent or outdated
Deep scanning /home/reza/woocommerce/plugins/woocommerce/src/Gateways/PayPal/Buttons.php
Parsing /home/reza/woocommerce/plugins/woocommerce/src/Gateways/PayPal/Request.php because the cache is absent or outdated
Deep scanning /home/reza/woocommerce/plugins/woocommerce/src/Gateways/PayPal/Request.php
Parsing /home/reza/woocommerce/plugins/woocommerce/src/Gateways/PayPal/Helper.php because the cache is absent or outdated
Deep scanning /home/reza/woocommerce/plugins/woocommerce/src/Gateways/PayPal/Helper.php
Parsing /home/reza/woocommerce/plugins/woocommerce/src/Gateways/ShippingMethodRestrictionsTrait.php because the cache is absent or outdated
Deep scanning /home/reza/woocommerce/plugins/woocommerce/src/Gateways/ShippingMethodRestrictionsTrait.php
Parsing /home/reza/woocommerce/plugins/woocommerce/src/Packages.php because the cache is absent or outdated
Deep scanning /home/reza/woocommerce/plugins/woocommerce/src/Packages.php
Parsing /home/reza/woocommerce/plugins/woocommerce/src/Admin/ReportExporter.php because the cache is absent or outdated
Deep scanning /home/reza/woocommerce/plugins/woocommerce/src/Admin/ReportExporter.php
Parsing /home/reza/woocommerce/plugins/woocommerce/src/Admin/DateTimeProvider/DateTimeProviderInterface.php because the cache is absent or outdated
Deep scanning /home/reza/woocommerce/plugins/woocommerce/src/Admin/DateTimeProvider/DateTimeProviderInterface.php
Parsing /home/reza/woocommerce/plugins/woocommerce/src/Admin/DateTimeProvider/CurrentDateTimeProvider.php because the cache is absent or outdated
Deep scanning /home/reza/woocommerce/plugins/woocommerce/src/Admin/DateTimeProvider/CurrentDateTimeProvider.php
Parsing /home/reza/woocommerce/plugins/woocommerce/src/Admin/PluginsInstallLoggers/PluginsInstallLogger.php because the cache is absent or outdated
Deep scanning /home/reza/woocommerce/plugins/woocommerce/src/Admin/PluginsInstallLoggers/PluginsInstallLogger.php
Parsing /home/reza/woocommerce/plugins/woocommerce/src/Admin/PluginsInstallLoggers/AsyncPluginsInstallLogger.php because the cache is absent or outdated
Deep scanning /home/reza/woocommerce/plugins/woocommerce/src/Admin/PluginsInstallLoggers/AsyncPluginsInstallLogger.php
Parsing /home/reza/woocommerce/plugins/woocommerce/src/Admin/Overrides/OrderTraits.php because the cache is absent or outdated
Deep scanning /home/reza/woocommerce/plugins/woocommerce/src/Admin/Overrides/OrderTraits.php
Parsing /home/reza/woocommerce/plugins/woocommerce/src/Admin/Overrides/OrderRefund.php because the cache is absent or outdated
Deep scanning /home/reza/woocommerce/plugins/woocommerce/src/Admin/Overrides/OrderRefund.php
Parsing /home/reza/woocommerce/plugins/woocommerce/src/Admin/Overrides/ThemeUpgrader.php because the cache is absent or outdated
Deep scanning /home/reza/woocommerce/plugins/woocommerce/src/Admin/Overrides/ThemeUpgrader.php
Parsing /home/reza/woocommerce/plugins/woocommerce/src/Admin/Overrides/ThemeUpgraderSkin.php because the cache is absent or outdated
Deep scanning /home/reza/woocommerce/plugins/woocommerce/src/Admin/Overrides/ThemeUpgraderSkin.php
Parsing /home/reza/woocommerce/plugins/woocommerce/src/Admin/Overrides/Order.php because the cache is absent or outdated
Deep scanning /home/reza/woocommerce/plugins/woocommerce/src/Admin/Overrides/Order.php
Parsing /home/reza/woocommerce/plugins/woocommerce/src/Admin/ReportCSVExporter.php because the cache is absent or outdated
Deep scanning /home/reza/woocommerce/plugins/woocommerce/src/Admin/ReportCSVExporter.php
Parsing /home/reza/woocommerce/plugins/woocommerce/src/Admin/Composer/Package.php because the cache is absent or outdated
Deep scanning /home/reza/woocommerce/plugins/woocommerce/src/Admin/Composer/Package.php
Parsing /home/reza/woocommerce/plugins/woocommerce/src/Admin/PluginsProvider/PluginsProvider.php because the cache is absent or outdated
Deep scanning /home/reza/woocommerce/plugins/woocommerce/src/Admin/PluginsProvider/PluginsProvider.php
Parsing /home/reza/woocommerce/plugins/woocommerce/src/Admin/PluginsProvider/PluginsProviderInterface.php because the cache is absent or outdated
Deep scanning /home/reza/woocommerce/plugins/woocommerce/src/Admin/PluginsProvider/PluginsProviderInterface.php
Parsing /home/reza/woocommerce/plugins/woocommerce/src/Admin/RemoteInboxNotifications/TransformerInterface.php because the cache is absent or outdated
Deep scanning /home/reza/woocommerce/plugins/woocommerce/src/Admin/RemoteInboxNotifications/TransformerInterface.php
Parsing /home/reza/woocommerce/plugins/woocommerce/src/Admin/RemoteInboxNotifications/SpecRunner.php because the cache is absent or outdated
Deep scanning /home/reza/woocommerce/plugins/woocommerce/src/Admin/RemoteInboxNotifications/SpecRunner.php
Parsing /home/reza/woocommerce/plugins/woocommerce/src/Admin/RemoteInboxNotifications/RemoteInboxNotificationsDataSourcePoller.php because the cache is absent or outdated
Deep scanning /home/reza/woocommerce/plugins/woocommerce/src/Admin/RemoteInboxNotifications/RemoteInboxNotificationsDataSourcePoller.php
Parsing /home/reza/woocommerce/plugins/woocommerce/src/Admin/RemoteInboxNotifications/RuleProcessorInterface.php because the cache is absent or outdated
Deep scanning /home/reza/woocommerce/plugins/woocommerce/src/Admin/RemoteInboxNotifications/RuleProcessorInterface.php
Parsing /home/reza/woocommerce/plugins/woocommerce/src/Admin/RemoteInboxNotifications/RemoteInboxNotificationsEngine.php because the cache is absent or outdated
Deep scanning /home/reza/woocommerce/plugins/woocommerce/src/Admin/RemoteInboxNotifications/RemoteInboxNotificationsEngine.php
Parsing /home/reza/woocommerce/plugins/woocommerce/src/Admin/RemoteSpecs/RuleProcessors/ProductCountRuleProcessor.php because the cache is absent or outdated
Deep scanning /home/reza/woocommerce/plugins/woocommerce/src/Admin/RemoteSpecs/RuleProcessors/ProductCountRuleProcessor.php
Parsing /home/reza/woocommerce/plugins/woocommerce/src/Admin/RemoteSpecs/RuleProcessors/NoteStatusRuleProcessor.php because the cache is absent or outdated
Deep scanning /home/reza/woocommerce/plugins/woocommerce/src/Admin/RemoteSpecs/RuleProcessors/NoteStatusRuleProcessor.php
Parsing /home/reza/woocommerce/plugins/woocommerce/src/Admin/RemoteSpecs/RuleProcessors/StoredStateRuleProcessor.php because the cache is absent or outdated
Deep scanning /home/reza/woocommerce/plugins/woocommerce/src/Admin/RemoteSpecs/RuleProcessors/StoredStateRuleProcessor.php
Parsing /home/reza/woocommerce/plugins/woocommerce/src/Admin/RemoteSpecs/RuleProcessors/WCAdminActiveForRuleProcessor.php because the cache is absent or outdated
Deep scanning /home/reza/woocommerce/plugins/woocommerce/src/Admin/RemoteSpecs/RuleProcessors/WCAdminActiveForRuleProcessor.php
Parsing /home/reza/woocommerce/plugins/woocommerce/src/Admin/RemoteSpecs/RuleProcessors/OptionRuleProcessor.php because the cache is absent or outdated
Deep scanning /home/reza/woocommerce/plugins/woocommerce/src/Admin/RemoteSpecs/RuleProcessors/OptionRuleProcessor.php
Parsing /home/reza/woocommerce/plugins/woocommerce/src/Admin/RemoteSpecs/RuleProcessors/PublishBeforeTimeRuleProcessor.php because the cache is absent or outdated
Deep scanning /home/reza/woocommerce/plugins/woocommerce/src/Admin/RemoteSpecs/RuleProcessors/PublishBeforeTimeRuleProcessor.php
Parsing /home/reza/woocommerce/plugins/woocommerce/src/Admin/RemoteSpecs/RuleProcessors/OrdersProvider.php because the cache is absent or outdated
Deep scanning /home/reza/woocommerce/plugins/woocommerce/src/Admin/RemoteSpecs/RuleProcessors/OrdersProvider.php
Parsing /home/reza/woocommerce/plugins/woocommerce/src/Admin/RemoteSpecs/RuleProcessors/RuleEvaluator.php because the cache is absent or outdated
Deep scanning /home/reza/woocommerce/plugins/woocommerce/src/Admin/RemoteSpecs/RuleProcessors/RuleEvaluator.php
Parsing /home/reza/woocommerce/plugins/woocommerce/src/Admin/RemoteSpecs/RuleProcessors/IsEcommerceRuleProcessor.php because the cache is absent or outdated
Deep scanning /home/reza/woocommerce/plugins/woocommerce/src/Admin/RemoteSpecs/RuleProcessors/IsEcommerceRuleProcessor.php
Parsing /home/reza/woocommerce/plugins/woocommerce/src/Admin/RemoteSpecs/RuleProcessors/Transformers/ArrayFlatten.php because the cache is absent or outdated
Deep scanning /home/reza/woocommerce/plugins/woocommerce/src/Admin/RemoteSpecs/RuleProcessors/Transformers/ArrayFlatten.php
Parsing /home/reza/woocommerce/plugins/woocommerce/src/Admin/RemoteSpecs/RuleProcessors/Transformers/Count.php because the cache is absent or outdated
Deep scanning /home/reza/woocommerce/plugins/woocommerce/src/Admin/RemoteSpecs/RuleProcessors/Transformers/Count.php
Parsing /home/reza/woocommerce/plugins/woocommerce/src/Admin/RemoteSpecs/RuleProcessors/Transformers/DotNotation.php because the cache is absent or outdated
Deep scanning /home/reza/woocommerce/plugins/woocommerce/src/Admin/RemoteSpecs/RuleProcessors/Transformers/DotNotation.php
Parsing /home/reza/woocommerce/plugins/woocommerce/src/Admin/RemoteSpecs/RuleProcessors/Transformers/ArraySearch.php because the cache is absent or outdated
Deep scanning /home/reza/woocommerce/plugins/woocommerce/src/Admin/RemoteSpecs/RuleProcessors/Transformers/ArraySearch.php
Parsing /home/reza/woocommerce/plugins/woocommerce/src/Admin/RemoteSpecs/RuleProcessors/Transformers/ArrayColumn.php because the cache is absent or outdated
Deep scanning /home/reza/woocommerce/plugins/woocommerce/src/Admin/RemoteSpecs/RuleProcessors/Transformers/ArrayColumn.php
Parsing /home/reza/woocommerce/plugins/woocommerce/src/Admin/RemoteSpecs/RuleProcessors/Transformers/TransformerInterface.php because the cache is absent or outdated
Deep scanning /home/reza/woocommerce/plugins/woocommerce/src/Admin/RemoteSpecs/RuleProcessors/Transformers/TransformerInterface.php
Parsing /home/reza/woocommerce/plugins/woocommerce/src/Admin/RemoteSpecs/RuleProcessors/Transformers/PrepareUrl.php because the cache is absent or outdated
Deep scanning /home/reza/woocommerce/plugins/woocommerce/src/Admin/RemoteSpecs/RuleProcessors/Transformers/PrepareUrl.php
Parsing /home/reza/woocommerce/plugins/woocommerce/src/Admin/RemoteSpecs/RuleProcessors/Transformers/TransformerService.php because the cache is absent or outdated
Deep scanning /home/reza/woocommerce/plugins/woocommerce/src/Admin/RemoteSpecs/RuleProcessors/Transformers/TransformerService.php
Parsing /home/reza/woocommerce/plugins/woocommerce/src/Admin/RemoteSpecs/RuleProcessors/Transformers/ArrayKeys.php because the cache is absent or outdated
Deep scanning /home/reza/woocommerce/plugins/woocommerce/src/Admin/RemoteSpecs/RuleProcessors/Transformers/ArrayKeys.php
Parsing /home/reza/woocommerce/plugins/woocommerce/src/Admin/RemoteSpecs/RuleProcessors/Transformers/ArrayValues.php because the cache is absent or outdated
Deep scanning /home/reza/woocommerce/plugins/woocommerce/src/Admin/RemoteSpecs/RuleProcessors/Transformers/ArrayValues.php
Parsing /home/reza/woocommerce/plugins/woocommerce/src/Admin/RemoteSpecs/RuleProcessors/WooCommerceAdminUpdatedRuleProcessor.php because the cache is absent or outdated
Deep scanning /home/reza/woocommerce/plugins/woocommerce/src/Admin/RemoteSpecs/RuleProcessors/WooCommerceAdminUpdatedRuleProcessor.php
Parsing /home/reza/woocommerce/plugins/woocommerce/src/Admin/RemoteSpecs/RuleProcessors/BaseLocationCountryRuleProcessor.php because the cache is absent or outdated
Deep scanning /home/reza/woocommerce/plugins/woocommerce/src/Admin/RemoteSpecs/RuleProcessors/BaseLocationCountryRuleProcessor.php
Parsing /home/reza/woocommerce/plugins/woocommerce/src/Admin/RemoteSpecs/RuleProcessors/NotRuleProcessor.php because the cache is absent or outdated
Deep scanning /home/reza/woocommerce/plugins/woocommerce/src/Admin/RemoteSpecs/RuleProcessors/NotRuleProcessor.php
Parsing /home/reza/woocommerce/plugins/woocommerce/src/Admin/RemoteSpecs/RuleProcessors/TotalPaymentsVolumeProcessor.php because the cache is absent or outdated
Deep scanning /home/reza/woocommerce/plugins/woocommerce/src/Admin/RemoteSpecs/RuleProcessors/TotalPaymentsVolumeProcessor.php
Parsing /home/reza/woocommerce/plugins/woocommerce/src/Admin/RemoteSpecs/RuleProcessors/IsWooExpressRuleProcessor.php because the cache is absent or outdated
Deep scanning /home/reza/woocommerce/plugins/woocommerce/src/Admin/RemoteSpecs/RuleProcessors/IsWooExpressRuleProcessor.php
Parsing /home/reza/woocommerce/plugins/woocommerce/src/Admin/RemoteSpecs/RuleProcessors/OrderCountRuleProcessor.php because the cache is absent or outdated
Deep scanning /home/reza/woocommerce/plugins/woocommerce/src/Admin/RemoteSpecs/RuleProcessors/OrderCountRuleProcessor.php
Parsing /home/reza/woocommerce/plugins/woocommerce/src/Admin/RemoteSpecs/RuleProcessors/ComparisonOperation.php because the cache is absent or outdated
Deep scanning /home/reza/woocommerce/plugins/woocommerce/src/Admin/RemoteSpecs/RuleProcessors/ComparisonOperation.php
Parsing /home/reza/woocommerce/plugins/woocommerce/src/Admin/RemoteSpecs/RuleProcessors/FailRuleProcessor.php because the cache is absent or outdated
Deep scanning /home/reza/woocommerce/plugins/woocommerce/src/Admin/RemoteSpecs/RuleProcessors/FailRuleProcessor.php
Parsing /home/reza/woocommerce/plugins/woocommerce/src/Admin/RemoteSpecs/RuleProcessors/EvaluateAndGetStatus.php because the cache is absent or outdated
Deep scanning /home/reza/woocommerce/plugins/woocommerce/src/Admin/RemoteSpecs/RuleProcessors/EvaluateAndGetStatus.php
Parsing /home/reza/woocommerce/plugins/woocommerce/src/Admin/RemoteSpecs/RuleProcessors/EvaluateOverrides.php because the cache is absent or outdated
Deep scanning /home/reza/woocommerce/plugins/woocommerce/src/Admin/RemoteSpecs/RuleProcessors/EvaluateOverrides.php
Parsing /home/reza/woocommerce/plugins/woocommerce/src/Admin/RemoteSpecs/RuleProcessors/OnboardingProfileRuleProcessor.php because the cache is absent or outdated
Deep scanning /home/reza/woocommerce/plugins/woocommerce/src/Admin/RemoteSpecs/RuleProcessors/OnboardingProfileRuleProcessor.php
Parsing /home/reza/woocommerce/plugins/woocommerce/src/Admin/RemoteSpecs/RuleProcessors/PublishAfterTimeRuleProcessor.php because the cache is absent or outdated
Deep scanning /home/reza/woocommerce/plugins/woocommerce/src/Admin/RemoteSpecs/RuleProcessors/PublishAfterTimeRuleProcessor.php
Parsing /home/reza/woocommerce/plugins/woocommerce/src/Admin/RemoteSpecs/RuleProcessors/GetRuleProcessorForContext.php because the cache is absent or outdated
Deep scanning /home/reza/woocommerce/plugins/woocommerce/src/Admin/RemoteSpecs/RuleProcessors/GetRuleProcessorForContext.php
Parsing /home/reza/woocommerce/plugins/woocommerce/src/Admin/RemoteSpecs/RuleProcessors/EvaluationLogger.php because the cache is absent or outdated
Deep scanning /home/reza/woocommerce/plugins/woocommerce/src/Admin/RemoteSpecs/RuleProcessors/EvaluationLogger.php
Parsing /home/reza/woocommerce/plugins/woocommerce/src/Admin/RemoteSpecs/RuleProcessors/WCAdminActiveForProvider.php because the cache is absent or outdated
Deep scanning /home/reza/woocommerce/plugins/woocommerce/src/Admin/RemoteSpecs/RuleProcessors/WCAdminActiveForProvider.php
Parsing /home/reza/woocommerce/plugins/woocommerce/src/Admin/RemoteSpecs/RuleProcessors/StoredStateSetupForProducts.php because the cache is absent or outdated
Deep scanning /home/reza/woocommerce/plugins/woocommerce/src/Admin/RemoteSpecs/RuleProcessors/StoredStateSetupForProducts.php
Parsing /home/reza/woocommerce/plugins/woocommerce/src/Admin/RemoteSpecs/RuleProcessors/ContextPluginsRuleProcessor.php because the cache is absent or outdated
Deep scanning /home/reza/woocommerce/plugins/woocommerce/src/Admin/RemoteSpecs/RuleProcessors/ContextPluginsRuleProcessor.php
Parsing /home/reza/woocommerce/plugins/woocommerce/src/Admin/RemoteSpecs/RuleProcessors/RuleProcessorInterface.php because the cache is absent or outdated
Deep scanning /home/reza/woocommerce/plugins/woocommerce/src/Admin/RemoteSpecs/RuleProcessors/RuleProcessorInterface.php
Parsing /home/reza/woocommerce/plugins/woocommerce/src/Admin/RemoteSpecs/RuleProcessors/PassRuleProcessor.php because the cache is absent or outdated
Deep scanning /home/reza/woocommerce/plugins/woocommerce/src/Admin/RemoteSpecs/RuleProcessors/PassRuleProcessor.php
Parsing /home/reza/woocommerce/plugins/woocommerce/src/Admin/RemoteSpecs/RuleProcessors/PluginsActivatedRuleProcessor.php because the cache is absent or outdated
Deep scanning /home/reza/woocommerce/plugins/woocommerce/src/Admin/RemoteSpecs/RuleProcessors/PluginsActivatedRuleProcessor.php
Parsing /home/reza/woocommerce/plugins/woocommerce/src/Admin/RemoteSpecs/RuleProcessors/PluginVersionRuleProcessor.php because the cache is absent or outdated
Deep scanning /home/reza/woocommerce/plugins/woocommerce/src/Admin/RemoteSpecs/RuleProcessors/PluginVersionRuleProcessor.php
Parsing /home/reza/woocommerce/plugins/woocommerce/src/Admin/RemoteSpecs/RuleProcessors/GetRuleProcessor.php because the cache is absent or outdated
Deep scanning /home/reza/woocommerce/plugins/woocommerce/src/Admin/RemoteSpecs/RuleProcessors/GetRuleProcessor.php
Parsing /home/reza/woocommerce/plugins/woocommerce/src/Admin/RemoteSpecs/RuleProcessors/OrRuleProcessor.php because the cache is absent or outdated
Deep scanning /home/reza/woocommerce/plugins/woocommerce/src/Admin/RemoteSpecs/RuleProcessors/OrRuleProcessor.php
Parsing /home/reza/woocommerce/plugins/woocommerce/src/Admin/RemoteSpecs/RuleProcessors/BaseLocationStateRuleProcessor.php because the cache is absent or outdated
Deep scanning /home/reza/woocommerce/plugins/woocommerce/src/Admin/RemoteSpecs/RuleProcessors/BaseLocationStateRuleProcessor.php
Parsing /home/reza/woocommerce/plugins/woocommerce/src/Admin/RemoteSpecs/DataSourcePoller.php because the cache is absent or outdated
Deep scanning /home/reza/woocommerce/plugins/woocommerce/src/Admin/RemoteSpecs/DataSourcePoller.php
Parsing /home/reza/woocommerce/plugins/woocommerce/src/Admin/RemoteSpecs/RemoteSpecsEngine.php because the cache is absent or outdated
Deep scanning /home/reza/woocommerce/plugins/woocommerce/src/Admin/RemoteSpecs/RemoteSpecsEngine.php
Parsing /home/reza/woocommerce/plugins/woocommerce/src/Admin/DataSourcePoller.php because the cache is absent or outdated
Deep scanning /home/reza/woocommerce/plugins/woocommerce/src/Admin/DataSourcePoller.php
Parsing /home/reza/woocommerce/plugins/woocommerce/src/Admin/Notes/NotesUnavailableException.php because the cache is absent or outdated
Deep scanning /home/reza/woocommerce/plugins/woocommerce/src/Admin/Notes/NotesUnavailableException.php
Parsing /home/reza/woocommerce/plugins/woocommerce/src/Admin/Notes/DeprecatedNotes.php because the cache is absent or outdated
Deep scanning /home/reza/woocommerce/plugins/woocommerce/src/Admin/Notes/DeprecatedNotes.php
Parsing /home/reza/woocommerce/plugins/woocommerce/src/Admin/Notes/NoteTraits.php because the cache is absent or outdated
Deep scanning /home/reza/woocommerce/plugins/woocommerce/src/Admin/Notes/NoteTraits.php
Parsing /home/reza/woocommerce/plugins/woocommerce/src/Admin/Notes/Notes.php because the cache is absent or outdated
Deep scanning /home/reza/woocommerce/plugins/woocommerce/src/Admin/Notes/Notes.php
Parsing /home/reza/woocommerce/plugins/woocommerce/src/Admin/Notes/DataStore.php because the cache is absent or outdated
Deep scanning /home/reza/woocommerce/plugins/woocommerce/src/Admin/Notes/DataStore.php
Parsing /home/reza/woocommerce/plugins/woocommerce/src/Admin/Notes/Note.php because the cache is absent or outdated
Deep scanning /home/reza/woocommerce/plugins/woocommerce/src/Admin/Notes/Note.php
Parsing /home/reza/woocommerce/plugins/woocommerce/src/Admin/Schedulers/SchedulerTraits.php because the cache is absent or outdated
Deep scanning /home/reza/woocommerce/plugins/woocommerce/src/Admin/Schedulers/SchedulerTraits.php
Parsing /home/reza/woocommerce/plugins/woocommerce/src/Admin/ReportsSync.php because the cache is absent or outdated
Deep scanning /home/reza/woocommerce/plugins/woocommerce/src/Admin/ReportsSync.php
Parsing /home/reza/woocommerce/plugins/woocommerce/src/Admin/FeaturePlugin.php because the cache is absent or outdated
Deep scanning /home/reza/woocommerce/plugins/woocommerce/src/Admin/FeaturePlugin.php
Parsing /home/reza/woocommerce/plugins/woocommerce/src/Admin/API/CustomAttributeTraits.php because the cache is absent or outdated
Deep scanning /home/reza/woocommerce/plugins/woocommerce/src/Admin/API/CustomAttributeTraits.php
Parsing /home/reza/woocommerce/plugins/woocommerce/src/Admin/API/MarketingCampaignTypes.php because the cache is absent or outdated
Deep scanning /home/reza/woocommerce/plugins/woocommerce/src/Admin/API/MarketingCampaignTypes.php
Parsing /home/reza/woocommerce/plugins/woocommerce/src/Admin/API/Init.php because the cache is absent or outdated
Deep scanning /home/reza/woocommerce/plugins/woocommerce/src/Admin/API/Init.php
Parsing /home/reza/woocommerce/plugins/woocommerce/src/Admin/API/DataCountries.php because the cache is absent or outdated
Deep scanning /home/reza/woocommerce/plugins/woocommerce/src/Admin/API/DataCountries.php
Parsing /home/reza/woocommerce/plugins/woocommerce/src/Admin/API/ProductsLowInStock.php because the cache is absent or outdated
Deep scanning /home/reza/woocommerce/plugins/woocommerce/src/Admin/API/ProductsLowInStock.php
Parsing /home/reza/woocommerce/plugins/woocommerce/src/Admin/API/ProductAttributeTerms.php because the cache is absent or outdated
Deep scanning /home/reza/woocommerce/plugins/woocommerce/src/Admin/API/ProductAttributeTerms.php
Parsing /home/reza/woocommerce/plugins/woocommerce/src/Admin/API/Notice.php because the cache is absent or outdated
Deep scanning /home/reza/woocommerce/plugins/woocommerce/src/Admin/API/Notice.php
Parsing /home/reza/woocommerce/plugins/woocommerce/src/Admin/API/ProductCategories.php because the cache is absent or outdated
Deep scanning /home/reza/woocommerce/plugins/woocommerce/src/Admin/API/ProductCategories.php
Parsing /home/reza/woocommerce/plugins/woocommerce/src/Admin/API/OnboardingProducts.php because the cache is absent or outdated
Deep scanning /home/reza/woocommerce/plugins/woocommerce/src/Admin/API/OnboardingProducts.php
Parsing /home/reza/woocommerce/plugins/woocommerce/src/Admin/API/OnboardingProductTypes.php because the cache is absent or outdated
Deep scanning /home/reza/woocommerce/plugins/woocommerce/src/Admin/API/OnboardingProductTypes.php
Parsing /home/reza/woocommerce/plugins/woocommerce/src/Admin/API/MarketingChannels.php because the cache is absent or outdated
Deep scanning /home/reza/woocommerce/plugins/woocommerce/src/Admin/API/MarketingChannels.php
Parsing /home/reza/woocommerce/plugins/woocommerce/src/Admin/API/LaunchYourStore.php because the cache is absent or outdated
Deep scanning /home/reza/woocommerce/plugins/woocommerce/src/Admin/API/LaunchYourStore.php
Parsing /home/reza/woocommerce/plugins/woocommerce/src/Admin/API/OnboardingPlugins.php because the cache is absent or outdated
Deep scanning /home/reza/woocommerce/plugins/woocommerce/src/Admin/API/OnboardingPlugins.php
Parsing /home/reza/woocommerce/plugins/woocommerce/src/Admin/API/SettingOptions.php because the cache is absent or outdated
Deep scanning /home/reza/woocommerce/plugins/woocommerce/src/Admin/API/SettingOptions.php
Parsing /home/reza/woocommerce/plugins/woocommerce/src/Admin/API/ProductForm.php because the cache is absent or outdated
Deep scanning /home/reza/woocommerce/plugins/woocommerce/src/Admin/API/ProductForm.php
Parsing /home/reza/woocommerce/plugins/woocommerce/src/Admin/API/Features.php because the cache is absent or outdated
Deep scanning /home/reza/woocommerce/plugins/woocommerce/src/Admin/API/Features.php
Parsing /home/reza/woocommerce/plugins/woocommerce/src/Admin/API/ProductReviews.php because the cache is absent or outdated
Deep scanning /home/reza/woocommerce/plugins/woocommerce/src/Admin/API/ProductReviews.php
Parsing /home/reza/woocommerce/plugins/woocommerce/src/Admin/API/PaymentGatewaySuggestions.php because the cache is absent or outdated
Deep scanning /home/reza/woocommerce/plugins/woocommerce/src/Admin/API/PaymentGatewaySuggestions.php
Parsing /home/reza/woocommerce/plugins/woocommerce/src/Admin/API/Coupons.php because the cache is absent or outdated
Deep scanning /home/reza/woocommerce/plugins/woocommerce/src/Admin/API/Coupons.php
Parsing /home/reza/woocommerce/plugins/woocommerce/src/Admin/API/MobileAppQRLogin.php because the cache is absent or outdated
Deep scanning /home/reza/woocommerce/plugins/woocommerce/src/Admin/API/MobileAppQRLogin.php
Parsing /home/reza/woocommerce/plugins/woocommerce/src/Admin/API/Options.php because the cache is absent or outdated
Deep scanning /home/reza/woocommerce/plugins/woocommerce/src/Admin/API/Options.php
Parsing /home/reza/woocommerce/plugins/woocommerce/src/Admin/API/MobileAppMagicLink.php because the cache is absent or outdated
Deep scanning /home/reza/woocommerce/plugins/woocommerce/src/Admin/API/MobileAppMagicLink.php
Parsing /home/reza/woocommerce/plugins/woocommerce/src/Admin/API/Marketing.php because the cache is absent or outdated
Deep scanning /home/reza/woocommerce/plugins/woocommerce/src/Admin/API/Marketing.php
Parsing /home/reza/woocommerce/plugins/woocommerce/src/Admin/API/OnboardingThemes.php because the cache is absent or outdated
Deep scanning /home/reza/woocommerce/plugins/woocommerce/src/Admin/API/OnboardingThemes.php
Parsing /home/reza/woocommerce/plugins/woocommerce/src/Admin/API/Customers.php because the cache is absent or outdated
Deep scanning /home/reza/woocommerce/plugins/woocommerce/src/Admin/API/Customers.php
Parsing /home/reza/woocommerce/plugins/woocommerce/src/Admin/API/ProductAttributes.php because the cache is absent or outdated
Deep scanning /home/reza/woocommerce/plugins/woocommerce/src/Admin/API/ProductAttributes.php
Parsing /home/reza/woocommerce/plugins/woocommerce/src/Admin/API/AI/BusinessDescription.php because the cache is absent or outdated
Deep scanning /home/reza/woocommerce/plugins/woocommerce/src/Admin/API/AI/BusinessDescription.php
Parsing /home/reza/woocommerce/plugins/woocommerce/src/Admin/API/AI/Images.php because the cache is absent or outdated
Deep scanning /home/reza/woocommerce/plugins/woocommerce/src/Admin/API/AI/Images.php
Parsing /home/reza/woocommerce/plugins/woocommerce/src/Admin/API/AI/Patterns.php because the cache is absent or outdated
Deep scanning /home/reza/woocommerce/plugins/woocommerce/src/Admin/API/AI/Patterns.php
Parsing /home/reza/woocommerce/plugins/woocommerce/src/Admin/API/AI/Product.php because the cache is absent or outdated
Deep scanning /home/reza/woocommerce/plugins/woocommerce/src/Admin/API/AI/Product.php
Parsing /home/reza/woocommerce/plugins/woocommerce/src/Admin/API/AI/StoreTitle.php because the cache is absent or outdated
Deep scanning /home/reza/woocommerce/plugins/woocommerce/src/Admin/API/AI/StoreTitle.php
Parsing /home/reza/woocommerce/plugins/woocommerce/src/Admin/API/AI/StoreInfo.php because the cache is absent or outdated
Deep scanning /home/reza/woocommerce/plugins/woocommerce/src/Admin/API/AI/StoreInfo.php
Parsing /home/reza/woocommerce/plugins/woocommerce/src/Admin/API/AI/Middleware.php because the cache is absent or outdated
Deep scanning /home/reza/woocommerce/plugins/woocommerce/src/Admin/API/AI/Middleware.php
Parsing /home/reza/woocommerce/plugins/woocommerce/src/Admin/API/ProductVariations.php because the cache is absent or outdated
Deep scanning /home/reza/woocommerce/plugins/woocommerce/src/Admin/API/ProductVariations.php
Parsing /home/reza/woocommerce/plugins/woocommerce/src/Admin/API/RateLimits/QRLoginRateLimits.php because the cache is absent or outdated
Deep scanning /home/reza/woocommerce/plugins/woocommerce/src/Admin/API/RateLimits/QRLoginRateLimits.php
Parsing /home/reza/woocommerce/plugins/woocommerce/src/Admin/API/Settings.php because the cache is absent or outdated
Deep scanning /home/reza/woocommerce/plugins/woocommerce/src/Admin/API/Settings.php
Parsing /home/reza/woocommerce/plugins/woocommerce/src/Admin/API/OnboardingFreeExtensions.php because the cache is absent or outdated
Deep scanning /home/reza/woocommerce/plugins/woocommerce/src/Admin/API/OnboardingFreeExtensions.php
Parsing /home/reza/woocommerce/plugins/woocommerce/src/Admin/API/Reports/OrderAwareControllerTrait.php because the cache is absent or outdated
Deep scanning /home/reza/woocommerce/plugins/woocommerce/src/Admin/API/Reports/OrderAwareControllerTrait.php
Parsing /home/reza/woocommerce/plugins/woocommerce/src/Admin/API/Reports/Downloads/Files/Controller.php because the cache is absent or outdated
Deep scanning /home/reza/woocommerce/plugins/woocommerce/src/Admin/API/Reports/Downloads/Files/Controller.php
Parsing /home/reza/woocommerce/plugins/woocommerce/src/Admin/API/Reports/Downloads/Controller.php because the cache is absent or outdated
Deep scanning /home/reza/woocommerce/plugins/woocommerce/src/Admin/API/Reports/Downloads/Controller.php
Parsing /home/reza/woocommerce/plugins/woocommerce/src/Admin/API/Reports/Downloads/Stats/Controller.php because the cache is absent or outdated
Deep scanning /home/reza/woocommerce/plugins/woocommerce/src/Admin/API/Reports/Downloads/Stats/Controller.php
Parsing /home/reza/woocommerce/plugins/woocommerce/src/Admin/API/Reports/Downloads/Stats/Query.php because the cache is absent or outdated
Deep scanning /home/reza/woocommerce/plugins/woocommerce/src/Admin/API/Reports/Downloads/Stats/Query.php
Parsing /home/reza/woocommerce/plugins/woocommerce/src/Admin/API/Reports/Downloads/Stats/DataStore.php because the cache is absent or outdated
Deep scanning /home/reza/woocommerce/plugins/woocommerce/src/Admin/API/Reports/Downloads/Stats/DataStore.php
Parsing /home/reza/woocommerce/plugins/woocommerce/src/Admin/API/Reports/Downloads/Query.php because the cache is absent or outdated
Deep scanning /home/reza/woocommerce/plugins/woocommerce/src/Admin/API/Reports/Downloads/Query.php
Parsing /home/reza/woocommerce/plugins/woocommerce/src/Admin/API/Reports/Downloads/DataStore.php because the cache is absent or outdated
Deep scanning /home/reza/woocommerce/plugins/woocommerce/src/Admin/API/Reports/Downloads/DataStore.php
Parsing /home/reza/woocommerce/plugins/woocommerce/src/Admin/API/Reports/Export/Controller.php because the cache is absent or outdated
Deep scanning /home/reza/woocommerce/plugins/woocommerce/src/Admin/API/Reports/Export/Controller.php
Parsing /home/reza/woocommerce/plugins/woocommerce/src/Admin/API/Reports/Variations/Controller.php because the cache is absent or outdated
Deep scanning /home/reza/woocommerce/plugins/woocommerce/src/Admin/API/Reports/Variations/Controller.php
Parsing /home/reza/woocommerce/plugins/woocommerce/src/Admin/API/Reports/Variations/Stats/Controller.php because the cache is absent or outdated
Deep scanning /home/reza/woocommerce/plugins/woocommerce/src/Admin/API/Reports/Variations/Stats/Controller.php
Parsing /home/reza/woocommerce/plugins/woocommerce/src/Admin/API/Reports/Variations/Stats/Segmenter.php because the cache is absent or outdated
Deep scanning /home/reza/woocommerce/plugins/woocommerce/src/Admin/API/Reports/Variations/Stats/Segmenter.php
Parsing /home/reza/woocommerce/plugins/woocommerce/src/Admin/API/Reports/Variations/Stats/Query.php because the cache is absent or outdated
Deep scanning /home/reza/woocommerce/plugins/woocommerce/src/Admin/API/Reports/Variations/Stats/Query.php
Parsing /home/reza/woocommerce/plugins/woocommerce/src/Admin/API/Reports/Variations/Stats/DataStore.php because the cache is absent or outdated
Deep scanning /home/reza/woocommerce/plugins/woocommerce/src/Admin/API/Reports/Variations/Stats/DataStore.php
Parsing /home/reza/woocommerce/plugins/woocommerce/src/Admin/API/Reports/Variations/Query.php because the cache is absent or outdated
Deep scanning /home/reza/woocommerce/plugins/woocommerce/src/Admin/API/Reports/Variations/Query.php
Parsing /home/reza/woocommerce/plugins/woocommerce/src/Admin/API/Reports/Variations/DataStore.php because the cache is absent or outdated
Deep scanning /home/reza/woocommerce/plugins/woocommerce/src/Admin/API/Reports/Variations/DataStore.php
Parsing /home/reza/woocommerce/plugins/woocommerce/src/Admin/API/Reports/StatsDataStoreTrait.php because the cache is absent or outdated
Deep scanning /home/reza/woocommerce/plugins/woocommerce/src/Admin/API/Reports/StatsDataStoreTrait.php
Parsing /home/reza/woocommerce/plugins/woocommerce/src/Admin/API/Reports/Cache.php because the cache is absent or outdated
Deep scanning /home/reza/woocommerce/plugins/woocommerce/src/Admin/API/Reports/Cache.php
Parsing /home/reza/woocommerce/plugins/woocommerce/src/Admin/API/Reports/ExportableInterface.php because the cache is absent or outdated
Deep scanning /home/reza/woocommerce/plugins/woocommerce/src/Admin/API/Reports/ExportableInterface.php
Parsing /home/reza/woocommerce/plugins/woocommerce/src/Admin/API/Reports/GenericQuery.php because the cache is absent or outdated
Deep scanning /home/reza/woocommerce/plugins/woocommerce/src/Admin/API/Reports/GenericQuery.php
Parsing /home/reza/woocommerce/plugins/woocommerce/src/Admin/API/Reports/Controller.php because the cache is absent or outdated
Deep scanning /home/reza/woocommerce/plugins/woocommerce/src/Admin/API/Reports/Controller.php
Parsing /home/reza/woocommerce/plugins/woocommerce/src/Admin/API/Reports/Revenue/Stats/Controller.php because the cache is absent or outdated
Deep scanning /home/reza/woocommerce/plugins/woocommerce/src/Admin/API/Reports/Revenue/Stats/Controller.php
Parsing /home/reza/woocommerce/plugins/woocommerce/src/Admin/API/Reports/Revenue/Query.php because the cache is absent or outdated
Deep scanning /home/reza/woocommerce/plugins/woocommerce/src/Admin/API/Reports/Revenue/Query.php
Parsing /home/reza/woocommerce/plugins/woocommerce/src/Admin/API/Reports/FilteredGetDataTrait.php because the cache is absent or outdated
Deep scanning /home/reza/woocommerce/plugins/woocommerce/src/Admin/API/Reports/FilteredGetDataTrait.php
Parsing /home/reza/woocommerce/plugins/woocommerce/src/Admin/API/Reports/DataStoreInterface.php because the cache is absent or outdated
Deep scanning /home/reza/woocommerce/plugins/woocommerce/src/Admin/API/Reports/DataStoreInterface.php
Parsing /home/reza/woocommerce/plugins/woocommerce/src/Admin/API/Reports/GenericController.php because the cache is absent or outdated
Deep scanning /home/reza/woocommerce/plugins/woocommerce/src/Admin/API/Reports/GenericController.php
Parsing /home/reza/woocommerce/plugins/woocommerce/src/Admin/API/Reports/PerformanceIndicators/Controller.php because the cache is absent or outdated
Deep scanning /home/reza/woocommerce/plugins/woocommerce/src/Admin/API/Reports/PerformanceIndicators/Controller.php
Parsing /home/reza/woocommerce/plugins/woocommerce/src/Admin/API/Reports/Taxes/Controller.php because the cache is absent or outdated
Deep scanning /home/reza/woocommerce/plugins/woocommerce/src/Admin/API/Reports/Taxes/Controller.php
Parsing /home/reza/woocommerce/plugins/woocommerce/src/Admin/API/Reports/Taxes/Stats/Controller.php because the cache is absent or outdated
Deep scanning /home/reza/woocommerce/plugins/woocommerce/src/Admin/API/Reports/Taxes/Stats/Controller.php
Parsing /home/reza/woocommerce/plugins/woocommerce/src/Admin/API/Reports/Taxes/Stats/Segmenter.php because the cache is absent or outdated
Deep scanning /home/reza/woocommerce/plugins/woocommerce/src/Admin/API/Reports/Taxes/Stats/Segmenter.php
Parsing /home/reza/woocommerce/plugins/woocommerce/src/Admin/API/Reports/Taxes/Stats/Query.php because the cache is absent or outdated
Deep scanning /home/reza/woocommerce/plugins/woocommerce/src/Admin/API/Reports/Taxes/Stats/Query.php
Parsing /home/reza/woocommerce/plugins/woocommerce/src/Admin/API/Reports/Taxes/Stats/DataStore.php because the cache is absent or outdated
Deep scanning /home/reza/woocommerce/plugins/woocommerce/src/Admin/API/Reports/Taxes/Stats/DataStore.php
Parsing /home/reza/woocommerce/plugins/woocommerce/src/Admin/API/Reports/Taxes/Query.php because the cache is absent or outdated
Deep scanning /home/reza/woocommerce/plugins/woocommerce/src/Admin/API/Reports/Taxes/Query.php
Parsing /home/reza/woocommerce/plugins/woocommerce/src/Admin/API/Reports/Taxes/DataStore.php because the cache is absent or outdated
Deep scanning /home/reza/woocommerce/plugins/woocommerce/src/Admin/API/Reports/Taxes/DataStore.php
Parsing /home/reza/woocommerce/plugins/woocommerce/src/Admin/API/Reports/Import/Controller.php because the cache is absent or outdated
Deep scanning /home/reza/woocommerce/plugins/woocommerce/src/Admin/API/Reports/Import/Controller.php
Parsing /home/reza/woocommerce/plugins/woocommerce/src/Admin/API/Reports/Coupons/Controller.php because the cache is absent or outdated
Deep scanning /home/reza/woocommerce/plugins/woocommerce/src/Admin/API/Reports/Coupons/Controller.php
Parsing /home/reza/woocommerce/plugins/woocommerce/src/Admin/API/Reports/Coupons/Stats/Controller.php because the cache is absent or outdated
Deep scanning /home/reza/woocommerce/plugins/woocommerce/src/Admin/API/Reports/Coupons/Stats/Controller.php
Parsing /home/reza/woocommerce/plugins/woocommerce/src/Admin/API/Reports/Coupons/Stats/Segmenter.php because the cache is absent or outdated
Deep scanning /home/reza/woocommerce/plugins/woocommerce/src/Admin/API/Reports/Coupons/Stats/Segmenter.php
Parsing /home/reza/woocommerce/plugins/woocommerce/src/Admin/API/Reports/Coupons/Stats/Query.php because the cache is absent or outdated
Deep scanning /home/reza/woocommerce/plugins/woocommerce/src/Admin/API/Reports/Coupons/Stats/Query.php
Parsing /home/reza/woocommerce/plugins/woocommerce/src/Admin/API/Reports/Coupons/Stats/DataStore.php because the cache is absent or outdated
Deep scanning /home/reza/woocommerce/plugins/woocommerce/src/Admin/API/Reports/Coupons/Stats/DataStore.php
Parsing /home/reza/woocommerce/plugins/woocommerce/src/Admin/API/Reports/Coupons/Query.php because the cache is absent or outdated
Deep scanning /home/reza/woocommerce/plugins/woocommerce/src/Admin/API/Reports/Coupons/Query.php
Parsing /home/reza/woocommerce/plugins/woocommerce/src/Admin/API/Reports/Coupons/DataStore.php because the cache is absent or outdated
Deep scanning /home/reza/woocommerce/plugins/woocommerce/src/Admin/API/Reports/Coupons/DataStore.php
Parsing /home/reza/woocommerce/plugins/woocommerce/src/Admin/API/Reports/ParameterException.php because the cache is absent or outdated
Deep scanning /home/reza/woocommerce/plugins/woocommerce/src/Admin/API/Reports/ParameterException.php
Parsing /home/reza/woocommerce/plugins/woocommerce/src/Admin/API/Reports/GenericStatsController.php because the cache is absent or outdated
Deep scanning /home/reza/woocommerce/plugins/woocommerce/src/Admin/API/Reports/GenericStatsController.php
Parsing /home/reza/woocommerce/plugins/woocommerce/src/Admin/API/Reports/SqlQuery.php because the cache is absent or outdated
Deep scanning /home/reza/woocommerce/plugins/woocommerce/src/Admin/API/Reports/SqlQuery.php
Parsing /home/reza/woocommerce/plugins/woocommerce/src/Admin/API/Reports/ExportableTraits.php because the cache is absent or outdated
Deep scanning /home/reza/woocommerce/plugins/woocommerce/src/Admin/API/Reports/ExportableTraits.php
Parsing /home/reza/woocommerce/plugins/woocommerce/src/Admin/API/Reports/Customers/Controller.php because the cache is absent or outdated
Deep scanning /home/reza/woocommerce/plugins/woocommerce/src/Admin/API/Reports/Customers/Controller.php
Parsing /home/reza/woocommerce/plugins/woocommerce/src/Admin/API/Reports/Customers/Stats/Controller.php because the cache is absent or outdated
Deep scanning /home/reza/woocommerce/plugins/woocommerce/src/Admin/API/Reports/Customers/Stats/Controller.php
Parsing /home/reza/woocommerce/plugins/woocommerce/src/Admin/API/Reports/Customers/Stats/Query.php because the cache is absent or outdated
Deep scanning /home/reza/woocommerce/plugins/woocommerce/src/Admin/API/Reports/Customers/Stats/Query.php
Parsing /home/reza/woocommerce/plugins/woocommerce/src/Admin/API/Reports/Customers/Stats/DataStore.php because the cache is absent or outdated
Deep scanning /home/reza/woocommerce/plugins/woocommerce/src/Admin/API/Reports/Customers/Stats/DataStore.php
Parsing /home/reza/woocommerce/plugins/woocommerce/src/Admin/API/Reports/Customers/Query.php because the cache is absent or outdated
Deep scanning /home/reza/woocommerce/plugins/woocommerce/src/Admin/API/Reports/Customers/Query.php
Parsing /home/reza/woocommerce/plugins/woocommerce/src/Admin/API/Reports/Customers/DataStore.php because the cache is absent or outdated
Deep scanning /home/reza/woocommerce/plugins/woocommerce/src/Admin/API/Reports/Customers/DataStore.php
Parsing /home/reza/woocommerce/plugins/woocommerce/src/Admin/API/Reports/Products/Controller.php because the cache is absent or outdated
Deep scanning /home/reza/woocommerce/plugins/woocommerce/src/Admin/API/Reports/Products/Controller.php
Parsing /home/reza/woocommerce/plugins/woocommerce/src/Admin/API/Reports/Products/Stats/Controller.php because the cache is absent or outdated
Deep scanning /home/reza/woocommerce/plugins/woocommerce/src/Admin/API/Reports/Products/Stats/Controller.php
Parsing /home/reza/woocommerce/plugins/woocommerce/src/Admin/API/Reports/Products/Stats/Segmenter.php because the cache is absent or outdated
Deep scanning /home/reza/woocommerce/plugins/woocommerce/src/Admin/API/Reports/Products/Stats/Segmenter.php
Parsing /home/reza/woocommerce/plugins/woocommerce/src/Admin/API/Reports/Products/Stats/Query.php because the cache is absent or outdated
Deep scanning /home/reza/woocommerce/plugins/woocommerce/src/Admin/API/Reports/Products/Stats/Query.php
Parsing /home/reza/woocommerce/plugins/woocommerce/src/Admin/API/Reports/Products/Stats/DataStore.php because the cache is absent or outdated
Deep scanning /home/reza/woocommerce/plugins/woocommerce/src/Admin/API/Reports/Products/Stats/DataStore.php
Parsing /home/reza/woocommerce/plugins/woocommerce/src/Admin/API/Reports/Products/Query.php because the cache is absent or outdated
Deep scanning /home/reza/woocommerce/plugins/woocommerce/src/Admin/API/Reports/Products/Query.php
Parsing /home/reza/woocommerce/plugins/woocommerce/src/Admin/API/Reports/Products/DataStore.php because the cache is absent or outdated
Deep scanning /home/reza/woocommerce/plugins/woocommerce/src/Admin/API/Reports/Products/DataStore.php
Parsing /home/reza/woocommerce/plugins/woocommerce/src/Admin/API/Reports/TimeInterval.php because the cache is absent or outdated
Deep scanning /home/reza/woocommerce/plugins/woocommerce/src/Admin/API/Reports/TimeInterval.php
Parsing /home/reza/woocommerce/plugins/woocommerce/src/Admin/API/Reports/Segmenter.php because the cache is absent or outdated
Deep scanning /home/reza/woocommerce/plugins/woocommerce/src/Admin/API/Reports/Segmenter.php
Parsing /home/reza/woocommerce/plugins/woocommerce/src/Admin/API/Reports/Stock/Controller.php because the cache is absent or outdated
Deep scanning /home/reza/woocommerce/plugins/woocommerce/src/Admin/API/Reports/Stock/Controller.php
Parsing /home/reza/woocommerce/plugins/woocommerce/src/Admin/API/Reports/Stock/Stats/Controller.php because the cache is absent or outdated
Deep scanning /home/reza/woocommerce/plugins/woocommerce/src/Admin/API/Reports/Stock/Stats/Controller.php
Parsing /home/reza/woocommerce/plugins/woocommerce/src/Admin/API/Reports/Stock/Stats/Query.php because the cache is absent or outdated
Deep scanning /home/reza/woocommerce/plugins/woocommerce/src/Admin/API/Reports/Stock/Stats/Query.php
Parsing /home/reza/woocommerce/plugins/woocommerce/src/Admin/API/Reports/Stock/Stats/DataStore.php because the cache is absent or outdated
Deep scanning /home/reza/woocommerce/plugins/woocommerce/src/Admin/API/Reports/Stock/Stats/DataStore.php
Parsing /home/reza/woocommerce/plugins/woocommerce/src/Admin/API/Reports/Categories/Controller.php because the cache is absent or outdated
Deep scanning /home/reza/woocommerce/plugins/woocommerce/src/Admin/API/Reports/Categories/Controller.php
Parsing /home/reza/woocommerce/plugins/woocommerce/src/Admin/API/Reports/Categories/Query.php because the cache is absent or outdated
Deep scanning /home/reza/woocommerce/plugins/woocommerce/src/Admin/API/Reports/Categories/Query.php
Parsing /home/reza/woocommerce/plugins/woocommerce/src/Admin/API/Reports/Categories/DataStore.php because the cache is absent or outdated
Deep scanning /home/reza/woocommerce/plugins/woocommerce/src/Admin/API/Reports/Categories/DataStore.php
Parsing /home/reza/woocommerce/plugins/woocommerce/src/Admin/API/Reports/Orders/Controller.php because the cache is absent or outdated
Deep scanning /home/reza/woocommerce/plugins/woocommerce/src/Admin/API/Reports/Orders/Controller.php
Parsing /home/reza/woocommerce/plugins/woocommerce/src/Admin/API/Reports/Orders/Stats/Controller.php because the cache is absent or outdated
Deep scanning /home/reza/woocommerce/plugins/woocommerce/src/Admin/API/Reports/Orders/Stats/Controller.php
Parsing /home/reza/woocommerce/plugins/woocommerce/src/Admin/API/Reports/Orders/Stats/Segmenter.php because the cache is absent or outdated
Deep scanning /home/reza/woocommerce/plugins/woocommerce/src/Admin/API/Reports/Orders/Stats/Segmenter.php
Parsing /home/reza/woocommerce/plugins/woocommerce/src/Admin/API/Reports/Orders/Stats/Query.php because the cache is absent or outdated
Deep scanning /home/reza/woocommerce/plugins/woocommerce/src/Admin/API/Reports/Orders/Stats/Query.php
Parsing /home/reza/woocommerce/plugins/woocommerce/src/Admin/API/Reports/Orders/Stats/DataStore.php because the cache is absent or outdated
Deep scanning /home/reza/woocommerce/plugins/woocommerce/src/Admin/API/Reports/Orders/Stats/DataStore.php
Parsing /home/reza/woocommerce/plugins/woocommerce/src/Admin/API/Reports/Orders/Query.php because the cache is absent or outdated
Deep scanning /home/reza/woocommerce/plugins/woocommerce/src/Admin/API/Reports/Orders/Query.php
Parsing /home/reza/woocommerce/plugins/woocommerce/src/Admin/API/Reports/Orders/DataStore.php because the cache is absent or outdated
Deep scanning /home/reza/woocommerce/plugins/woocommerce/src/Admin/API/Reports/Orders/DataStore.php
Parsing /home/reza/woocommerce/plugins/woocommerce/src/Admin/API/Reports/Query.php because the cache is absent or outdated
Deep scanning /home/reza/woocommerce/plugins/woocommerce/src/Admin/API/Reports/Query.php
Parsing /home/reza/woocommerce/plugins/woocommerce/src/Admin/API/Reports/DataStore.php because the cache is absent or outdated
Deep scanning /home/reza/woocommerce/plugins/woocommerce/src/Admin/API/Reports/DataStore.php
Parsing /home/reza/woocommerce/plugins/woocommerce/src/Admin/API/MarketingOverview.php because the cache is absent or outdated
Deep scanning /home/reza/woocommerce/plugins/woocommerce/src/Admin/API/MarketingOverview.php
Parsing /home/reza/woocommerce/plugins/woocommerce/src/Admin/API/Themes.php because the cache is absent or outdated
Deep scanning /home/reza/woocommerce/plugins/woocommerce/src/Admin/API/Themes.php
Parsing /home/reza/woocommerce/plugins/woocommerce/src/Admin/API/MarketingRecommendations.php because the cache is absent or outdated
Deep scanning /home/reza/woocommerce/plugins/woocommerce/src/Admin/API/MarketingRecommendations.php
Parsing /home/reza/woocommerce/plugins/woocommerce/src/Admin/API/OnboardingTasks.php because the cache is absent or outdated
Deep scanning /home/reza/woocommerce/plugins/woocommerce/src/Admin/API/OnboardingTasks.php
Parsing /home/reza/woocommerce/plugins/woocommerce/src/Admin/API/views/mobile-app-qr-login-signin-email.php because the cache is absent or outdated
Deep scanning /home/reza/woocommerce/plugins/woocommerce/src/Admin/API/views/mobile-app-qr-login-signin-email.php
Parsing /home/reza/woocommerce/plugins/woocommerce/src/Admin/API/Data.php because the cache is absent or outdated
Deep scanning /home/reza/woocommerce/plugins/woocommerce/src/Admin/API/Data.php
Parsing /home/reza/woocommerce/plugins/woocommerce/src/Admin/API/ShippingPartnerSuggestions.php because the cache is absent or outdated
Deep scanning /home/reza/woocommerce/plugins/woocommerce/src/Admin/API/ShippingPartnerSuggestions.php
Parsing /home/reza/woocommerce/plugins/woocommerce/src/Admin/API/Orders.php because the cache is absent or outdated
Deep scanning /home/reza/woocommerce/plugins/woocommerce/src/Admin/API/Orders.php
Parsing /home/reza/woocommerce/plugins/woocommerce/src/Admin/API/MarketingCampaigns.php because the cache is absent or outdated
Deep scanning /home/reza/woocommerce/plugins/woocommerce/src/Admin/API/MarketingCampaigns.php
Parsing /home/reza/woocommerce/plugins/woocommerce/src/Admin/API/OnboardingProfile.php because the cache is absent or outdated
Deep scanning /home/reza/woocommerce/plugins/woocommerce/src/Admin/API/OnboardingProfile.php
Parsing /home/reza/woocommerce/plugins/woocommerce/src/Admin/API/AnalyticsImports.php because the cache is absent or outdated
Deep scanning /home/reza/woocommerce/plugins/woocommerce/src/Admin/API/AnalyticsImports.php
Parsing /home/reza/woocommerce/plugins/woocommerce/src/Admin/API/Leaderboards.php because the cache is absent or outdated
Deep scanning /home/reza/woocommerce/plugins/woocommerce/src/Admin/API/Leaderboards.php
Parsing /home/reza/woocommerce/plugins/woocommerce/src/Admin/API/Taxes.php because the cache is absent or outdated
Deep scanning /home/reza/woocommerce/plugins/woocommerce/src/Admin/API/Taxes.php
Parsing /home/reza/woocommerce/plugins/woocommerce/src/Admin/API/Products.php because the cache is absent or outdated
Deep scanning /home/reza/woocommerce/plugins/woocommerce/src/Admin/API/Products.php
Parsing /home/reza/woocommerce/plugins/woocommerce/src/Admin/API/DataDownloadIPs.php because the cache is absent or outdated
Deep scanning /home/reza/woocommerce/plugins/woocommerce/src/Admin/API/DataDownloadIPs.php
Parsing /home/reza/woocommerce/plugins/woocommerce/src/Admin/API/ActivityPanelCounts.php because the cache is absent or outdated
Deep scanning /home/reza/woocommerce/plugins/woocommerce/src/Admin/API/ActivityPanelCounts.php
Parsing /home/reza/woocommerce/plugins/woocommerce/src/Admin/API/Notes.php because the cache is absent or outdated
Deep scanning /home/reza/woocommerce/plugins/woocommerce/src/Admin/API/Notes.php
Parsing /home/reza/woocommerce/plugins/woocommerce/src/Admin/API/Experiments.php because the cache is absent or outdated
Deep scanning /home/reza/woocommerce/plugins/woocommerce/src/Admin/API/Experiments.php
Parsing /home/reza/woocommerce/plugins/woocommerce/src/Admin/API/Plugins.php because the cache is absent or outdated
Deep scanning /home/reza/woocommerce/plugins/woocommerce/src/Admin/API/Plugins.php
Parsing /home/reza/woocommerce/plugins/woocommerce/src/Admin/API/NoteActions.php because the cache is absent or outdated
Deep scanning /home/reza/woocommerce/plugins/woocommerce/src/Admin/API/NoteActions.php
Parsing /home/reza/woocommerce/plugins/woocommerce/src/Admin/PluginsInstaller.php because the cache is absent or outdated
Deep scanning /home/reza/woocommerce/plugins/woocommerce/src/Admin/PluginsInstaller.php
Parsing /home/reza/woocommerce/plugins/woocommerce/src/Admin/PluginsHelper.php because the cache is absent or outdated
Deep scanning /home/reza/woocommerce/plugins/woocommerce/src/Admin/PluginsHelper.php
Deep scanning /home/reza/woocommerce/plugins/woocommerce/src/Admin/DeprecatedClassFacade.php
Parsing /home/reza/woocommerce/plugins/woocommerce/src/Admin/Marketing/MarketingChannels.php because the cache is absent or outdated
Deep scanning /home/reza/woocommerce/plugins/woocommerce/src/Admin/Marketing/MarketingChannels.php
Parsing /home/reza/woocommerce/plugins/woocommerce/src/Admin/Marketing/InstalledExtensions.php because the cache is absent or outdated
Deep scanning /home/reza/woocommerce/plugins/woocommerce/src/Admin/Marketing/InstalledExtensions.php
Parsing /home/reza/woocommerce/plugins/woocommerce/src/Admin/Marketing/MarketingCampaignType.php because the cache is absent or outdated
Deep scanning /home/reza/woocommerce/plugins/woocommerce/src/Admin/Marketing/MarketingCampaignType.php
Parsing /home/reza/woocommerce/plugins/woocommerce/src/Admin/Marketing/MarketingChannelInterface.php because the cache is absent or outdated
Deep scanning /home/reza/woocommerce/plugins/woocommerce/src/Admin/Marketing/MarketingChannelInterface.php
Parsing /home/reza/woocommerce/plugins/woocommerce/src/Admin/Marketing/Price.php because the cache is absent or outdated
Deep scanning /home/reza/woocommerce/plugins/woocommerce/src/Admin/Marketing/Price.php
Parsing /home/reza/woocommerce/plugins/woocommerce/src/Admin/Marketing/MarketingCampaign.php because the cache is absent or outdated
Deep scanning /home/reza/woocommerce/plugins/woocommerce/src/Admin/Marketing/MarketingCampaign.php
Parsing /home/reza/woocommerce/plugins/woocommerce/src/Admin/ReportCSVEmail.php because the cache is absent or outdated
Deep scanning /home/reza/woocommerce/plugins/woocommerce/src/Admin/ReportCSVEmail.php
Parsing /home/reza/woocommerce/plugins/woocommerce/src/Admin/WCAdminHelper.php because the cache is absent or outdated
Deep scanning /home/reza/woocommerce/plugins/woocommerce/src/Admin/WCAdminHelper.php
Parsing /home/reza/woocommerce/plugins/woocommerce/src/Admin/Settings/SettingsUIPageInterface.php because the cache is absent or outdated
Deep scanning /home/reza/woocommerce/plugins/woocommerce/src/Admin/Settings/SettingsUIPageInterface.php
Parsing /home/reza/woocommerce/plugins/woocommerce/src/Admin/Settings/SettingsUISchema.php because the cache is absent or outdated
Deep scanning /home/reza/woocommerce/plugins/woocommerce/src/Admin/Settings/SettingsUISchema.php
Parsing /home/reza/woocommerce/plugins/woocommerce/src/Admin/Settings/SettingsSectionUIPageProviderInterface.php because the cache is absent or outdated
Deep scanning /home/reza/woocommerce/plugins/woocommerce/src/Admin/Settings/SettingsSectionUIPageProviderInterface.php
Parsing /home/reza/woocommerce/plugins/woocommerce/src/Admin/Settings/SettingsSectionInterface.php because the cache is absent or outdated
Deep scanning /home/reza/woocommerce/plugins/woocommerce/src/Admin/Settings/SettingsSectionInterface.php
Parsing /home/reza/woocommerce/plugins/woocommerce/src/Admin/Settings/LegacySettingsPageAdapter.php because the cache is absent or outdated
Deep scanning /home/reza/woocommerce/plugins/woocommerce/src/Admin/Settings/LegacySettingsPageAdapter.php
Parsing /home/reza/woocommerce/plugins/woocommerce/src/Admin/Settings/SettingsSection.php because the cache is absent or outdated
Deep scanning /home/reza/woocommerce/plugins/woocommerce/src/Admin/Settings/SettingsSection.php
Parsing /home/reza/woocommerce/plugins/woocommerce/src/Admin/Settings/SettingsSectionRegistry.php because the cache is absent or outdated
Deep scanning /home/reza/woocommerce/plugins/woocommerce/src/Admin/Settings/SettingsSectionRegistry.php
Parsing /home/reza/woocommerce/plugins/woocommerce/src/Admin/Loader.php because the cache is absent or outdated
Deep scanning /home/reza/woocommerce/plugins/woocommerce/src/Admin/Loader.php
Parsing /home/reza/woocommerce/plugins/woocommerce/src/Admin/Features/Blueprint/Init.php because the cache is absent or outdated
Deep scanning /home/reza/woocommerce/plugins/woocommerce/src/Admin/Features/Blueprint/Init.php
Parsing /home/reza/woocommerce/plugins/woocommerce/src/Admin/Features/Blueprint/RestApi.php because the cache is absent or outdated
Deep scanning /home/reza/woocommerce/plugins/woocommerce/src/Admin/Features/Blueprint/RestApi.php
Parsing /home/reza/woocommerce/plugins/woocommerce/src/Admin/Features/Blueprint/SettingOptions.php because the cache is absent or outdated
Deep scanning /home/reza/woocommerce/plugins/woocommerce/src/Admin/Features/Blueprint/SettingOptions.php
Parsing /home/reza/woocommerce/plugins/woocommerce/src/Admin/Features/Blueprint/Exporters/ExportWCSettingsIntegrations.php because the cache is absent or outdated
Deep scanning /home/reza/woocommerce/plugins/woocommerce/src/Admin/Features/Blueprint/Exporters/ExportWCSettingsIntegrations.php
Parsing /home/reza/woocommerce/plugins/woocommerce/src/Admin/Features/Blueprint/Exporters/ExportWCTaskOptions.php because the cache is absent or outdated
Deep scanning /home/reza/woocommerce/plugins/woocommerce/src/Admin/Features/Blueprint/Exporters/ExportWCTaskOptions.php
Parsing /home/reza/woocommerce/plugins/woocommerce/src/Admin/Features/Blueprint/Exporters/ExportWCSettingsSiteVisibility.php because the cache is absent or outdated
Deep scanning /home/reza/woocommerce/plugins/woocommerce/src/Admin/Features/Blueprint/Exporters/ExportWCSettingsSiteVisibility.php
Parsing /home/reza/woocommerce/plugins/woocommerce/src/Admin/Features/Blueprint/Exporters/ExportWCSettingsTax.php because the cache is absent or outdated
Deep scanning /home/reza/woocommerce/plugins/woocommerce/src/Admin/Features/Blueprint/Exporters/ExportWCSettingsTax.php
Parsing /home/reza/woocommerce/plugins/woocommerce/src/Admin/Features/Blueprint/Exporters/ExportWCSettingsProducts.php because the cache is absent or outdated
Deep scanning /home/reza/woocommerce/plugins/woocommerce/src/Admin/Features/Blueprint/Exporters/ExportWCSettingsProducts.php
Parsing /home/reza/woocommerce/plugins/woocommerce/src/Admin/Features/Blueprint/Exporters/ExportWCSettingsGeneral.php because the cache is absent or outdated
Deep scanning /home/reza/woocommerce/plugins/woocommerce/src/Admin/Features/Blueprint/Exporters/ExportWCSettingsGeneral.php
Parsing /home/reza/woocommerce/plugins/woocommerce/src/Admin/Features/Blueprint/Exporters/ExportWCSettingsAccount.php because the cache is absent or outdated
Deep scanning /home/reza/woocommerce/plugins/woocommerce/src/Admin/Features/Blueprint/Exporters/ExportWCSettingsAccount.php
Parsing /home/reza/woocommerce/plugins/woocommerce/src/Admin/Features/Blueprint/Exporters/ExportWCSettings.php because the cache is absent or outdated
Deep scanning /home/reza/woocommerce/plugins/woocommerce/src/Admin/Features/Blueprint/Exporters/ExportWCSettings.php
Parsing /home/reza/woocommerce/plugins/woocommerce/src/Admin/Features/Blueprint/Exporters/ExportWCSettingsEmails.php because the cache is absent or outdated
Deep scanning /home/reza/woocommerce/plugins/woocommerce/src/Admin/Features/Blueprint/Exporters/ExportWCSettingsEmails.php
Parsing /home/reza/woocommerce/plugins/woocommerce/src/Admin/Features/Blueprint/Exporters/ExportWCPaymentGateways.php because the cache is absent or outdated
Deep scanning /home/reza/woocommerce/plugins/woocommerce/src/Admin/Features/Blueprint/Exporters/ExportWCPaymentGateways.php
Parsing /home/reza/woocommerce/plugins/woocommerce/src/Admin/Features/Blueprint/Exporters/ExportWCCoreProfilerOptions.php because the cache is absent or outdated
Deep scanning /home/reza/woocommerce/plugins/woocommerce/src/Admin/Features/Blueprint/Exporters/ExportWCCoreProfilerOptions.php
Parsing /home/reza/woocommerce/plugins/woocommerce/src/Admin/Features/Blueprint/Exporters/ExportWCSettingsShipping.php because the cache is absent or outdated
Deep scanning /home/reza/woocommerce/plugins/woocommerce/src/Admin/Features/Blueprint/Exporters/ExportWCSettingsShipping.php
Parsing /home/reza/woocommerce/plugins/woocommerce/src/Admin/Features/Blueprint/Exporters/ExportWCSettingsAdvanced.php because the cache is absent or outdated
Deep scanning /home/reza/woocommerce/plugins/woocommerce/src/Admin/Features/Blueprint/Exporters/ExportWCSettingsAdvanced.php
Parsing /home/reza/woocommerce/plugins/woocommerce/src/Admin/Features/LaunchYourStore.php because the cache is absent or outdated
Deep scanning /home/reza/woocommerce/plugins/woocommerce/src/Admin/Features/LaunchYourStore.php
Parsing /home/reza/woocommerce/plugins/woocommerce/src/Admin/Features/Features.php because the cache is absent or outdated
Deep scanning /home/reza/woocommerce/plugins/woocommerce/src/Admin/Features/Features.php
Parsing /home/reza/woocommerce/plugins/woocommerce/src/Admin/Features/Fulfillments/FulfillmentsManager.php because the cache is absent or outdated
Deep scanning /home/reza/woocommerce/plugins/woocommerce/src/Admin/Features/Fulfillments/FulfillmentsManager.php
Parsing /home/reza/woocommerce/plugins/woocommerce/src/Admin/Features/Fulfillments/DataStore/FulfillmentsDataStoreInterface.php because the cache is absent or outdated
Deep scanning /home/reza/woocommerce/plugins/woocommerce/src/Admin/Features/Fulfillments/DataStore/FulfillmentsDataStoreInterface.php
Parsing /home/reza/woocommerce/plugins/woocommerce/src/Admin/Features/Fulfillments/DataStore/FulfillmentsDataStore.php because the cache is absent or outdated
Deep scanning /home/reza/woocommerce/plugins/woocommerce/src/Admin/Features/Fulfillments/DataStore/FulfillmentsDataStore.php
Parsing /home/reza/woocommerce/plugins/woocommerce/src/Admin/Features/Fulfillments/FulfillmentsSettings.php because the cache is absent or outdated
Deep scanning /home/reza/woocommerce/plugins/woocommerce/src/Admin/Features/Fulfillments/FulfillmentsSettings.php
Parsing /home/reza/woocommerce/plugins/woocommerce/src/Admin/Features/Fulfillments/Providers/BartoliniBRTShippingProvider.php because the cache is absent or outdated
Deep scanning /home/reza/woocommerce/plugins/woocommerce/src/Admin/Features/Fulfillments/Providers/BartoliniBRTShippingProvider.php
Parsing /home/reza/woocommerce/plugins/woocommerce/src/Admin/Features/Fulfillments/Providers/HrvatskaPostaShippingProvider.php because the cache is absent or outdated
Deep scanning /home/reza/woocommerce/plugins/woocommerce/src/Admin/Features/Fulfillments/Providers/HrvatskaPostaShippingProvider.php
Parsing /home/reza/woocommerce/plugins/woocommerce/src/Admin/Features/Fulfillments/Providers/SlovenskaPostaShippingProvider.php because the cache is absent or outdated
Deep scanning /home/reza/woocommerce/plugins/woocommerce/src/Admin/Features/Fulfillments/Providers/SlovenskaPostaShippingProvider.php
Parsing /home/reza/woocommerce/plugins/woocommerce/src/Admin/Features/Fulfillments/Providers/FastwayShippingProvider.php because the cache is absent or outdated
Deep scanning /home/reza/woocommerce/plugins/woocommerce/src/Admin/Features/Fulfillments/Providers/FastwayShippingProvider.php
Parsing /home/reza/woocommerce/plugins/woocommerce/src/Admin/Features/Fulfillments/Providers/PosteItalianeShippingProvider.php because the cache is absent or outdated
Deep scanning /home/reza/woocommerce/plugins/woocommerce/src/Admin/Features/Fulfillments/Providers/PosteItalianeShippingProvider.php
Parsing /home/reza/woocommerce/plugins/woocommerce/src/Admin/Features/Fulfillments/Providers/EcontShippingProvider.php because the cache is absent or outdated
Deep scanning /home/reza/woocommerce/plugins/woocommerce/src/Admin/Features/Fulfillments/Providers/EcontShippingProvider.php
Parsing /home/reza/woocommerce/plugins/woocommerce/src/Admin/Features/Fulfillments/Providers/GenikiTaxydromikiShippingProvider.php because the cache is absent or outdated
Deep scanning /home/reza/woocommerce/plugins/woocommerce/src/Admin/Features/Fulfillments/Providers/GenikiTaxydromikiShippingProvider.php
Parsing /home/reza/woocommerce/plugins/woocommerce/src/Admin/Features/Fulfillments/Providers/BelpochtaShippingProvider.php because the cache is absent or outdated
Deep scanning /home/reza/woocommerce/plugins/woocommerce/src/Admin/Features/Fulfillments/Providers/BelpochtaShippingProvider.php
Parsing /home/reza/woocommerce/plugins/woocommerce/src/Admin/Features/Fulfillments/Providers/ItellaShippingProvider.php because the cache is absent or outdated
Deep scanning /home/reza/woocommerce/plugins/woocommerce/src/Admin/Features/Fulfillments/Providers/ItellaShippingProvider.php
Parsing /home/reza/woocommerce/plugins/woocommerce/src/Admin/Features/Fulfillments/Providers/SDAShippingProvider.php because the cache is absent or outdated
Deep scanning /home/reza/woocommerce/plugins/woocommerce/src/Admin/Features/Fulfillments/Providers/SDAShippingProvider.php
Parsing /home/reza/woocommerce/plugins/woocommerce/src/Admin/Features/Fulfillments/Providers/LaPosteColissimoShippingProvider.php because the cache is absent or outdated
Deep scanning /home/reza/woocommerce/plugins/woocommerce/src/Admin/Features/Fulfillments/Providers/LaPosteColissimoShippingProvider.php
Parsing /home/reza/woocommerce/plugins/woocommerce/src/Admin/Features/Fulfillments/Providers/MondialRelayShippingProvider.php because the cache is absent or outdated
Deep scanning /home/reza/woocommerce/plugins/woocommerce/src/Admin/Features/Fulfillments/Providers/MondialRelayShippingProvider.php
Parsing /home/reza/woocommerce/plugins/woocommerce/src/Admin/Features/Fulfillments/Providers/DPDShippingProvider.php because the cache is absent or outdated
Deep scanning /home/reza/woocommerce/plugins/woocommerce/src/Admin/Features/Fulfillments/Providers/DPDShippingProvider.php
Parsing /home/reza/woocommerce/plugins/woocommerce/src/Admin/Features/Fulfillments/Providers/FedExShippingProvider.php because the cache is absent or outdated
Deep scanning /home/reza/woocommerce/plugins/woocommerce/src/Admin/Features/Fulfillments/Providers/FedExShippingProvider.php
Parsing /home/reza/woocommerce/plugins/woocommerce/src/Admin/Features/Fulfillments/Providers/CDEKShippingProvider.php because the cache is absent or outdated
Deep scanning /home/reza/woocommerce/plugins/woocommerce/src/Admin/Features/Fulfillments/Providers/CDEKShippingProvider.php
Parsing /home/reza/woocommerce/plugins/woocommerce/src/Admin/Features/Fulfillments/Providers/MPLShippingProvider.php because the cache is absent or outdated
Deep scanning /home/reza/woocommerce/plugins/woocommerce/src/Admin/Features/Fulfillments/Providers/MPLShippingProvider.php
Parsing /home/reza/woocommerce/plugins/woocommerce/src/Admin/Features/Fulfillments/Providers/ZasilkovnaShippingProvider.php because the cache is absent or outdated
Deep scanning /home/reza/woocommerce/plugins/woocommerce/src/Admin/Features/Fulfillments/Providers/ZasilkovnaShippingProvider.php
Parsing /home/reza/woocommerce/plugins/woocommerce/src/Admin/Features/Fulfillments/Providers/CustomShippingProvider.php because the cache is absent or outdated
Deep scanning /home/reza/woocommerce/plugins/woocommerce/src/Admin/Features/Fulfillments/Providers/CustomShippingProvider.php
Parsing /home/reza/woocommerce/plugins/woocommerce/src/Admin/Features/Fulfillments/Providers/PostLuxembourgShippingProvider.php because the cache is absent or outdated
Deep scanning /home/reza/woocommerce/plugins/woocommerce/src/Admin/Features/Fulfillments/Providers/PostLuxembourgShippingProvider.php
Parsing /home/reza/woocommerce/plugins/woocommerce/src/Admin/Features/Fulfillments/Providers/LiechtensteinischePostShippingProvider.php because the cache is absent or outdated
Deep scanning /home/reza/woocommerce/plugins/woocommerce/src/Admin/Features/Fulfillments/Providers/LiechtensteinischePostShippingProvider.php
Parsing /home/reza/woocommerce/plugins/woocommerce/src/Admin/Features/Fulfillments/Providers/EvriHermesShippingProvider.php because the cache is absent or outdated
Deep scanning /home/reza/woocommerce/plugins/woocommerce/src/Admin/Features/Fulfillments/Providers/EvriHermesShippingProvider.php
Parsing /home/reza/woocommerce/plugins/woocommerce/src/Admin/Features/Fulfillments/Providers/UrgentCargusShippingProvider.php because the cache is absent or outdated
Deep scanning /home/reza/woocommerce/plugins/woocommerce/src/Admin/Features/Fulfillments/Providers/UrgentCargusShippingProvider.php
Parsing /home/reza/woocommerce/plugins/woocommerce/src/Admin/Features/Fulfillments/Providers/SwissPostShippingProvider.php because the cache is absent or outdated
Deep scanning /home/reza/woocommerce/plugins/woocommerce/src/Admin/Features/Fulfillments/Providers/SwissPostShippingProvider.php
Parsing /home/reza/woocommerce/plugins/woocommerce/src/Admin/Features/Fulfillments/Providers/LatvijasPastsShippingProvider.php because the cache is absent or outdated
Deep scanning /home/reza/woocommerce/plugins/woocommerce/src/Admin/Features/Fulfillments/Providers/LatvijasPastsShippingProvider.php
Parsing /home/reza/woocommerce/plugins/woocommerce/src/Admin/Features/Fulfillments/Providers/ChronopostShippingProvider.php because the cache is absent or outdated
Deep scanning /home/reza/woocommerce/plugins/woocommerce/src/Admin/Features/Fulfillments/Providers/ChronopostShippingProvider.php
Parsing /home/reza/woocommerce/plugins/woocommerce/src/Admin/Features/Fulfillments/Providers/USPSShippingProvider.php because the cache is absent or outdated
Deep scanning /home/reza/woocommerce/plugins/woocommerce/src/Admin/Features/Fulfillments/Providers/USPSShippingProvider.php
Parsing /home/reza/woocommerce/plugins/woocommerce/src/Admin/Features/Fulfillments/Providers/FanCourierShippingProvider.php because the cache is absent or outdated
Deep scanning /home/reza/woocommerce/plugins/woocommerce/src/Admin/Features/Fulfillments/Providers/FanCourierShippingProvider.php
Parsing /home/reza/woocommerce/plugins/woocommerce/src/Admin/Features/Fulfillments/Providers/HelthjemShippingProvider.php because the cache is absent or outdated
Deep scanning /home/reza/woocommerce/plugins/woocommerce/src/Admin/Features/Fulfillments/Providers/HelthjemShippingProvider.php
Parsing /home/reza/woocommerce/plugins/woocommerce/src/Admin/Features/Fulfillments/Providers/AnPostShippingProvider.php because the cache is absent or outdated
Deep scanning /home/reza/woocommerce/plugins/woocommerce/src/Admin/Features/Fulfillments/Providers/AnPostShippingProvider.php
Parsing /home/reza/woocommerce/plugins/woocommerce/src/Admin/Features/Fulfillments/Providers/DeutschePostShippingProvider.php because the cache is absent or outdated
Deep scanning /home/reza/woocommerce/plugins/woocommerce/src/Admin/Features/Fulfillments/Providers/DeutschePostShippingProvider.php
Parsing /home/reza/woocommerce/plugins/woocommerce/src/Admin/Features/Fulfillments/Providers/AmazonLogisticsShippingProvider.php because the cache is absent or outdated
Deep scanning /home/reza/woocommerce/plugins/woocommerce/src/Admin/Features/Fulfillments/Providers/AmazonLogisticsShippingProvider.php
Parsing /home/reza/woocommerce/plugins/woocommerce/src/Admin/Features/Fulfillments/Providers/CyprusPostShippingProvider.php because the cache is absent or outdated
Deep scanning /home/reza/woocommerce/plugins/woocommerce/src/Admin/Features/Fulfillments/Providers/CyprusPostShippingProvider.php
Parsing /home/reza/woocommerce/plugins/woocommerce/src/Admin/Features/Fulfillments/Providers/GLSShippingProvider.php because the cache is absent or outdated
Deep scanning /home/reza/woocommerce/plugins/woocommerce/src/Admin/Features/Fulfillments/Providers/GLSShippingProvider.php
Parsing /home/reza/woocommerce/plugins/woocommerce/src/Admin/Features/Fulfillments/Providers/ArasKargoShippingProvider.php because the cache is absent or outdated
Deep scanning /home/reza/woocommerce/plugins/woocommerce/src/Admin/Features/Fulfillments/Providers/ArasKargoShippingProvider.php
Parsing /home/reza/woocommerce/plugins/woocommerce/src/Admin/Features/Fulfillments/Providers/AustraliaPostShippingProvider.php because the cache is absent or outdated
Deep scanning /home/reza/woocommerce/plugins/woocommerce/src/Admin/Features/Fulfillments/Providers/AustraliaPostShippingProvider.php
Parsing /home/reza/woocommerce/plugins/woocommerce/src/Admin/Features/Fulfillments/Providers/SeurShippingProvider.php because the cache is absent or outdated
Deep scanning /home/reza/woocommerce/plugins/woocommerce/src/Admin/Features/Fulfillments/Providers/SeurShippingProvider.php
Parsing /home/reza/woocommerce/plugins/woocommerce/src/Admin/Features/Fulfillments/Providers/OmnivaShippingProvider.php because the cache is absent or outdated
Deep scanning /home/reza/woocommerce/plugins/woocommerce/src/Admin/Features/Fulfillments/Providers/OmnivaShippingProvider.php
Parsing /home/reza/woocommerce/plugins/woocommerce/src/Admin/Features/Fulfillments/Providers/UkrposhtaShippingProvider.php because the cache is absent or outdated
Deep scanning /home/reza/woocommerce/plugins/woocommerce/src/Admin/Features/Fulfillments/Providers/UkrposhtaShippingProvider.php
Parsing /home/reza/woocommerce/plugins/woocommerce/src/Admin/Features/Fulfillments/Providers/PostenNorgeBringShippingProvider.php because the cache is absent or outdated
Deep scanning /home/reza/woocommerce/plugins/woocommerce/src/Admin/Features/Fulfillments/Providers/PostenNorgeBringShippingProvider.php
Parsing /home/reza/woocommerce/plugins/woocommerce/src/Admin/Features/Fulfillments/Providers/LasershipOntracShippingProvider.php because the cache is absent or outdated
Deep scanning /home/reza/woocommerce/plugins/woocommerce/src/Admin/Features/Fulfillments/Providers/LasershipOntracShippingProvider.php
Parsing /home/reza/woocommerce/plugins/woocommerce/src/Admin/Features/Fulfillments/Providers/NovaPoshtaShippingProvider.php because the cache is absent or outdated
Deep scanning /home/reza/woocommerce/plugins/woocommerce/src/Admin/Features/Fulfillments/Providers/NovaPoshtaShippingProvider.php
Parsing /home/reza/woocommerce/plugins/woocommerce/src/Admin/Features/Fulfillments/Providers/CanadaPostShippingProvider.php because the cache is absent or outdated
Deep scanning /home/reza/woocommerce/plugins/woocommerce/src/Admin/Features/Fulfillments/Providers/CanadaPostShippingProvider.php
Parsing /home/reza/woocommerce/plugins/woocommerce/src/Admin/Features/Fulfillments/Providers/SpeeDeeDeliveryShippingProvider.php because the cache is absent or outdated
Deep scanning /home/reza/woocommerce/plugins/woocommerce/src/Admin/Features/Fulfillments/Providers/SpeeDeeDeliveryShippingProvider.php
Parsing /home/reza/woocommerce/plugins/woocommerce/src/Admin/Features/Fulfillments/Providers/PostaRomanaShippingProvider.php because the cache is absent or outdated
Deep scanning /home/reza/woocommerce/plugins/woocommerce/src/Admin/Features/Fulfillments/Providers/PostaRomanaShippingProvider.php
Parsing /home/reza/woocommerce/plugins/woocommerce/src/Admin/Features/Fulfillments/Providers/MatkahuoltoShippingProvider.php because the cache is absent or outdated
Deep scanning /home/reza/woocommerce/plugins/woocommerce/src/Admin/Features/Fulfillments/Providers/MatkahuoltoShippingProvider.php
Parsing /home/reza/woocommerce/plugins/woocommerce/src/Admin/Features/Fulfillments/Providers/AzerpostShippingProvider.php because the cache is absent or outdated
Deep scanning /home/reza/woocommerce/plugins/woocommerce/src/Admin/Features/Fulfillments/Providers/AzerpostShippingProvider.php
Parsing /home/reza/woocommerce/plugins/woocommerce/src/Admin/Features/Fulfillments/Providers/RussianPostShippingProvider.php because the cache is absent or outdated
Deep scanning /home/reza/woocommerce/plugins/woocommerce/src/Admin/Features/Fulfillments/Providers/RussianPostShippingProvider.php
Parsing /home/reza/woocommerce/plugins/woocommerce/src/Admin/Features/Fulfillments/Providers/DHLShippingProvider.php because the cache is absent or outdated
Deep scanning /home/reza/woocommerce/plugins/woocommerce/src/Admin/Features/Fulfillments/Providers/DHLShippingProvider.php
Parsing /home/reza/woocommerce/plugins/woocommerce/src/Admin/Features/Fulfillments/Providers/MRWShippingProvider.php because the cache is absent or outdated
Deep scanning /home/reza/woocommerce/plugins/woocommerce/src/Admin/Features/Fulfillments/Providers/MRWShippingProvider.php
Parsing /home/reza/woocommerce/plugins/woocommerce/src/Admin/Features/Fulfillments/Providers/PocztaPolskaShippingProvider.php because the cache is absent or outdated
Deep scanning /home/reza/woocommerce/plugins/woocommerce/src/Admin/Features/Fulfillments/Providers/PocztaPolskaShippingProvider.php
Parsing /home/reza/woocommerce/plugins/woocommerce/src/Admin/Features/Fulfillments/Providers/OsterreichischePostShippingProvider.php because the cache is absent or outdated
Deep scanning /home/reza/woocommerce/plugins/woocommerce/src/Admin/Features/Fulfillments/Providers/OsterreichischePostShippingProvider.php
Parsing /home/reza/woocommerce/plugins/woocommerce/src/Admin/Features/Fulfillments/Providers/UPSShippingProvider.php because the cache is absent or outdated
Deep scanning /home/reza/woocommerce/plugins/woocommerce/src/Admin/Features/Fulfillments/Providers/UPSShippingProvider.php
Parsing /home/reza/woocommerce/plugins/woocommerce/src/Admin/Features/Fulfillments/Providers/EimskipShippingProvider.php because the cache is absent or outdated
Deep scanning /home/reza/woocommerce/plugins/woocommerce/src/Admin/Features/Fulfillments/Providers/EimskipShippingProvider.php
Parsing /home/reza/woocommerce/plugins/woocommerce/src/Admin/Features/Fulfillments/Providers/TollShippingProvider.php because the cache is absent or outdated
Deep scanning /home/reza/woocommerce/plugins/woocommerce/src/Admin/Features/Fulfillments/Providers/TollShippingProvider.php
Parsing /home/reza/woocommerce/plugins/woocommerce/src/Admin/Features/Fulfillments/Providers/AbstractShippingProvider.php because the cache is absent or outdated
Deep scanning /home/reza/woocommerce/plugins/woocommerce/src/Admin/Features/Fulfillments/Providers/AbstractShippingProvider.php
Parsing /home/reza/woocommerce/plugins/woocommerce/src/Admin/Features/Fulfillments/Providers/PurolatorShippingProvider.php because the cache is absent or outdated
Deep scanning /home/reza/woocommerce/plugins/woocommerce/src/Admin/Features/Fulfillments/Providers/PurolatorShippingProvider.php
Parsing /home/reza/woocommerce/plugins/woocommerce/src/Admin/Features/Fulfillments/Providers/PostNordShippingProvider.php because the cache is absent or outdated
Deep scanning /home/reza/woocommerce/plugins/woocommerce/src/Admin/Features/Fulfillments/Providers/PostNordShippingProvider.php
Parsing /home/reza/woocommerce/plugins/woocommerce/src/Admin/Features/Fulfillments/Providers/CorreosShippingProvider.php because the cache is absent or outdated
Deep scanning /home/reza/woocommerce/plugins/woocommerce/src/Admin/Features/Fulfillments/Providers/CorreosShippingProvider.php
Parsing /home/reza/woocommerce/plugins/woocommerce/src/Admin/Features/Fulfillments/Providers/ParcelForceShippingProvider.php because the cache is absent or outdated
Deep scanning /home/reza/woocommerce/plugins/woocommerce/src/Admin/Features/Fulfillments/Providers/ParcelForceShippingProvider.php
Parsing /home/reza/woocommerce/plugins/woocommerce/src/Admin/Features/Fulfillments/Providers/StarTrackShippingProvider.php because the cache is absent or outdated
Deep scanning /home/reza/woocommerce/plugins/woocommerce/src/Admin/Features/Fulfillments/Providers/StarTrackShippingProvider.php
Parsing /home/reza/woocommerce/plugins/woocommerce/src/Admin/Features/Fulfillments/Providers/KazpostShippingProvider.php because the cache is absent or outdated
Deep scanning /home/reza/woocommerce/plugins/woocommerce/src/Admin/Features/Fulfillments/Providers/KazpostShippingProvider.php
Parsing /home/reza/woocommerce/plugins/woocommerce/src/Admin/Features/Fulfillments/Providers/InPostShippingProvider.php because the cache is absent or outdated
Deep scanning /home/reza/woocommerce/plugins/woocommerce/src/Admin/Features/Fulfillments/Providers/InPostShippingProvider.php
Parsing /home/reza/woocommerce/plugins/woocommerce/src/Admin/Features/Fulfillments/Providers/BpostShippingProvider.php because the cache is absent or outdated
Deep scanning /home/reza/woocommerce/plugins/woocommerce/src/Admin/Features/Fulfillments/Providers/BpostShippingProvider.php
Parsing /home/reza/woocommerce/plugins/woocommerce/src/Admin/Features/Fulfillments/Providers/YurticiKargoShippingProvider.php because the cache is absent or outdated
Deep scanning /home/reza/woocommerce/plugins/woocommerce/src/Admin/Features/Fulfillments/Providers/YurticiKargoShippingProvider.php
Parsing /home/reza/woocommerce/plugins/woocommerce/src/Admin/Features/Fulfillments/Providers/PostNLShippingProvider.php because the cache is absent or outdated
Deep scanning /home/reza/woocommerce/plugins/woocommerce/src/Admin/Features/Fulfillments/Providers/PostNLShippingProvider.php
Parsing /home/reza/woocommerce/plugins/woocommerce/src/Admin/Features/Fulfillments/Providers/PosteSanMarinoShippingProvider.php because the cache is absent or outdated
Deep scanning /home/reza/woocommerce/plugins/woocommerce/src/Admin/Features/Fulfillments/Providers/PosteSanMarinoShippingProvider.php
Parsing /home/reza/woocommerce/plugins/woocommerce/src/Admin/Features/Fulfillments/Providers/ACSCourierShippingProvider.php because the cache is absent or outdated
Deep scanning /home/reza/woocommerce/plugins/woocommerce/src/Admin/Features/Fulfillments/Providers/ACSCourierShippingProvider.php
Parsing /home/reza/woocommerce/plugins/woocommerce/src/Admin/Features/Fulfillments/Providers/HayPostShippingProvider.php because the cache is absent or outdated
Deep scanning /home/reza/woocommerce/plugins/woocommerce/src/Admin/Features/Fulfillments/Providers/HayPostShippingProvider.php
Parsing /home/reza/woocommerce/plugins/woocommerce/src/Admin/Features/Fulfillments/Providers/IslandsposturShippingProvider.php because the cache is absent or outdated
Deep scanning /home/reza/woocommerce/plugins/woocommerce/src/Admin/Features/Fulfillments/Providers/IslandsposturShippingProvider.php
Parsing /home/reza/woocommerce/plugins/woocommerce/src/Admin/Features/Fulfillments/Providers/PostaMoldoveiShippingProvider.php because the cache is absent or outdated
Deep scanning /home/reza/woocommerce/plugins/woocommerce/src/Admin/Features/Fulfillments/Providers/PostaMoldoveiShippingProvider.php
Parsing /home/reza/woocommerce/plugins/woocommerce/src/Admin/Features/Fulfillments/Providers/BulgarianPostsShippingProvider.php because the cache is absent or outdated
Deep scanning /home/reza/woocommerce/plugins/woocommerce/src/Admin/Features/Fulfillments/Providers/BulgarianPostsShippingProvider.php
Parsing /home/reza/woocommerce/plugins/woocommerce/src/Admin/Features/Fulfillments/Providers/CeskaPostaShippingProvider.php because the cache is absent or outdated
Deep scanning /home/reza/woocommerce/plugins/woocommerce/src/Admin/Features/Fulfillments/Providers/CeskaPostaShippingProvider.php
Parsing /home/reza/woocommerce/plugins/woocommerce/src/Admin/Features/Fulfillments/Providers/MagyarPostaShippingProvider.php because the cache is absent or outdated
Deep scanning /home/reza/woocommerce/plugins/woocommerce/src/Admin/Features/Fulfillments/Providers/MagyarPostaShippingProvider.php
Parsing /home/reza/woocommerce/plugins/woocommerce/src/Admin/Features/Fulfillments/Providers/NewZealandPostShippingProvider.php because the cache is absent or outdated
Deep scanning /home/reza/woocommerce/plugins/woocommerce/src/Admin/Features/Fulfillments/Providers/NewZealandPostShippingProvider.php
Parsing /home/reza/woocommerce/plugins/woocommerce/src/Admin/Features/Fulfillments/Providers/RoyalMailShippingProvider.php because the cache is absent or outdated
Deep scanning /home/reza/woocommerce/plugins/woocommerce/src/Admin/Features/Fulfillments/Providers/RoyalMailShippingProvider.php
Parsing /home/reza/woocommerce/plugins/woocommerce/src/Admin/Features/Fulfillments/Providers/ELTAShippingProvider.php because the cache is absent or outdated
Deep scanning /home/reza/woocommerce/plugins/woocommerce/src/Admin/Features/Fulfillments/Providers/ELTAShippingProvider.php
Parsing /home/reza/woocommerce/plugins/woocommerce/src/Admin/Features/Fulfillments/Providers/CTTShippingProvider.php because the cache is absent or outdated
Deep scanning /home/reza/woocommerce/plugins/woocommerce/src/Admin/Features/Fulfillments/Providers/CTTShippingProvider.php
Parsing /home/reza/woocommerce/plugins/woocommerce/src/Admin/Features/Fulfillments/Providers/MaltaPostShippingProvider.php because the cache is absent or outdated
Deep scanning /home/reza/woocommerce/plugins/woocommerce/src/Admin/Features/Fulfillments/Providers/MaltaPostShippingProvider.php
Parsing /home/reza/woocommerce/plugins/woocommerce/src/Admin/Features/Fulfillments/Providers/MakedonskaPostaShippingProvider.php because the cache is absent or outdated
Deep scanning /home/reza/woocommerce/plugins/woocommerce/src/Admin/Features/Fulfillments/Providers/MakedonskaPostaShippingProvider.php
Parsing /home/reza/woocommerce/plugins/woocommerce/src/Admin/Features/Fulfillments/FulfillmentsRenderer.php because the cache is absent or outdated
Deep scanning /home/reza/woocommerce/plugins/woocommerce/src/Admin/Features/Fulfillments/FulfillmentsRenderer.php
Parsing /home/reza/woocommerce/plugins/woocommerce/src/Admin/Features/Fulfillments/FulfillmentOrderNotes.php because the cache is absent or outdated
Deep scanning /home/reza/woocommerce/plugins/woocommerce/src/Admin/Features/Fulfillments/FulfillmentOrderNotes.php
Parsing /home/reza/woocommerce/plugins/woocommerce/src/Admin/Features/Fulfillments/FulfillmentsTracker.php because the cache is absent or outdated
Deep scanning /home/reza/woocommerce/plugins/woocommerce/src/Admin/Features/Fulfillments/FulfillmentsTracker.php
Parsing /home/reza/woocommerce/plugins/woocommerce/src/Admin/Features/Fulfillments/FulfillmentException.php because the cache is absent or outdated
Deep scanning /home/reza/woocommerce/plugins/woocommerce/src/Admin/Features/Fulfillments/FulfillmentException.php
Parsing /home/reza/woocommerce/plugins/woocommerce/src/Admin/Features/Fulfillments/OrderFulfillmentsRestController.php because the cache is absent or outdated
Deep scanning /home/reza/woocommerce/plugins/woocommerce/src/Admin/Features/Fulfillments/OrderFulfillmentsRestController.php
Parsing /home/reza/woocommerce/plugins/woocommerce/src/Admin/Features/Fulfillments/FulfillmentsController.php because the cache is absent or outdated
Deep scanning /home/reza/woocommerce/plugins/woocommerce/src/Admin/Features/Fulfillments/FulfillmentsController.php
Parsing /home/reza/woocommerce/plugins/woocommerce/src/Admin/Features/Fulfillments/Fulfillment.php because the cache is absent or outdated
Deep scanning /home/reza/woocommerce/plugins/woocommerce/src/Admin/Features/Fulfillments/Fulfillment.php
Parsing /home/reza/woocommerce/plugins/woocommerce/src/Admin/Features/Fulfillments/ShippingProviders.php because the cache is absent or outdated
Deep scanning /home/reza/woocommerce/plugins/woocommerce/src/Admin/Features/Fulfillments/ShippingProviders.php
Parsing /home/reza/woocommerce/plugins/woocommerce/src/Admin/Features/Fulfillments/FulfillmentUtils.php because the cache is absent or outdated
Deep scanning /home/reza/woocommerce/plugins/woocommerce/src/Admin/Features/Fulfillments/FulfillmentUtils.php
Parsing /home/reza/woocommerce/plugins/woocommerce/src/Admin/Features/Onboarding.php because the cache is absent or outdated
Deep scanning /home/reza/woocommerce/plugins/woocommerce/src/Admin/Features/Onboarding.php
Parsing /home/reza/woocommerce/plugins/woocommerce/src/Admin/Features/PaymentGatewaySuggestions/Init.php because the cache is absent or outdated
Deep scanning /home/reza/woocommerce/plugins/woocommerce/src/Admin/Features/PaymentGatewaySuggestions/Init.php
Parsing /home/reza/woocommerce/plugins/woocommerce/src/Admin/Features/PaymentGatewaySuggestions/DefaultPaymentGateways.php because the cache is absent or outdated
Deep scanning /home/reza/woocommerce/plugins/woocommerce/src/Admin/Features/PaymentGatewaySuggestions/DefaultPaymentGateways.php
Parsing /home/reza/woocommerce/plugins/woocommerce/src/Admin/Features/PaymentGatewaySuggestions/PaymentGatewaySuggestionsDataSourcePoller.php because the cache is absent or outdated
Deep scanning /home/reza/woocommerce/plugins/woocommerce/src/Admin/Features/PaymentGatewaySuggestions/PaymentGatewaySuggestionsDataSourcePoller.php
Parsing /home/reza/woocommerce/plugins/woocommerce/src/Admin/Features/PaymentGatewaySuggestions/EvaluateSuggestion.php because the cache is absent or outdated
Deep scanning /home/reza/woocommerce/plugins/woocommerce/src/Admin/Features/PaymentGatewaySuggestions/EvaluateSuggestion.php
Parsing /home/reza/woocommerce/plugins/woocommerce/src/Admin/Features/PaymentGatewaySuggestions/PaymentGatewaysController.php because the cache is absent or outdated
Deep scanning /home/reza/woocommerce/plugins/woocommerce/src/Admin/Features/PaymentGatewaySuggestions/PaymentGatewaysController.php
Parsing /home/reza/woocommerce/plugins/woocommerce/src/Admin/Features/OnboardingTasks/DeprecatedOptions.php because the cache is absent or outdated
Deep scanning /home/reza/woocommerce/plugins/woocommerce/src/Admin/Features/OnboardingTasks/DeprecatedOptions.php
Parsing /home/reza/woocommerce/plugins/woocommerce/src/Admin/Features/OnboardingTasks/Init.php because the cache is absent or outdated
Deep scanning /home/reza/woocommerce/plugins/woocommerce/src/Admin/Features/OnboardingTasks/Init.php
Parsing /home/reza/woocommerce/plugins/woocommerce/src/Admin/Features/OnboardingTasks/Tasks/WooCommercePayments.php because the cache is absent or outdated
Deep scanning /home/reza/woocommerce/plugins/woocommerce/src/Admin/Features/OnboardingTasks/Tasks/WooCommercePayments.php
Parsing /home/reza/woocommerce/plugins/woocommerce/src/Admin/Features/OnboardingTasks/Tasks/ExtendStore.php because the cache is absent or outdated
Deep scanning /home/reza/woocommerce/plugins/woocommerce/src/Admin/Features/OnboardingTasks/Tasks/ExtendStore.php
Parsing /home/reza/woocommerce/plugins/woocommerce/src/Admin/Features/OnboardingTasks/Tasks/Payments.php because the cache is absent or outdated
Deep scanning /home/reza/woocommerce/plugins/woocommerce/src/Admin/Features/OnboardingTasks/Tasks/Payments.php
Parsing /home/reza/woocommerce/plugins/woocommerce/src/Admin/Features/OnboardingTasks/Tasks/ExperimentalShippingRecommendation.php because the cache is absent or outdated
Deep scanning /home/reza/woocommerce/plugins/woocommerce/src/Admin/Features/OnboardingTasks/Tasks/ExperimentalShippingRecommendation.php
Parsing /home/reza/woocommerce/plugins/woocommerce/src/Admin/Features/OnboardingTasks/Tasks/LaunchYourStore.php because the cache is absent or outdated
Deep scanning /home/reza/woocommerce/plugins/woocommerce/src/Admin/Features/OnboardingTasks/Tasks/LaunchYourStore.php
Parsing /home/reza/woocommerce/plugins/woocommerce/src/Admin/Features/OnboardingTasks/Tasks/CustomizeStore.php because the cache is absent or outdated
Deep scanning /home/reza/woocommerce/plugins/woocommerce/src/Admin/Features/OnboardingTasks/Tasks/CustomizeStore.php
Parsing /home/reza/woocommerce/plugins/woocommerce/src/Admin/Features/OnboardingTasks/Tasks/Marketing.php because the cache is absent or outdated
Deep scanning /home/reza/woocommerce/plugins/woocommerce/src/Admin/Features/OnboardingTasks/Tasks/Marketing.php
Parsing /home/reza/woocommerce/plugins/woocommerce/src/Admin/Features/OnboardingTasks/Tasks/Shipping.php because the cache is absent or outdated
Deep scanning /home/reza/woocommerce/plugins/woocommerce/src/Admin/Features/OnboardingTasks/Tasks/Shipping.php
Parsing /home/reza/woocommerce/plugins/woocommerce/src/Admin/Features/OnboardingTasks/Tasks/StoreCreation.php because the cache is absent or outdated
Deep scanning /home/reza/woocommerce/plugins/woocommerce/src/Admin/Features/OnboardingTasks/Tasks/StoreCreation.php
Parsing /home/reza/woocommerce/plugins/woocommerce/src/Admin/Features/OnboardingTasks/Tasks/Appearance.php because the cache is absent or outdated
Deep scanning /home/reza/woocommerce/plugins/woocommerce/src/Admin/Features/OnboardingTasks/Tasks/Appearance.php
Parsing /home/reza/woocommerce/plugins/woocommerce/src/Admin/Features/OnboardingTasks/Tasks/TourInAppMarketplace.php because the cache is absent or outdated
Deep scanning /home/reza/woocommerce/plugins/woocommerce/src/Admin/Features/OnboardingTasks/Tasks/TourInAppMarketplace.php
Parsing /home/reza/woocommerce/plugins/woocommerce/src/Admin/Features/OnboardingTasks/Tasks/StoreDetails.php because the cache is absent or outdated
Deep scanning /home/reza/woocommerce/plugins/woocommerce/src/Admin/Features/OnboardingTasks/Tasks/StoreDetails.php
Parsing /home/reza/woocommerce/plugins/woocommerce/src/Admin/Features/OnboardingTasks/Tasks/GetMobileApp.php because the cache is absent or outdated
Deep scanning /home/reza/woocommerce/plugins/woocommerce/src/Admin/Features/OnboardingTasks/Tasks/GetMobileApp.php
Parsing /home/reza/woocommerce/plugins/woocommerce/src/Admin/Features/OnboardingTasks/Tasks/ReviewShippingOptions.php because the cache is absent or outdated
Deep scanning /home/reza/woocommerce/plugins/woocommerce/src/Admin/Features/OnboardingTasks/Tasks/ReviewShippingOptions.php
Parsing /home/reza/woocommerce/plugins/woocommerce/src/Admin/Features/OnboardingTasks/Tasks/Products.php because the cache is absent or outdated
Deep scanning /home/reza/woocommerce/plugins/woocommerce/src/Admin/Features/OnboardingTasks/Tasks/Products.php
Parsing /home/reza/woocommerce/plugins/woocommerce/src/Admin/Features/OnboardingTasks/Tasks/Tax.php because the cache is absent or outdated
Deep scanning /home/reza/woocommerce/plugins/woocommerce/src/Admin/Features/OnboardingTasks/Tasks/Tax.php
Parsing /home/reza/woocommerce/plugins/woocommerce/src/Admin/Features/OnboardingTasks/Tasks/AdditionalPayments.php because the cache is absent or outdated
Deep scanning /home/reza/woocommerce/plugins/woocommerce/src/Admin/Features/OnboardingTasks/Tasks/AdditionalPayments.php
Parsing /home/reza/woocommerce/plugins/woocommerce/src/Admin/Features/OnboardingTasks/DeprecatedExtendedTask.php because the cache is absent or outdated
Deep scanning /home/reza/woocommerce/plugins/woocommerce/src/Admin/Features/OnboardingTasks/DeprecatedExtendedTask.php
Parsing /home/reza/woocommerce/plugins/woocommerce/src/Admin/Features/OnboardingTasks/TaskLists.php because the cache is absent or outdated
Deep scanning /home/reza/woocommerce/plugins/woocommerce/src/Admin/Features/OnboardingTasks/TaskLists.php
Parsing /home/reza/woocommerce/plugins/woocommerce/src/Admin/Features/OnboardingTasks/TaskList.php because the cache is absent or outdated
Deep scanning /home/reza/woocommerce/plugins/woocommerce/src/Admin/Features/OnboardingTasks/TaskList.php
Parsing /home/reza/woocommerce/plugins/woocommerce/src/Admin/Features/OnboardingTasks/TaskListSection.php because the cache is absent or outdated
Deep scanning /home/reza/woocommerce/plugins/woocommerce/src/Admin/Features/OnboardingTasks/TaskListSection.php
Parsing /home/reza/woocommerce/plugins/woocommerce/src/Admin/Features/OnboardingTasks/TaskTraits.php because the cache is absent or outdated
Deep scanning /home/reza/woocommerce/plugins/woocommerce/src/Admin/Features/OnboardingTasks/TaskTraits.php
Parsing /home/reza/woocommerce/plugins/woocommerce/src/Admin/Features/OnboardingTasks/Task.php because the cache is absent or outdated
Deep scanning /home/reza/woocommerce/plugins/woocommerce/src/Admin/Features/OnboardingTasks/Task.php
Parsing /home/reza/woocommerce/plugins/woocommerce/src/Admin/Features/ProductBlockEditor/ProductTemplates/ProductFormTemplateInterface.php because the cache is absent or outdated
Deep scanning /home/reza/woocommerce/plugins/woocommerce/src/Admin/Features/ProductBlockEditor/ProductTemplates/ProductFormTemplateInterface.php
Parsing /home/reza/woocommerce/plugins/woocommerce/src/Admin/Features/ProductBlockEditor/ProductTemplates/SubsectionInterface.php because the cache is absent or outdated
Deep scanning /home/reza/woocommerce/plugins/woocommerce/src/Admin/Features/ProductBlockEditor/ProductTemplates/SubsectionInterface.php
Parsing /home/reza/woocommerce/plugins/woocommerce/src/Admin/Features/ProductBlockEditor/ProductTemplates/SectionInterface.php because the cache is absent or outdated
Deep scanning /home/reza/woocommerce/plugins/woocommerce/src/Admin/Features/ProductBlockEditor/ProductTemplates/SectionInterface.php
Parsing /home/reza/woocommerce/plugins/woocommerce/src/Admin/Features/ProductBlockEditor/ProductTemplates/GroupInterface.php because the cache is absent or outdated
Deep scanning /home/reza/woocommerce/plugins/woocommerce/src/Admin/Features/ProductBlockEditor/ProductTemplates/GroupInterface.php
Parsing /home/reza/woocommerce/plugins/woocommerce/src/Admin/Features/ProductBlockEditor/ProductTemplate.php because the cache is absent or outdated
Deep scanning /home/reza/woocommerce/plugins/woocommerce/src/Admin/Features/ProductBlockEditor/ProductTemplate.php
Parsing /home/reza/woocommerce/plugins/woocommerce/src/Admin/Features/ProductBlockEditor/BlockRegistry.php because the cache is absent or outdated
Deep scanning /home/reza/woocommerce/plugins/woocommerce/src/Admin/Features/ProductBlockEditor/BlockRegistry.php
Parsing /home/reza/woocommerce/plugins/woocommerce/src/Admin/Features/TransientNotices.php because the cache is absent or outdated
Deep scanning /home/reza/woocommerce/plugins/woocommerce/src/Admin/Features/TransientNotices.php
Parsing /home/reza/woocommerce/plugins/woocommerce/src/Admin/Features/ShippingPartnerSuggestions/DefaultShippingPartners.php because the cache is absent or outdated
Deep scanning /home/reza/woocommerce/plugins/woocommerce/src/Admin/Features/ShippingPartnerSuggestions/DefaultShippingPartners.php
Parsing /home/reza/woocommerce/plugins/woocommerce/src/Admin/Features/ShippingPartnerSuggestions/ShippingPartnerSuggestions.php because the cache is absent or outdated
Deep scanning /home/reza/woocommerce/plugins/woocommerce/src/Admin/Features/ShippingPartnerSuggestions/ShippingPartnerSuggestions.php
Parsing /home/reza/woocommerce/plugins/woocommerce/src/Admin/Features/ShippingPartnerSuggestions/ShippingPartnerSuggestionsDataSourcePoller.php because the cache is absent or outdated
Deep scanning /home/reza/woocommerce/plugins/woocommerce/src/Admin/Features/ShippingPartnerSuggestions/ShippingPartnerSuggestionsDataSourcePoller.php
Parsing /home/reza/woocommerce/plugins/woocommerce/src/Admin/Features/MarketingRecommendations/Init.php because the cache is absent or outdated
Deep scanning /home/reza/woocommerce/plugins/woocommerce/src/Admin/Features/MarketingRecommendations/Init.php
Parsing /home/reza/woocommerce/plugins/woocommerce/src/Admin/Features/MarketingRecommendations/MiscRecommendationsDataSourcePoller.php because the cache is absent or outdated
Deep scanning /home/reza/woocommerce/plugins/woocommerce/src/Admin/Features/MarketingRecommendations/MiscRecommendationsDataSourcePoller.php
Parsing /home/reza/woocommerce/plugins/woocommerce/src/Admin/Features/MarketingRecommendations/MarketingRecommendationsDataSourcePoller.php because the cache is absent or outdated
Deep scanning /home/reza/woocommerce/plugins/woocommerce/src/Admin/Features/MarketingRecommendations/MarketingRecommendationsDataSourcePoller.php
Parsing /home/reza/woocommerce/plugins/woocommerce/src/Admin/Features/MarketingRecommendations/DefaultMarketingRecommendations.php because the cache is absent or outdated
Deep scanning /home/reza/woocommerce/plugins/woocommerce/src/Admin/Features/MarketingRecommendations/DefaultMarketingRecommendations.php
Parsing /home/reza/woocommerce/plugins/woocommerce/src/Admin/BlockTemplates/ContainerInterface.php because the cache is absent or outdated
Deep scanning /home/reza/woocommerce/plugins/woocommerce/src/Admin/BlockTemplates/ContainerInterface.php
Parsing /home/reza/woocommerce/plugins/woocommerce/src/Admin/BlockTemplates/BlockContainerInterface.php because the cache is absent or outdated
Deep scanning /home/reza/woocommerce/plugins/woocommerce/src/Admin/BlockTemplates/BlockContainerInterface.php
Parsing /home/reza/woocommerce/plugins/woocommerce/src/Admin/BlockTemplates/BlockInterface.php because the cache is absent or outdated
Deep scanning /home/reza/woocommerce/plugins/woocommerce/src/Admin/BlockTemplates/BlockInterface.php
Parsing /home/reza/woocommerce/plugins/woocommerce/src/Admin/BlockTemplates/BlockTemplateInterface.php because the cache is absent or outdated
Deep scanning /home/reza/woocommerce/plugins/woocommerce/src/Admin/BlockTemplates/BlockTemplateInterface.php
Parsing /home/reza/woocommerce/plugins/woocommerce/src/Admin/PageController.php because the cache is absent or outdated
Deep scanning /home/reza/woocommerce/plugins/woocommerce/src/Admin/PageController.php
Parsing /home/reza/woocommerce/plugins/woocommerce/src/Blocks/Integrations/IntegrationRegistry.php because the cache is absent or outdated
Deep scanning /home/reza/woocommerce/plugins/woocommerce/src/Blocks/Integrations/IntegrationRegistry.php
Parsing /home/reza/woocommerce/plugins/woocommerce/src/Blocks/Integrations/IntegrationInterface.php because the cache is absent or outdated
Deep scanning /home/reza/woocommerce/plugins/woocommerce/src/Blocks/Integrations/IntegrationInterface.php
Parsing /home/reza/woocommerce/plugins/woocommerce/src/Blocks/BlockPatterns.php because the cache is absent or outdated
Deep scanning /home/reza/woocommerce/plugins/woocommerce/src/Blocks/BlockPatterns.php
Parsing /home/reza/woocommerce/plugins/woocommerce/src/Blocks/BlockTemplatesRegistry.php because the cache is absent or outdated
Deep scanning /home/reza/woocommerce/plugins/woocommerce/src/Blocks/BlockTemplatesRegistry.php
Deep scanning /home/reza/woocommerce/plugins/woocommerce/src/Blocks/Assets/AssetDataRegistry.php
Deep scanning /home/reza/woocommerce/plugins/woocommerce/src/Blocks/Assets/Api.php
Parsing /home/reza/woocommerce/plugins/woocommerce/src/Blocks/BlockTemplatesController.php because the cache is absent or outdated
Deep scanning /home/reza/woocommerce/plugins/woocommerce/src/Blocks/BlockTemplatesController.php
Parsing /home/reza/woocommerce/plugins/woocommerce/src/Blocks/DependencyDetection.php because the cache is absent or outdated
Deep scanning /home/reza/woocommerce/plugins/woocommerce/src/Blocks/DependencyDetection.php
Parsing /home/reza/woocommerce/plugins/woocommerce/src/Blocks/AIContent/PatternsDictionary.php because the cache is absent or outdated
Deep scanning /home/reza/woocommerce/plugins/woocommerce/src/Blocks/AIContent/PatternsDictionary.php
Parsing /home/reza/woocommerce/plugins/woocommerce/src/Blocks/AIContent/PatternsHelper.php because the cache is absent or outdated
Deep scanning /home/reza/woocommerce/plugins/woocommerce/src/Blocks/AIContent/PatternsHelper.php
Parsing /home/reza/woocommerce/plugins/woocommerce/src/Blocks/AIContent/UpdatePatterns.php because the cache is absent or outdated
Deep scanning /home/reza/woocommerce/plugins/woocommerce/src/Blocks/AIContent/UpdatePatterns.php
Parsing /home/reza/woocommerce/plugins/woocommerce/src/Blocks/AIContent/UpdateProducts.php because the cache is absent or outdated
Deep scanning /home/reza/woocommerce/plugins/woocommerce/src/Blocks/AIContent/UpdateProducts.php
Parsing /home/reza/woocommerce/plugins/woocommerce/src/Blocks/AIContent/ContentProcessor.php because the cache is absent or outdated
Deep scanning /home/reza/woocommerce/plugins/woocommerce/src/Blocks/AIContent/ContentProcessor.php
Parsing /home/reza/woocommerce/plugins/woocommerce/src/Blocks/Registry/AbstractDependencyType.php because the cache is absent or outdated
Deep scanning /home/reza/woocommerce/plugins/woocommerce/src/Blocks/Registry/AbstractDependencyType.php
Parsing /home/reza/woocommerce/plugins/woocommerce/src/Blocks/Registry/FactoryType.php because the cache is absent or outdated
Deep scanning /home/reza/woocommerce/plugins/woocommerce/src/Blocks/Registry/FactoryType.php
Parsing /home/reza/woocommerce/plugins/woocommerce/src/Blocks/Registry/Container.php because the cache is absent or outdated
Deep scanning /home/reza/woocommerce/plugins/woocommerce/src/Blocks/Registry/Container.php
Parsing /home/reza/woocommerce/plugins/woocommerce/src/Blocks/Registry/SharedType.php because the cache is absent or outdated
Deep scanning /home/reza/woocommerce/plugins/woocommerce/src/Blocks/Registry/SharedType.php
Deep scanning /home/reza/woocommerce/plugins/woocommerce/src/Blocks/Package.php
Parsing /home/reza/woocommerce/plugins/woocommerce/src/Blocks/SharedStores/ProductsStore.php because the cache is absent or outdated
Deep scanning /home/reza/woocommerce/plugins/woocommerce/src/Blocks/SharedStores/ProductsStore.php
Parsing /home/reza/woocommerce/plugins/woocommerce/src/Blocks/Installer.php because the cache is absent or outdated
Deep scanning /home/reza/woocommerce/plugins/woocommerce/src/Blocks/Installer.php
Parsing /home/reza/woocommerce/plugins/woocommerce/src/Blocks/Utils/BlocksWpQuery.php because the cache is absent or outdated
Deep scanning /home/reza/woocommerce/plugins/woocommerce/src/Blocks/Utils/BlocksWpQuery.php
Parsing /home/reza/woocommerce/plugins/woocommerce/src/Blocks/Utils/Utils.php because the cache is absent or outdated
Deep scanning /home/reza/woocommerce/plugins/woocommerce/src/Blocks/Utils/Utils.php
Parsing /home/reza/woocommerce/plugins/woocommerce/src/Blocks/Utils/BlockHooksTrait.php because the cache is absent or outdated
Deep scanning /home/reza/woocommerce/plugins/woocommerce/src/Blocks/Utils/BlockHooksTrait.php
Deep scanning /home/reza/woocommerce/plugins/woocommerce/src/Blocks/Utils/ProductAvailabilityUtils.php
Parsing /home/reza/woocommerce/plugins/woocommerce/src/Blocks/Utils/CartCheckoutUtils.php because the cache is absent or outdated
Deep scanning /home/reza/woocommerce/plugins/woocommerce/src/Blocks/Utils/CartCheckoutUtils.php
Parsing /home/reza/woocommerce/plugins/woocommerce/src/Blocks/Utils/MiniCartUtils.php because the cache is absent or outdated
Deep scanning /home/reza/woocommerce/plugins/woocommerce/src/Blocks/Utils/MiniCartUtils.php
Deep scanning /home/reza/woocommerce/plugins/woocommerce/src/Blocks/Utils/ProductDescriptionUtils.php
Parsing /home/reza/woocommerce/plugins/woocommerce/src/Blocks/Utils/ProductDataUtils.php because the cache is absent or outdated
Deep scanning /home/reza/woocommerce/plugins/woocommerce/src/Blocks/Utils/ProductDataUtils.php
Parsing /home/reza/woocommerce/plugins/woocommerce/src/Blocks/Utils/BlocksSharedState.php because the cache is absent or outdated
Deep scanning /home/reza/woocommerce/plugins/woocommerce/src/Blocks/Utils/BlocksSharedState.php
Parsing /home/reza/woocommerce/plugins/woocommerce/src/Blocks/Utils/BlockTemplateUtils.php because the cache is absent or outdated
Deep scanning /home/reza/woocommerce/plugins/woocommerce/src/Blocks/Utils/BlockTemplateUtils.php
Parsing /home/reza/woocommerce/plugins/woocommerce/src/Blocks/Utils/StyleAttributesUtils.php because the cache is absent or outdated
Deep scanning /home/reza/woocommerce/plugins/woocommerce/src/Blocks/Utils/StyleAttributesUtils.php
Parsing /home/reza/woocommerce/plugins/woocommerce/src/Blocks/Utils/ProductGalleryUtils.php because the cache is absent or outdated
Deep scanning /home/reza/woocommerce/plugins/woocommerce/src/Blocks/Utils/ProductGalleryUtils.php
Parsing /home/reza/woocommerce/plugins/woocommerce/src/Blocks/TemplateOptions.php because the cache is absent or outdated
Deep scanning /home/reza/woocommerce/plugins/woocommerce/src/Blocks/TemplateOptions.php
Parsing /home/reza/woocommerce/plugins/woocommerce/src/Blocks/Templates/ProductTagTemplate.php because the cache is absent or outdated
Deep scanning /home/reza/woocommerce/plugins/woocommerce/src/Blocks/Templates/ProductTagTemplate.php
Parsing /home/reza/woocommerce/plugins/woocommerce/src/Blocks/Templates/AbstractPageTemplate.php because the cache is absent or outdated
Deep scanning /home/reza/woocommerce/plugins/woocommerce/src/Blocks/Templates/AbstractPageTemplate.php
Parsing /home/reza/woocommerce/plugins/woocommerce/src/Blocks/Templates/ComingSoonSocialLinksTemplate.php because the cache is absent or outdated
Deep scanning /home/reza/woocommerce/plugins/woocommerce/src/Blocks/Templates/ComingSoonSocialLinksTemplate.php
Parsing /home/reza/woocommerce/plugins/woocommerce/src/Blocks/Templates/ArchiveProductTemplatesCompatibility.php because the cache is absent or outdated
Deep scanning /home/reza/woocommerce/plugins/woocommerce/src/Blocks/Templates/ArchiveProductTemplatesCompatibility.php
Parsing /home/reza/woocommerce/plugins/woocommerce/src/Blocks/Templates/MiniCartTemplate.php because the cache is absent or outdated
Deep scanning /home/reza/woocommerce/plugins/woocommerce/src/Blocks/Templates/MiniCartTemplate.php
Parsing /home/reza/woocommerce/plugins/woocommerce/src/Blocks/Templates/AbstractTemplateWithFallback.php because the cache is absent or outdated
Deep scanning /home/reza/woocommerce/plugins/woocommerce/src/Blocks/Templates/AbstractTemplateWithFallback.php
Parsing /home/reza/woocommerce/plugins/woocommerce/src/Blocks/Templates/ComingSoonTemplate.php because the cache is absent or outdated
Deep scanning /home/reza/woocommerce/plugins/woocommerce/src/Blocks/Templates/ComingSoonTemplate.php
Parsing /home/reza/woocommerce/plugins/woocommerce/src/Blocks/Templates/ExternalProductAddToCartWithOptionsTemplate.php because the cache is absent or outdated
Deep scanning /home/reza/woocommerce/plugins/woocommerce/src/Blocks/Templates/ExternalProductAddToCartWithOptionsTemplate.php
Parsing /home/reza/woocommerce/plugins/woocommerce/src/Blocks/Templates/OrderConfirmationTemplate.php because the cache is absent or outdated
Deep scanning /home/reza/woocommerce/plugins/woocommerce/src/Blocks/Templates/OrderConfirmationTemplate.php
Parsing /home/reza/woocommerce/plugins/woocommerce/src/Blocks/Templates/VariableProductAddToCartWithOptionsTemplate.php because the cache is absent or outdated
Deep scanning /home/reza/woocommerce/plugins/woocommerce/src/Blocks/Templates/VariableProductAddToCartWithOptionsTemplate.php
Parsing /home/reza/woocommerce/plugins/woocommerce/src/Blocks/Templates/AbstractTemplateCompatibility.php because the cache is absent or outdated
Deep scanning /home/reza/woocommerce/plugins/woocommerce/src/Blocks/Templates/AbstractTemplateCompatibility.php
Parsing /home/reza/woocommerce/plugins/woocommerce/src/Blocks/Templates/SingleProductTemplate.php because the cache is absent or outdated
Deep scanning /home/reza/woocommerce/plugins/woocommerce/src/Blocks/Templates/SingleProductTemplate.php
Parsing /home/reza/woocommerce/plugins/woocommerce/src/Blocks/Templates/ProductSearchResultsTemplate.php because the cache is absent or outdated
Deep scanning /home/reza/woocommerce/plugins/woocommerce/src/Blocks/Templates/ProductSearchResultsTemplate.php
Parsing /home/reza/woocommerce/plugins/woocommerce/src/Blocks/Templates/CheckoutHeaderTemplate.php because the cache is absent or outdated
Deep scanning /home/reza/woocommerce/plugins/woocommerce/src/Blocks/Templates/CheckoutHeaderTemplate.php
Parsing /home/reza/woocommerce/plugins/woocommerce/src/Blocks/Templates/AbstractTemplate.php because the cache is absent or outdated
Deep scanning /home/reza/woocommerce/plugins/woocommerce/src/Blocks/Templates/AbstractTemplate.php
Parsing /home/reza/woocommerce/plugins/woocommerce/src/Blocks/Templates/CartTemplate.php because the cache is absent or outdated
Deep scanning /home/reza/woocommerce/plugins/woocommerce/src/Blocks/Templates/CartTemplate.php
Parsing /home/reza/woocommerce/plugins/woocommerce/src/Blocks/Templates/AbstractTemplatePart.php because the cache is absent or outdated
Deep scanning /home/reza/woocommerce/plugins/woocommerce/src/Blocks/Templates/AbstractTemplatePart.php
Parsing /home/reza/woocommerce/plugins/woocommerce/src/Blocks/Templates/SingleProductTemplateCompatibility.php because the cache is absent or outdated
Deep scanning /home/reza/woocommerce/plugins/woocommerce/src/Blocks/Templates/SingleProductTemplateCompatibility.php
Parsing /home/reza/woocommerce/plugins/woocommerce/src/Blocks/Templates/ProductCategoryTemplate.php because the cache is absent or outdated
Deep scanning /home/reza/woocommerce/plugins/woocommerce/src/Blocks/Templates/ProductCategoryTemplate.php
Parsing /home/reza/woocommerce/plugins/woocommerce/src/Blocks/Templates/ProductCatalogTemplate.php because the cache is absent or outdated
Deep scanning /home/reza/woocommerce/plugins/woocommerce/src/Blocks/Templates/ProductCatalogTemplate.php
Parsing /home/reza/woocommerce/plugins/woocommerce/src/Blocks/Templates/SimpleProductAddToCartWithOptionsTemplate.php because the cache is absent or outdated
Deep scanning /home/reza/woocommerce/plugins/woocommerce/src/Blocks/Templates/SimpleProductAddToCartWithOptionsTemplate.php
Parsing /home/reza/woocommerce/plugins/woocommerce/src/Blocks/Templates/ProductAttributeTemplate.php because the cache is absent or outdated
Deep scanning /home/reza/woocommerce/plugins/woocommerce/src/Blocks/Templates/ProductAttributeTemplate.php
Parsing /home/reza/woocommerce/plugins/woocommerce/src/Blocks/Templates/ClassicTemplatesCompatibility.php because the cache is absent or outdated
Deep scanning /home/reza/woocommerce/plugins/woocommerce/src/Blocks/Templates/ClassicTemplatesCompatibility.php
Parsing /home/reza/woocommerce/plugins/woocommerce/src/Blocks/Templates/ProductBrandTemplate.php because the cache is absent or outdated
Deep scanning /home/reza/woocommerce/plugins/woocommerce/src/Blocks/Templates/ProductBrandTemplate.php
Parsing /home/reza/woocommerce/plugins/woocommerce/src/Blocks/Templates/GroupedProductAddToCartWithOptionsTemplate.php because the cache is absent or outdated
Deep scanning /home/reza/woocommerce/plugins/woocommerce/src/Blocks/Templates/GroupedProductAddToCartWithOptionsTemplate.php
Parsing /home/reza/woocommerce/plugins/woocommerce/src/Blocks/Templates/CheckoutTemplate.php because the cache is absent or outdated
Deep scanning /home/reza/woocommerce/plugins/woocommerce/src/Blocks/Templates/CheckoutTemplate.php
Parsing /home/reza/woocommerce/plugins/woocommerce/src/Blocks/Images/Pexels.php because the cache is absent or outdated
Deep scanning /home/reza/woocommerce/plugins/woocommerce/src/Blocks/Images/Pexels.php
Parsing /home/reza/woocommerce/plugins/woocommerce/src/Blocks/Payments/Integrations/AbstractPaymentMethodType.php because the cache is absent or outdated
Deep scanning /home/reza/woocommerce/plugins/woocommerce/src/Blocks/Payments/Integrations/AbstractPaymentMethodType.php
Parsing /home/reza/woocommerce/plugins/woocommerce/src/Blocks/Payments/Integrations/Cheque.php because the cache is absent or outdated
Deep scanning /home/reza/woocommerce/plugins/woocommerce/src/Blocks/Payments/Integrations/Cheque.php
Parsing /home/reza/woocommerce/plugins/woocommerce/src/Blocks/Payments/Integrations/CashOnDelivery.php because the cache is absent or outdated
Deep scanning /home/reza/woocommerce/plugins/woocommerce/src/Blocks/Payments/Integrations/CashOnDelivery.php
Parsing /home/reza/woocommerce/plugins/woocommerce/src/Blocks/Payments/Integrations/BankTransfer.php because the cache is absent or outdated
Deep scanning /home/reza/woocommerce/plugins/woocommerce/src/Blocks/Payments/Integrations/BankTransfer.php
Parsing /home/reza/woocommerce/plugins/woocommerce/src/Blocks/Payments/Integrations/ShippingRestrictionsSettingsTrait.php because the cache is absent or outdated
Deep scanning /home/reza/woocommerce/plugins/woocommerce/src/Blocks/Payments/Integrations/ShippingRestrictionsSettingsTrait.php
Parsing /home/reza/woocommerce/plugins/woocommerce/src/Blocks/Payments/Integrations/PayPal.php because the cache is absent or outdated
Deep scanning /home/reza/woocommerce/plugins/woocommerce/src/Blocks/Payments/Integrations/PayPal.php
Parsing /home/reza/woocommerce/plugins/woocommerce/src/Blocks/Payments/PaymentMethodRegistry.php because the cache is absent or outdated
Deep scanning /home/reza/woocommerce/plugins/woocommerce/src/Blocks/Payments/PaymentMethodRegistry.php
Parsing /home/reza/woocommerce/plugins/woocommerce/src/Blocks/Payments/Api.php because the cache is absent or outdated
Deep scanning /home/reza/woocommerce/plugins/woocommerce/src/Blocks/Payments/Api.php
Parsing /home/reza/woocommerce/plugins/woocommerce/src/Blocks/Payments/PaymentMethodTypeInterface.php because the cache is absent or outdated
Deep scanning /home/reza/woocommerce/plugins/woocommerce/src/Blocks/Payments/PaymentMethodTypeInterface.php
Parsing /home/reza/woocommerce/plugins/woocommerce/src/Blocks/Options.php because the cache is absent or outdated
Deep scanning /home/reza/woocommerce/plugins/woocommerce/src/Blocks/Options.php
Parsing /home/reza/woocommerce/plugins/woocommerce/src/Blocks/AssetsController.php because the cache is absent or outdated
Deep scanning /home/reza/woocommerce/plugins/woocommerce/src/Blocks/AssetsController.php
Parsing /home/reza/woocommerce/plugins/woocommerce/src/Blocks/BlockTypes/StockFilter.php because the cache is absent or outdated
Deep scanning /home/reza/woocommerce/plugins/woocommerce/src/Blocks/BlockTypes/StockFilter.php
Parsing /home/reza/woocommerce/plugins/woocommerce/src/Blocks/BlockTypes/ProductImage.php because the cache is absent or outdated
Deep scanning /home/reza/woocommerce/plugins/woocommerce/src/Blocks/BlockTypes/ProductImage.php
Parsing /home/reza/woocommerce/plugins/woocommerce/src/Blocks/BlockTypes/ProceedToCheckoutBlock.php because the cache is absent or outdated
Deep scanning /home/reza/woocommerce/plugins/woocommerce/src/Blocks/BlockTypes/ProceedToCheckoutBlock.php
Parsing /home/reza/woocommerce/plugins/woocommerce/src/Blocks/BlockTypes/MiniCartFooterBlock.php because the cache is absent or outdated
Deep scanning /home/reza/woocommerce/plugins/woocommerce/src/Blocks/BlockTypes/MiniCartFooterBlock.php
Parsing /home/reza/woocommerce/plugins/woocommerce/src/Blocks/BlockTypes/ProductGalleryThumbnails.php because the cache is absent or outdated
Deep scanning /home/reza/woocommerce/plugins/woocommerce/src/Blocks/BlockTypes/ProductGalleryThumbnails.php
Parsing /home/reza/woocommerce/plugins/woocommerce/src/Blocks/BlockTypes/AddToCartWithOptions/VariationDescription.php because the cache is absent or outdated
Deep scanning /home/reza/woocommerce/plugins/woocommerce/src/Blocks/BlockTypes/AddToCartWithOptions/VariationDescription.php
Parsing /home/reza/woocommerce/plugins/woocommerce/src/Blocks/BlockTypes/AddToCartWithOptions/QuantitySelector.php because the cache is absent or outdated
Deep scanning /home/reza/woocommerce/plugins/woocommerce/src/Blocks/BlockTypes/AddToCartWithOptions/QuantitySelector.php
Parsing /home/reza/woocommerce/plugins/woocommerce/src/Blocks/BlockTypes/AddToCartWithOptions/Utils.php because the cache is absent or outdated
Deep scanning /home/reza/woocommerce/plugins/woocommerce/src/Blocks/BlockTypes/AddToCartWithOptions/Utils.php
Parsing /home/reza/woocommerce/plugins/woocommerce/src/Blocks/BlockTypes/AddToCartWithOptions/VariationSelectorAttribute.php because the cache is absent or outdated
Deep scanning /home/reza/woocommerce/plugins/woocommerce/src/Blocks/BlockTypes/AddToCartWithOptions/VariationSelectorAttribute.php
Parsing /home/reza/woocommerce/plugins/woocommerce/src/Blocks/BlockTypes/AddToCartWithOptions/GroupedProductSelector.php because the cache is absent or outdated
Deep scanning /home/reza/woocommerce/plugins/woocommerce/src/Blocks/BlockTypes/AddToCartWithOptions/GroupedProductSelector.php
Parsing /home/reza/woocommerce/plugins/woocommerce/src/Blocks/BlockTypes/AddToCartWithOptions/GroupedProductItemLabel.php because the cache is absent or outdated
Deep scanning /home/reza/woocommerce/plugins/woocommerce/src/Blocks/BlockTypes/AddToCartWithOptions/GroupedProductItemLabel.php
Parsing /home/reza/woocommerce/plugins/woocommerce/src/Blocks/BlockTypes/AddToCartWithOptions/AddToCartWithOptions.php because the cache is absent or outdated
Deep scanning /home/reza/woocommerce/plugins/woocommerce/src/Blocks/BlockTypes/AddToCartWithOptions/AddToCartWithOptions.php
Parsing /home/reza/woocommerce/plugins/woocommerce/src/Blocks/BlockTypes/AddToCartWithOptions/GroupedProductItem.php because the cache is absent or outdated
Deep scanning /home/reza/woocommerce/plugins/woocommerce/src/Blocks/BlockTypes/AddToCartWithOptions/GroupedProductItem.php
Parsing /home/reza/woocommerce/plugins/woocommerce/src/Blocks/BlockTypes/AddToCartWithOptions/VariationSelectorAttributeName.php because the cache is absent or outdated
Deep scanning /home/reza/woocommerce/plugins/woocommerce/src/Blocks/BlockTypes/AddToCartWithOptions/VariationSelectorAttributeName.php
Parsing /home/reza/woocommerce/plugins/woocommerce/src/Blocks/BlockTypes/AddToCartWithOptions/GroupedProductItemSelector.php because the cache is absent or outdated
Deep scanning /home/reza/woocommerce/plugins/woocommerce/src/Blocks/BlockTypes/AddToCartWithOptions/GroupedProductItemSelector.php
Parsing /home/reza/woocommerce/plugins/woocommerce/src/Blocks/BlockTypes/AddToCartWithOptions/VariationSelector.php because the cache is absent or outdated
Deep scanning /home/reza/woocommerce/plugins/woocommerce/src/Blocks/BlockTypes/AddToCartWithOptions/VariationSelector.php
Parsing /home/reza/woocommerce/plugins/woocommerce/src/Blocks/BlockTypes/RelatedProducts.php because the cache is absent or outdated
Deep scanning /home/reza/woocommerce/plugins/woocommerce/src/Blocks/BlockTypes/RelatedProducts.php
Parsing /home/reza/woocommerce/plugins/woocommerce/src/Blocks/BlockTypes/ProductSearch.php because the cache is absent or outdated
Deep scanning /home/reza/woocommerce/plugins/woocommerce/src/Blocks/BlockTypes/ProductSearch.php
Parsing /home/reza/woocommerce/plugins/woocommerce/src/Blocks/BlockTypes/Dropdown.php because the cache is absent or outdated
Deep scanning /home/reza/woocommerce/plugins/woocommerce/src/Blocks/BlockTypes/Dropdown.php
Parsing /home/reza/woocommerce/plugins/woocommerce/src/Blocks/BlockTypes/AllProducts.php because the cache is absent or outdated
Deep scanning /home/reza/woocommerce/plugins/woocommerce/src/Blocks/BlockTypes/AllProducts.php
Parsing /home/reza/woocommerce/plugins/woocommerce/src/Blocks/BlockTypes/CheckoutOrderSummaryShippingBlock.php because the cache is absent or outdated
Deep scanning /home/reza/woocommerce/plugins/woocommerce/src/Blocks/BlockTypes/CheckoutOrderSummaryShippingBlock.php
Parsing /home/reza/woocommerce/plugins/woocommerce/src/Blocks/BlockTypes/CheckoutPaymentBlock.php because the cache is absent or outdated
Deep scanning /home/reza/woocommerce/plugins/woocommerce/src/Blocks/BlockTypes/CheckoutPaymentBlock.php
Parsing /home/reza/woocommerce/plugins/woocommerce/src/Blocks/BlockTypes/FilledCartBlock.php because the cache is absent or outdated
Deep scanning /home/reza/woocommerce/plugins/woocommerce/src/Blocks/BlockTypes/FilledCartBlock.php
Parsing /home/reza/woocommerce/plugins/woocommerce/src/Blocks/BlockTypes/ProductFilterRating.php because the cache is absent or outdated
Deep scanning /home/reza/woocommerce/plugins/woocommerce/src/Blocks/BlockTypes/ProductFilterRating.php
Parsing /home/reza/woocommerce/plugins/woocommerce/src/Blocks/BlockTypes/ProductsByAttribute.php because the cache is absent or outdated
Deep scanning /home/reza/woocommerce/plugins/woocommerce/src/Blocks/BlockTypes/ProductsByAttribute.php
Parsing /home/reza/woocommerce/plugins/woocommerce/src/Blocks/BlockTypes/ProductCategories.php because the cache is absent or outdated
Deep scanning /home/reza/woocommerce/plugins/woocommerce/src/Blocks/BlockTypes/ProductCategories.php
Parsing /home/reza/woocommerce/plugins/woocommerce/src/Blocks/BlockTypes/ProductRating.php because the cache is absent or outdated
Deep scanning /home/reza/woocommerce/plugins/woocommerce/src/Blocks/BlockTypes/ProductRating.php
Parsing /home/reza/woocommerce/plugins/woocommerce/src/Blocks/BlockTypes/CartOrderSummaryCouponFormBlock.php because the cache is absent or outdated
Deep scanning /home/reza/woocommerce/plugins/woocommerce/src/Blocks/BlockTypes/CartOrderSummaryCouponFormBlock.php
Parsing /home/reza/woocommerce/plugins/woocommerce/src/Blocks/BlockTypes/ProductBestSellers.php because the cache is absent or outdated
Deep scanning /home/reza/woocommerce/plugins/woocommerce/src/Blocks/BlockTypes/ProductBestSellers.php
Parsing /home/reza/woocommerce/plugins/woocommerce/src/Blocks/BlockTypes/EmptyMiniCartContentsBlock.php because the cache is absent or outdated
Deep scanning /home/reza/woocommerce/plugins/woocommerce/src/Blocks/BlockTypes/EmptyMiniCartContentsBlock.php
Parsing /home/reza/woocommerce/plugins/woocommerce/src/Blocks/BlockTypes/CartTotalsBlock.php because the cache is absent or outdated
Deep scanning /home/reza/woocommerce/plugins/woocommerce/src/Blocks/BlockTypes/CartTotalsBlock.php
Parsing /home/reza/woocommerce/plugins/woocommerce/src/Blocks/BlockTypes/Breadcrumbs.php because the cache is absent or outdated
Deep scanning /home/reza/woocommerce/plugins/woocommerce/src/Blocks/BlockTypes/Breadcrumbs.php
Parsing /home/reza/woocommerce/plugins/woocommerce/src/Blocks/BlockTypes/MiniCartCheckoutButtonBlock.php because the cache is absent or outdated
Deep scanning /home/reza/woocommerce/plugins/woocommerce/src/Blocks/BlockTypes/MiniCartCheckoutButtonBlock.php
Parsing /home/reza/woocommerce/plugins/woocommerce/src/Blocks/BlockTypes/FeaturedProduct.php because the cache is absent or outdated
Deep scanning /home/reza/woocommerce/plugins/woocommerce/src/Blocks/BlockTypes/FeaturedProduct.php
Parsing /home/reza/woocommerce/plugins/woocommerce/src/Blocks/BlockTypes/ProductFilterAttribute.php because the cache is absent or outdated
Deep scanning /home/reza/woocommerce/plugins/woocommerce/src/Blocks/BlockTypes/ProductFilterAttribute.php
Parsing /home/reza/woocommerce/plugins/woocommerce/src/Blocks/BlockTypes/ProductDescription.php because the cache is absent or outdated
Deep scanning /home/reza/woocommerce/plugins/woocommerce/src/Blocks/BlockTypes/ProductDescription.php
Parsing /home/reza/woocommerce/plugins/woocommerce/src/Blocks/BlockTypes/MiniCartItemsBlock.php because the cache is absent or outdated
Deep scanning /home/reza/woocommerce/plugins/woocommerce/src/Blocks/BlockTypes/MiniCartItemsBlock.php
Parsing /home/reza/woocommerce/plugins/woocommerce/src/Blocks/BlockTypes/Cart.php because the cache is absent or outdated
Deep scanning /home/reza/woocommerce/plugins/woocommerce/src/Blocks/BlockTypes/Cart.php
Parsing /home/reza/woocommerce/plugins/woocommerce/src/Blocks/BlockTypes/ProductSummary.php because the cache is absent or outdated
Deep scanning /home/reza/woocommerce/plugins/woocommerce/src/Blocks/BlockTypes/ProductSummary.php
Parsing /home/reza/woocommerce/plugins/woocommerce/src/Blocks/BlockTypes/AbstractBlock.php because the cache is absent or outdated
Deep scanning /home/reza/woocommerce/plugins/woocommerce/src/Blocks/BlockTypes/AbstractBlock.php
Parsing /home/reza/woocommerce/plugins/woocommerce/src/Blocks/BlockTypes/CheckoutOrderSummaryFeeBlock.php because the cache is absent or outdated
Deep scanning /home/reza/woocommerce/plugins/woocommerce/src/Blocks/BlockTypes/CheckoutOrderSummaryFeeBlock.php
Parsing /home/reza/woocommerce/plugins/woocommerce/src/Blocks/BlockTypes/MiniCartTitleLabelBlock.php because the cache is absent or outdated
Deep scanning /home/reza/woocommerce/plugins/woocommerce/src/Blocks/BlockTypes/MiniCartTitleLabelBlock.php
Parsing /home/reza/woocommerce/plugins/woocommerce/src/Blocks/BlockTypes/CartOrderSummaryShippingBlock.php because the cache is absent or outdated
Deep scanning /home/reza/woocommerce/plugins/woocommerce/src/Blocks/BlockTypes/CartOrderSummaryShippingBlock.php
Parsing /home/reza/woocommerce/plugins/woocommerce/src/Blocks/BlockTypes/PaymentMethodIcons.php because the cache is absent or outdated
Deep scanning /home/reza/woocommerce/plugins/woocommerce/src/Blocks/BlockTypes/PaymentMethodIcons.php
Parsing /home/reza/woocommerce/plugins/woocommerce/src/Blocks/BlockTypes/ProductGalleryLargeImage.php because the cache is absent or outdated
Deep scanning /home/reza/woocommerce/plugins/woocommerce/src/Blocks/BlockTypes/ProductGalleryLargeImage.php
Parsing /home/reza/woocommerce/plugins/woocommerce/src/Blocks/BlockTypes/AllReviews.php because the cache is absent or outdated
Deep scanning /home/reza/woocommerce/plugins/woocommerce/src/Blocks/BlockTypes/AllReviews.php
Parsing /home/reza/woocommerce/plugins/woocommerce/src/Blocks/BlockTypes/MiniCartTitleBlock.php because the cache is absent or outdated
Deep scanning /home/reza/woocommerce/plugins/woocommerce/src/Blocks/BlockTypes/MiniCartTitleBlock.php
Parsing /home/reza/woocommerce/plugins/woocommerce/src/Blocks/BlockTypes/ProductFilters.php because the cache is absent or outdated
Deep scanning /home/reza/woocommerce/plugins/woocommerce/src/Blocks/BlockTypes/ProductFilters.php
Parsing /home/reza/woocommerce/plugins/woocommerce/src/Blocks/BlockTypes/PriceFilter.php because the cache is absent or outdated
Deep scanning /home/reza/woocommerce/plugins/woocommerce/src/Blocks/BlockTypes/PriceFilter.php
Parsing /home/reza/woocommerce/plugins/woocommerce/src/Blocks/BlockTypes/CartOrderSummaryFeeBlock.php because the cache is absent or outdated
Deep scanning /home/reza/woocommerce/plugins/woocommerce/src/Blocks/BlockTypes/CartOrderSummaryFeeBlock.php
Parsing /home/reza/woocommerce/plugins/woocommerce/src/Blocks/BlockTypes/CartCrossSellsProductsBlock.php because the cache is absent or outdated
Deep scanning /home/reza/woocommerce/plugins/woocommerce/src/Blocks/BlockTypes/CartCrossSellsProductsBlock.php
Parsing /home/reza/woocommerce/plugins/woocommerce/src/Blocks/BlockTypes/CheckoutOrderSummaryCartItemsBlock.php because the cache is absent or outdated
Deep scanning /home/reza/woocommerce/plugins/woocommerce/src/Blocks/BlockTypes/CheckoutOrderSummaryCartItemsBlock.php
Parsing /home/reza/woocommerce/plugins/woocommerce/src/Blocks/BlockTypes/ProductFilterPrice.php because the cache is absent or outdated
Deep scanning /home/reza/woocommerce/plugins/woocommerce/src/Blocks/BlockTypes/ProductFilterPrice.php
Parsing /home/reza/woocommerce/plugins/woocommerce/src/Blocks/BlockTypes/CheckoutFieldsBlock.php because the cache is absent or outdated
Deep scanning /home/reza/woocommerce/plugins/woocommerce/src/Blocks/BlockTypes/CheckoutFieldsBlock.php
Parsing /home/reza/woocommerce/plugins/woocommerce/src/Blocks/BlockTypes/ProductButton.php because the cache is absent or outdated
Deep scanning /home/reza/woocommerce/plugins/woocommerce/src/Blocks/BlockTypes/ProductButton.php
Parsing /home/reza/woocommerce/plugins/woocommerce/src/Blocks/BlockTypes/CheckoutShippingAddressBlock.php because the cache is absent or outdated
Deep scanning /home/reza/woocommerce/plugins/woocommerce/src/Blocks/BlockTypes/CheckoutShippingAddressBlock.php
Parsing /home/reza/woocommerce/plugins/woocommerce/src/Blocks/BlockTypes/NextPreviousButtons.php because the cache is absent or outdated
Deep scanning /home/reza/woocommerce/plugins/woocommerce/src/Blocks/BlockTypes/NextPreviousButtons.php
Parsing /home/reza/woocommerce/plugins/woocommerce/src/Blocks/BlockTypes/MiniCartCartButtonBlock.php because the cache is absent or outdated
Deep scanning /home/reza/woocommerce/plugins/woocommerce/src/Blocks/BlockTypes/MiniCartCartButtonBlock.php
Parsing /home/reza/woocommerce/plugins/woocommerce/src/Blocks/BlockTypes/ProductTitle.php because the cache is absent or outdated
Deep scanning /home/reza/woocommerce/plugins/woocommerce/src/Blocks/BlockTypes/ProductTitle.php
Parsing /home/reza/woocommerce/plugins/woocommerce/src/Blocks/BlockTypes/CheckoutContactInformationBlock.php because the cache is absent or outdated
Deep scanning /home/reza/woocommerce/plugins/woocommerce/src/Blocks/BlockTypes/CheckoutContactInformationBlock.php
Parsing /home/reza/woocommerce/plugins/woocommerce/src/Blocks/BlockTypes/ProductSaleBadge.php because the cache is absent or outdated
Deep scanning /home/reza/woocommerce/plugins/woocommerce/src/Blocks/BlockTypes/ProductSaleBadge.php
Parsing /home/reza/woocommerce/plugins/woocommerce/src/Blocks/BlockTypes/CheckoutOrderNoteBlock.php because the cache is absent or outdated
Deep scanning /home/reza/woocommerce/plugins/woocommerce/src/Blocks/BlockTypes/CheckoutOrderNoteBlock.php
Parsing /home/reza/woocommerce/plugins/woocommerce/src/Blocks/BlockTypes/ProductPrice.php because the cache is absent or outdated
Deep scanning /home/reza/woocommerce/plugins/woocommerce/src/Blocks/BlockTypes/ProductPrice.php
Parsing /home/reza/woocommerce/plugins/woocommerce/src/Blocks/BlockTypes/CheckoutOrderSummaryDiscountBlock.php because the cache is absent or outdated
Deep scanning /home/reza/woocommerce/plugins/woocommerce/src/Blocks/BlockTypes/CheckoutOrderSummaryDiscountBlock.php
Parsing /home/reza/woocommerce/plugins/woocommerce/src/Blocks/BlockTypes/MiniCartContents.php because the cache is absent or outdated
Deep scanning /home/reza/woocommerce/plugins/woocommerce/src/Blocks/BlockTypes/MiniCartContents.php
Parsing /home/reza/woocommerce/plugins/woocommerce/src/Blocks/BlockTypes/AbstractDynamicBlock.php because the cache is absent or outdated
Deep scanning /home/reza/woocommerce/plugins/woocommerce/src/Blocks/BlockTypes/AbstractDynamicBlock.php
Parsing /home/reza/woocommerce/plugins/woocommerce/src/Blocks/BlockTypes/CheckoutOrderSummaryCouponFormBlock.php because the cache is absent or outdated
Deep scanning /home/reza/woocommerce/plugins/woocommerce/src/Blocks/BlockTypes/CheckoutOrderSummaryCouponFormBlock.php
Parsing /home/reza/woocommerce/plugins/woocommerce/src/Blocks/BlockTypes/EmptyCartBlock.php because the cache is absent or outdated
Deep scanning /home/reza/woocommerce/plugins/woocommerce/src/Blocks/BlockTypes/EmptyCartBlock.php
Parsing /home/reza/woocommerce/plugins/woocommerce/src/Blocks/BlockTypes/ProductNew.php because the cache is absent or outdated
Deep scanning /home/reza/woocommerce/plugins/woocommerce/src/Blocks/BlockTypes/ProductNew.php
Parsing /home/reza/woocommerce/plugins/woocommerce/src/Blocks/BlockTypes/CategoryTitle.php because the cache is absent or outdated
Deep scanning /home/reza/woocommerce/plugins/woocommerce/src/Blocks/BlockTypes/CategoryTitle.php
Parsing /home/reza/woocommerce/plugins/woocommerce/src/Blocks/BlockTypes/MiniCartProductsTableBlock.php because the cache is absent or outdated
Deep scanning /home/reza/woocommerce/plugins/woocommerce/src/Blocks/BlockTypes/MiniCartProductsTableBlock.php
Parsing /home/reza/woocommerce/plugins/woocommerce/src/Blocks/BlockTypes/ProductCollection/Utils.php because the cache is absent or outdated
Deep scanning /home/reza/woocommerce/plugins/woocommerce/src/Blocks/BlockTypes/ProductCollection/Utils.php
Parsing /home/reza/woocommerce/plugins/woocommerce/src/Blocks/BlockTypes/ProductCollection/Controller.php because the cache is absent or outdated
Deep scanning /home/reza/woocommerce/plugins/woocommerce/src/Blocks/BlockTypes/ProductCollection/Controller.php
Parsing /home/reza/woocommerce/plugins/woocommerce/src/Blocks/BlockTypes/ProductCollection/Renderer.php because the cache is absent or outdated
Deep scanning /home/reza/woocommerce/plugins/woocommerce/src/Blocks/BlockTypes/ProductCollection/Renderer.php
Parsing /home/reza/woocommerce/plugins/woocommerce/src/Blocks/BlockTypes/ProductCollection/HandlerRegistry.php because the cache is absent or outdated
Deep scanning /home/reza/woocommerce/plugins/woocommerce/src/Blocks/BlockTypes/ProductCollection/HandlerRegistry.php
Parsing /home/reza/woocommerce/plugins/woocommerce/src/Blocks/BlockTypes/ProductCollection/QueryBuilder.php because the cache is absent or outdated
Deep scanning /home/reza/woocommerce/plugins/woocommerce/src/Blocks/BlockTypes/ProductCollection/QueryBuilder.php
Parsing /home/reza/woocommerce/plugins/woocommerce/src/Blocks/BlockTypes/ProductCollection/NoResults.php because the cache is absent or outdated
Deep scanning /home/reza/woocommerce/plugins/woocommerce/src/Blocks/BlockTypes/ProductCollection/NoResults.php
Parsing /home/reza/woocommerce/plugins/woocommerce/src/Blocks/BlockTypes/CartOrderSummaryTotalsBlock.php because the cache is absent or outdated
Deep scanning /home/reza/woocommerce/plugins/woocommerce/src/Blocks/BlockTypes/CartOrderSummaryTotalsBlock.php
Parsing /home/reza/woocommerce/plugins/woocommerce/src/Blocks/BlockTypes/ProductOnSale.php because the cache is absent or outdated
Deep scanning /home/reza/woocommerce/plugins/woocommerce/src/Blocks/BlockTypes/ProductOnSale.php
Parsing /home/reza/woocommerce/plugins/woocommerce/src/Blocks/BlockTypes/FilledMiniCartContentsBlock.php because the cache is absent or outdated
Deep scanning /home/reza/woocommerce/plugins/woocommerce/src/Blocks/BlockTypes/FilledMiniCartContentsBlock.php
Parsing /home/reza/woocommerce/plugins/woocommerce/src/Blocks/BlockTypes/AtomicBlock.php because the cache is absent or outdated
Deep scanning /home/reza/woocommerce/plugins/woocommerce/src/Blocks/BlockTypes/AtomicBlock.php
Parsing /home/reza/woocommerce/plugins/woocommerce/src/Blocks/BlockTypes/ProductSKU.php because the cache is absent or outdated
Deep scanning /home/reza/woocommerce/plugins/woocommerce/src/Blocks/BlockTypes/ProductSKU.php
Parsing /home/reza/woocommerce/plugins/woocommerce/src/Blocks/BlockTypes/CheckoutShippingMethodBlock.php because the cache is absent or outdated
Deep scanning /home/reza/woocommerce/plugins/woocommerce/src/Blocks/BlockTypes/CheckoutShippingMethodBlock.php
Parsing /home/reza/woocommerce/plugins/woocommerce/src/Blocks/BlockTypes/ProductFilterStatus.php because the cache is absent or outdated
Deep scanning /home/reza/woocommerce/plugins/woocommerce/src/Blocks/BlockTypes/ProductFilterStatus.php
Parsing /home/reza/woocommerce/plugins/woocommerce/src/Blocks/BlockTypes/CheckoutOrderSummaryBlock.php because the cache is absent or outdated
Deep scanning /home/reza/woocommerce/plugins/woocommerce/src/Blocks/BlockTypes/CheckoutOrderSummaryBlock.php
Parsing /home/reza/woocommerce/plugins/woocommerce/src/Blocks/BlockTypes/ComingSoon.php because the cache is absent or outdated
Deep scanning /home/reza/woocommerce/plugins/woocommerce/src/Blocks/BlockTypes/ComingSoon.php
Parsing /home/reza/woocommerce/plugins/woocommerce/src/Blocks/BlockTypes/CartAcceptedPaymentMethodsBlock.php because the cache is absent or outdated
Deep scanning /home/reza/woocommerce/plugins/woocommerce/src/Blocks/BlockTypes/CartAcceptedPaymentMethodsBlock.php
Parsing /home/reza/woocommerce/plugins/woocommerce/src/Blocks/BlockTypes/SingleProduct.php because the cache is absent or outdated
Deep scanning /home/reza/woocommerce/plugins/woocommerce/src/Blocks/BlockTypes/SingleProduct.php
Parsing /home/reza/woocommerce/plugins/woocommerce/src/Blocks/BlockTypes/ReviewsByProduct.php because the cache is absent or outdated
Deep scanning /home/reza/woocommerce/plugins/woocommerce/src/Blocks/BlockTypes/ReviewsByProduct.php
Parsing /home/reza/woocommerce/plugins/woocommerce/src/Blocks/BlockTypes/ProductFilterTaxonomy.php because the cache is absent or outdated
Deep scanning /home/reza/woocommerce/plugins/woocommerce/src/Blocks/BlockTypes/ProductFilterTaxonomy.php
Parsing /home/reza/woocommerce/plugins/woocommerce/src/Blocks/BlockTypes/RatingFilter.php because the cache is absent or outdated
Deep scanning /home/reza/woocommerce/plugins/woocommerce/src/Blocks/BlockTypes/RatingFilter.php
Parsing /home/reza/woocommerce/plugins/woocommerce/src/Blocks/BlockTypes/CartExpressPaymentBlock.php because the cache is absent or outdated
Deep scanning /home/reza/woocommerce/plugins/woocommerce/src/Blocks/BlockTypes/CartExpressPaymentBlock.php
Parsing /home/reza/woocommerce/plugins/woocommerce/src/Blocks/BlockTypes/OrderConfirmation/Summary.php because the cache is absent or outdated
Deep scanning /home/reza/woocommerce/plugins/woocommerce/src/Blocks/BlockTypes/OrderConfirmation/Summary.php
Parsing /home/reza/woocommerce/plugins/woocommerce/src/Blocks/BlockTypes/OrderConfirmation/BillingWrapper.php because the cache is absent or outdated
Deep scanning /home/reza/woocommerce/plugins/woocommerce/src/Blocks/BlockTypes/OrderConfirmation/BillingWrapper.php
Parsing /home/reza/woocommerce/plugins/woocommerce/src/Blocks/BlockTypes/OrderConfirmation/AbstractOrderConfirmationBlock.php because the cache is absent or outdated
Deep scanning /home/reza/woocommerce/plugins/woocommerce/src/Blocks/BlockTypes/OrderConfirmation/AbstractOrderConfirmationBlock.php
Parsing /home/reza/woocommerce/plugins/woocommerce/src/Blocks/BlockTypes/OrderConfirmation/Downloads.php because the cache is absent or outdated
Deep scanning /home/reza/woocommerce/plugins/woocommerce/src/Blocks/BlockTypes/OrderConfirmation/Downloads.php
Parsing /home/reza/woocommerce/plugins/woocommerce/src/Blocks/BlockTypes/OrderConfirmation/ShippingWrapper.php because the cache is absent or outdated
Deep scanning /home/reza/woocommerce/plugins/woocommerce/src/Blocks/BlockTypes/OrderConfirmation/ShippingWrapper.php
Parsing /home/reza/woocommerce/plugins/woocommerce/src/Blocks/BlockTypes/OrderConfirmation/BillingAddress.php because the cache is absent or outdated
Deep scanning /home/reza/woocommerce/plugins/woocommerce/src/Blocks/BlockTypes/OrderConfirmation/BillingAddress.php
Parsing /home/reza/woocommerce/plugins/woocommerce/src/Blocks/BlockTypes/OrderConfirmation/Status.php because the cache is absent or outdated
Deep scanning /home/reza/woocommerce/plugins/woocommerce/src/Blocks/BlockTypes/OrderConfirmation/Status.php
Parsing /home/reza/woocommerce/plugins/woocommerce/src/Blocks/BlockTypes/OrderConfirmation/AdditionalFields.php because the cache is absent or outdated
Deep scanning /home/reza/woocommerce/plugins/woocommerce/src/Blocks/BlockTypes/OrderConfirmation/AdditionalFields.php
Parsing /home/reza/woocommerce/plugins/woocommerce/src/Blocks/BlockTypes/OrderConfirmation/AdditionalInformation.php because the cache is absent or outdated
Deep scanning /home/reza/woocommerce/plugins/woocommerce/src/Blocks/BlockTypes/OrderConfirmation/AdditionalInformation.php
Parsing /home/reza/woocommerce/plugins/woocommerce/src/Blocks/BlockTypes/OrderConfirmation/TotalsWrapper.php because the cache is absent or outdated
Deep scanning /home/reza/woocommerce/plugins/woocommerce/src/Blocks/BlockTypes/OrderConfirmation/TotalsWrapper.php
Parsing /home/reza/woocommerce/plugins/woocommerce/src/Blocks/BlockTypes/OrderConfirmation/CreateAccount.php because the cache is absent or outdated
Deep scanning /home/reza/woocommerce/plugins/woocommerce/src/Blocks/BlockTypes/OrderConfirmation/CreateAccount.php
Parsing /home/reza/woocommerce/plugins/woocommerce/src/Blocks/BlockTypes/OrderConfirmation/ShippingAddress.php because the cache is absent or outdated
Deep scanning /home/reza/woocommerce/plugins/woocommerce/src/Blocks/BlockTypes/OrderConfirmation/ShippingAddress.php
Parsing /home/reza/woocommerce/plugins/woocommerce/src/Blocks/BlockTypes/OrderConfirmation/AdditionalFieldsWrapper.php because the cache is absent or outdated
Deep scanning /home/reza/woocommerce/plugins/woocommerce/src/Blocks/BlockTypes/OrderConfirmation/AdditionalFieldsWrapper.php
Parsing /home/reza/woocommerce/plugins/woocommerce/src/Blocks/BlockTypes/OrderConfirmation/Totals.php because the cache is absent or outdated
Deep scanning /home/reza/woocommerce/plugins/woocommerce/src/Blocks/BlockTypes/OrderConfirmation/Totals.php
Parsing /home/reza/woocommerce/plugins/woocommerce/src/Blocks/BlockTypes/OrderConfirmation/DownloadsWrapper.php because the cache is absent or outdated
Deep scanning /home/reza/woocommerce/plugins/woocommerce/src/Blocks/BlockTypes/OrderConfirmation/DownloadsWrapper.php
Parsing /home/reza/woocommerce/plugins/woocommerce/src/Blocks/BlockTypes/FilterWrapper.php because the cache is absent or outdated
Deep scanning /home/reza/woocommerce/plugins/woocommerce/src/Blocks/BlockTypes/FilterWrapper.php
Parsing /home/reza/woocommerce/plugins/woocommerce/src/Blocks/BlockTypes/SavedForLater.php because the cache is absent or outdated
Deep scanning /home/reza/woocommerce/plugins/woocommerce/src/Blocks/BlockTypes/SavedForLater.php
Parsing /home/reza/woocommerce/plugins/woocommerce/src/Blocks/BlockTypes/EmailContent.php because the cache is absent or outdated
Deep scanning /home/reza/woocommerce/plugins/woocommerce/src/Blocks/BlockTypes/EmailContent.php
Parsing /home/reza/woocommerce/plugins/woocommerce/src/Blocks/BlockTypes/CheckoutOrderSummaryTaxesBlock.php because the cache is absent or outdated
Deep scanning /home/reza/woocommerce/plugins/woocommerce/src/Blocks/BlockTypes/CheckoutOrderSummaryTaxesBlock.php
Parsing /home/reza/woocommerce/plugins/woocommerce/src/Blocks/BlockTypes/ProductMeta.php because the cache is absent or outdated
Deep scanning /home/reza/woocommerce/plugins/woocommerce/src/Blocks/BlockTypes/ProductMeta.php
Parsing /home/reza/woocommerce/plugins/woocommerce/src/Blocks/BlockTypes/ProductFilterChips.php because the cache is absent or outdated
Deep scanning /home/reza/woocommerce/plugins/woocommerce/src/Blocks/BlockTypes/ProductFilterChips.php
Parsing /home/reza/woocommerce/plugins/woocommerce/src/Blocks/BlockTypes/AddToWishlistButton.php because the cache is absent or outdated
Deep scanning /home/reza/woocommerce/plugins/woocommerce/src/Blocks/BlockTypes/AddToWishlistButton.php
Parsing /home/reza/woocommerce/plugins/woocommerce/src/Blocks/BlockTypes/ProductFilterActive.php because the cache is absent or outdated
Deep scanning /home/reza/woocommerce/plugins/woocommerce/src/Blocks/BlockTypes/ProductFilterActive.php
Parsing /home/reza/woocommerce/plugins/woocommerce/src/Blocks/BlockTypes/ProductRatingStars.php because the cache is absent or outdated
Deep scanning /home/reza/woocommerce/plugins/woocommerce/src/Blocks/BlockTypes/ProductRatingStars.php
Parsing /home/reza/woocommerce/plugins/woocommerce/src/Blocks/BlockTypes/CategoryDescription.php because the cache is absent or outdated
Deep scanning /home/reza/woocommerce/plugins/woocommerce/src/Blocks/BlockTypes/CategoryDescription.php
Parsing /home/reza/woocommerce/plugins/woocommerce/src/Blocks/BlockTypes/ProductFilterRemovableChips.php because the cache is absent or outdated
Deep scanning /home/reza/woocommerce/plugins/woocommerce/src/Blocks/BlockTypes/ProductFilterRemovableChips.php
Parsing /home/reza/woocommerce/plugins/woocommerce/src/Blocks/BlockTypes/MiniCart.php because the cache is absent or outdated
Deep scanning /home/reza/woocommerce/plugins/woocommerce/src/Blocks/BlockTypes/MiniCart.php
Parsing /home/reza/woocommerce/plugins/woocommerce/src/Blocks/BlockTypes/CartItemsBlock.php because the cache is absent or outdated
Deep scanning /home/reza/woocommerce/plugins/woocommerce/src/Blocks/BlockTypes/CartItemsBlock.php
Parsing /home/reza/woocommerce/plugins/woocommerce/src/Blocks/BlockTypes/AddToCartForm.php because the cache is absent or outdated
Deep scanning /home/reza/woocommerce/plugins/woocommerce/src/Blocks/BlockTypes/AddToCartForm.php
Parsing /home/reza/woocommerce/plugins/woocommerce/src/Blocks/BlockTypes/ProductAverageRating.php because the cache is absent or outdated
Deep scanning /home/reza/woocommerce/plugins/woocommerce/src/Blocks/BlockTypes/ProductAverageRating.php
Parsing /home/reza/woocommerce/plugins/woocommerce/src/Blocks/BlockTypes/FeaturedItem.php because the cache is absent or outdated
Deep scanning /home/reza/woocommerce/plugins/woocommerce/src/Blocks/BlockTypes/FeaturedItem.php
Parsing /home/reza/woocommerce/plugins/woocommerce/src/Blocks/BlockTypes/ProductSpecifications.php because the cache is absent or outdated
Deep scanning /home/reza/woocommerce/plugins/woocommerce/src/Blocks/BlockTypes/ProductSpecifications.php
Parsing /home/reza/woocommerce/plugins/woocommerce/src/Blocks/BlockTypes/CartCrossSellsBlock.php because the cache is absent or outdated
Deep scanning /home/reza/woocommerce/plugins/woocommerce/src/Blocks/BlockTypes/CartCrossSellsBlock.php
Parsing /home/reza/woocommerce/plugins/woocommerce/src/Blocks/BlockTypes/ProductFilterPriceSlider.php because the cache is absent or outdated
Deep scanning /home/reza/woocommerce/plugins/woocommerce/src/Blocks/BlockTypes/ProductFilterPriceSlider.php
Parsing /home/reza/woocommerce/plugins/woocommerce/src/Blocks/BlockTypes/CartLink.php because the cache is absent or outdated
Deep scanning /home/reza/woocommerce/plugins/woocommerce/src/Blocks/BlockTypes/CartLink.php
Parsing /home/reza/woocommerce/plugins/woocommerce/src/Blocks/BlockTypes/ProductCategory.php because the cache is absent or outdated
Deep scanning /home/reza/woocommerce/plugins/woocommerce/src/Blocks/BlockTypes/ProductCategory.php
Parsing /home/reza/woocommerce/plugins/woocommerce/src/Blocks/BlockTypes/CartLineItemsBlock.php because the cache is absent or outdated
Deep scanning /home/reza/woocommerce/plugins/woocommerce/src/Blocks/BlockTypes/CartLineItemsBlock.php
Parsing /home/reza/woocommerce/plugins/woocommerce/src/Blocks/BlockTypes/ProductResultsCount.php because the cache is absent or outdated
Deep scanning /home/reza/woocommerce/plugins/woocommerce/src/Blocks/BlockTypes/ProductResultsCount.php
Parsing /home/reza/woocommerce/plugins/woocommerce/src/Blocks/BlockTypes/ProductFilterClearButton.php because the cache is absent or outdated
Deep scanning /home/reza/woocommerce/plugins/woocommerce/src/Blocks/BlockTypes/ProductFilterClearButton.php
Parsing /home/reza/woocommerce/plugins/woocommerce/src/Blocks/BlockTypes/EnableBlockJsonAssetsTrait.php because the cache is absent or outdated
Deep scanning /home/reza/woocommerce/plugins/woocommerce/src/Blocks/BlockTypes/EnableBlockJsonAssetsTrait.php
Parsing /home/reza/woocommerce/plugins/woocommerce/src/Blocks/BlockTypes/CheckoutExpressPaymentBlock.php because the cache is absent or outdated
Deep scanning /home/reza/woocommerce/plugins/woocommerce/src/Blocks/BlockTypes/CheckoutExpressPaymentBlock.php
Parsing /home/reza/woocommerce/plugins/woocommerce/src/Blocks/BlockTypes/ActiveFilters.php because the cache is absent or outdated
Deep scanning /home/reza/woocommerce/plugins/woocommerce/src/Blocks/BlockTypes/ActiveFilters.php
Parsing /home/reza/woocommerce/plugins/woocommerce/src/Blocks/BlockTypes/ProductTag.php because the cache is absent or outdated
Deep scanning /home/reza/woocommerce/plugins/woocommerce/src/Blocks/BlockTypes/ProductTag.php
Parsing /home/reza/woocommerce/plugins/woocommerce/src/Blocks/BlockTypes/CartOrderSummaryTaxesBlock.php because the cache is absent or outdated
Deep scanning /home/reza/woocommerce/plugins/woocommerce/src/Blocks/BlockTypes/CartOrderSummaryTaxesBlock.php
Parsing /home/reza/woocommerce/plugins/woocommerce/src/Blocks/BlockTypes/AbstractProductGrid.php because the cache is absent or outdated
Deep scanning /home/reza/woocommerce/plugins/woocommerce/src/Blocks/BlockTypes/AbstractProductGrid.php
Parsing /home/reza/woocommerce/plugins/woocommerce/src/Blocks/BlockTypes/CheckoutAdditionalInformationBlock.php because the cache is absent or outdated
Deep scanning /home/reza/woocommerce/plugins/woocommerce/src/Blocks/BlockTypes/CheckoutAdditionalInformationBlock.php
Parsing /home/reza/woocommerce/plugins/woocommerce/src/Blocks/BlockTypes/CheckoutBillingAddressBlock.php because the cache is absent or outdated
Deep scanning /home/reza/woocommerce/plugins/woocommerce/src/Blocks/BlockTypes/CheckoutBillingAddressBlock.php
Parsing /home/reza/woocommerce/plugins/woocommerce/src/Blocks/BlockTypes/StoreNotices.php because the cache is absent or outdated
Deep scanning /home/reza/woocommerce/plugins/woocommerce/src/Blocks/BlockTypes/StoreNotices.php
Parsing /home/reza/woocommerce/plugins/woocommerce/src/Blocks/BlockTypes/Checkout.php because the cache is absent or outdated
Deep scanning /home/reza/woocommerce/plugins/woocommerce/src/Blocks/BlockTypes/Checkout.php
Parsing /home/reza/woocommerce/plugins/woocommerce/src/Blocks/BlockTypes/CartOrderSummaryBlock.php because the cache is absent or outdated
Deep scanning /home/reza/woocommerce/plugins/woocommerce/src/Blocks/BlockTypes/CartOrderSummaryBlock.php
Parsing /home/reza/woocommerce/plugins/woocommerce/src/Blocks/BlockTypes/ProductTopRated.php because the cache is absent or outdated
Deep scanning /home/reza/woocommerce/plugins/woocommerce/src/Blocks/BlockTypes/ProductTopRated.php
Parsing /home/reza/woocommerce/plugins/woocommerce/src/Blocks/BlockTypes/MiniCartShoppingButtonBlock.php because the cache is absent or outdated
Deep scanning /home/reza/woocommerce/plugins/woocommerce/src/Blocks/BlockTypes/MiniCartShoppingButtonBlock.php
Parsing /home/reza/woocommerce/plugins/woocommerce/src/Blocks/BlockTypes/ProductGallery.php because the cache is absent or outdated
Deep scanning /home/reza/woocommerce/plugins/woocommerce/src/Blocks/BlockTypes/ProductGallery.php
Parsing /home/reza/woocommerce/plugins/woocommerce/src/Blocks/BlockTypes/CartOrderSummaryHeadingBlock.php because the cache is absent or outdated
Deep scanning /home/reza/woocommerce/plugins/woocommerce/src/Blocks/BlockTypes/CartOrderSummaryHeadingBlock.php
Parsing /home/reza/woocommerce/plugins/woocommerce/src/Blocks/BlockTypes/ProductFilterCheckboxList.php because the cache is absent or outdated
Deep scanning /home/reza/woocommerce/plugins/woocommerce/src/Blocks/BlockTypes/ProductFilterCheckboxList.php
Parsing /home/reza/woocommerce/plugins/woocommerce/src/Blocks/BlockTypes/CatalogSorting.php because the cache is absent or outdated
Deep scanning /home/reza/woocommerce/plugins/woocommerce/src/Blocks/BlockTypes/CatalogSorting.php
Parsing /home/reza/woocommerce/plugins/woocommerce/src/Blocks/BlockTypes/ClassicTemplate.php because the cache is absent or outdated
Deep scanning /home/reza/woocommerce/plugins/woocommerce/src/Blocks/BlockTypes/ClassicTemplate.php
Parsing /home/reza/woocommerce/plugins/woocommerce/src/Blocks/BlockTypes/AttributeFilter.php because the cache is absent or outdated
Deep scanning /home/reza/woocommerce/plugins/woocommerce/src/Blocks/BlockTypes/AttributeFilter.php
Parsing /home/reza/woocommerce/plugins/woocommerce/src/Blocks/BlockTypes/HandpickedProducts.php because the cache is absent or outdated
Deep scanning /home/reza/woocommerce/plugins/woocommerce/src/Blocks/BlockTypes/HandpickedProducts.php
Parsing /home/reza/woocommerce/plugins/woocommerce/src/Blocks/BlockTypes/CheckoutPickupOptionsBlock.php because the cache is absent or outdated
Deep scanning /home/reza/woocommerce/plugins/woocommerce/src/Blocks/BlockTypes/CheckoutPickupOptionsBlock.php
Parsing /home/reza/woocommerce/plugins/woocommerce/src/Blocks/BlockTypes/ProductQuery.php because the cache is absent or outdated
Deep scanning /home/reza/woocommerce/plugins/woocommerce/src/Blocks/BlockTypes/ProductQuery.php
Parsing /home/reza/woocommerce/plugins/woocommerce/src/Blocks/BlockTypes/CouponCode.php because the cache is absent or outdated
Deep scanning /home/reza/woocommerce/plugins/woocommerce/src/Blocks/BlockTypes/CouponCode.php
Parsing /home/reza/woocommerce/plugins/woocommerce/src/Blocks/BlockTypes/CheckoutActionsBlock.php because the cache is absent or outdated
Deep scanning /home/reza/woocommerce/plugins/woocommerce/src/Blocks/BlockTypes/CheckoutActionsBlock.php
Parsing /home/reza/woocommerce/plugins/woocommerce/src/Blocks/BlockTypes/CartOrderSummarySubtotalBlock.php because the cache is absent or outdated
Deep scanning /home/reza/woocommerce/plugins/woocommerce/src/Blocks/BlockTypes/CartOrderSummarySubtotalBlock.php
Parsing /home/reza/woocommerce/plugins/woocommerce/src/Blocks/BlockTypes/PageContentWrapper.php because the cache is absent or outdated
Deep scanning /home/reza/woocommerce/plugins/woocommerce/src/Blocks/BlockTypes/PageContentWrapper.php
Parsing /home/reza/woocommerce/plugins/woocommerce/src/Blocks/BlockTypes/Reviews/ProductReviewsTitle.php because the cache is absent or outdated
Deep scanning /home/reza/woocommerce/plugins/woocommerce/src/Blocks/BlockTypes/Reviews/ProductReviewsTitle.php
Parsing /home/reza/woocommerce/plugins/woocommerce/src/Blocks/BlockTypes/Reviews/ProductReviewsPaginationNext.php because the cache is absent or outdated
Deep scanning /home/reza/woocommerce/plugins/woocommerce/src/Blocks/BlockTypes/Reviews/ProductReviewsPaginationNext.php
Parsing /home/reza/woocommerce/plugins/woocommerce/src/Blocks/BlockTypes/Reviews/ProductReviewsPagination.php because the cache is absent or outdated
Deep scanning /home/reza/woocommerce/plugins/woocommerce/src/Blocks/BlockTypes/Reviews/ProductReviewsPagination.php
Parsing /home/reza/woocommerce/plugins/woocommerce/src/Blocks/BlockTypes/Reviews/ProductReviewRating.php because the cache is absent or outdated
Deep scanning /home/reza/woocommerce/plugins/woocommerce/src/Blocks/BlockTypes/Reviews/ProductReviewRating.php
Parsing /home/reza/woocommerce/plugins/woocommerce/src/Blocks/BlockTypes/Reviews/ProductReviewsPaginationNumbers.php because the cache is absent or outdated
Deep scanning /home/reza/woocommerce/plugins/woocommerce/src/Blocks/BlockTypes/Reviews/ProductReviewsPaginationNumbers.php
Parsing /home/reza/woocommerce/plugins/woocommerce/src/Blocks/BlockTypes/Reviews/ProductReviews.php because the cache is absent or outdated
Deep scanning /home/reza/woocommerce/plugins/woocommerce/src/Blocks/BlockTypes/Reviews/ProductReviews.php
Parsing /home/reza/woocommerce/plugins/woocommerce/src/Blocks/BlockTypes/Reviews/ProductReviewAuthorName.php because the cache is absent or outdated
Deep scanning /home/reza/woocommerce/plugins/woocommerce/src/Blocks/BlockTypes/Reviews/ProductReviewAuthorName.php
Parsing /home/reza/woocommerce/plugins/woocommerce/src/Blocks/BlockTypes/Reviews/ProductReviewForm.php because the cache is absent or outdated
Deep scanning /home/reza/woocommerce/plugins/woocommerce/src/Blocks/BlockTypes/Reviews/ProductReviewForm.php
Parsing /home/reza/woocommerce/plugins/woocommerce/src/Blocks/BlockTypes/Reviews/ProductReviewContent.php because the cache is absent or outdated
Deep scanning /home/reza/woocommerce/plugins/woocommerce/src/Blocks/BlockTypes/Reviews/ProductReviewContent.php
Parsing /home/reza/woocommerce/plugins/woocommerce/src/Blocks/BlockTypes/Reviews/ProductReviewsPaginationPrevious.php because the cache is absent or outdated
Deep scanning /home/reza/woocommerce/plugins/woocommerce/src/Blocks/BlockTypes/Reviews/ProductReviewsPaginationPrevious.php
Parsing /home/reza/woocommerce/plugins/woocommerce/src/Blocks/BlockTypes/Reviews/ProductReviewDate.php because the cache is absent or outdated
Deep scanning /home/reza/woocommerce/plugins/woocommerce/src/Blocks/BlockTypes/Reviews/ProductReviewDate.php
Parsing /home/reza/woocommerce/plugins/woocommerce/src/Blocks/BlockTypes/Reviews/ProductReviewTemplate.php because the cache is absent or outdated
Deep scanning /home/reza/woocommerce/plugins/woocommerce/src/Blocks/BlockTypes/Reviews/ProductReviewTemplate.php
Parsing /home/reza/woocommerce/plugins/woocommerce/src/Blocks/BlockTypes/CartOrderSummaryDiscountBlock.php because the cache is absent or outdated
Deep scanning /home/reza/woocommerce/plugins/woocommerce/src/Blocks/BlockTypes/CartOrderSummaryDiscountBlock.php
Parsing /home/reza/woocommerce/plugins/woocommerce/src/Blocks/BlockTypes/ClassicShortcode.php because the cache is absent or outdated
Deep scanning /home/reza/woocommerce/plugins/woocommerce/src/Blocks/BlockTypes/ClassicShortcode.php
Parsing /home/reza/woocommerce/plugins/woocommerce/src/Blocks/BlockTypes/ProductImageGallery.php because the cache is absent or outdated
Deep scanning /home/reza/woocommerce/plugins/woocommerce/src/Blocks/BlockTypes/ProductImageGallery.php
Parsing /home/reza/woocommerce/plugins/woocommerce/src/Blocks/BlockTypes/ProductStockIndicator.php because the cache is absent or outdated
Deep scanning /home/reza/woocommerce/plugins/woocommerce/src/Blocks/BlockTypes/ProductStockIndicator.php
Parsing /home/reza/woocommerce/plugins/woocommerce/src/Blocks/BlockTypes/CheckoutOrderSummarySubtotalBlock.php because the cache is absent or outdated
Deep scanning /home/reza/woocommerce/plugins/woocommerce/src/Blocks/BlockTypes/CheckoutOrderSummarySubtotalBlock.php
Parsing /home/reza/woocommerce/plugins/woocommerce/src/Blocks/BlockTypes/MiniCartTitleItemsCounterBlock.php because the cache is absent or outdated
Deep scanning /home/reza/woocommerce/plugins/woocommerce/src/Blocks/BlockTypes/MiniCartTitleItemsCounterBlock.php
Parsing /home/reza/woocommerce/plugins/woocommerce/src/Blocks/BlockTypes/AbstractInnerBlock.php because the cache is absent or outdated
Deep scanning /home/reza/woocommerce/plugins/woocommerce/src/Blocks/BlockTypes/AbstractInnerBlock.php
Parsing /home/reza/woocommerce/plugins/woocommerce/src/Blocks/BlockTypes/CheckoutTermsBlock.php because the cache is absent or outdated
Deep scanning /home/reza/woocommerce/plugins/woocommerce/src/Blocks/BlockTypes/CheckoutTermsBlock.php
Parsing /home/reza/woocommerce/plugins/woocommerce/src/Blocks/BlockTypes/Accordion/AccordionPanel.php because the cache is absent or outdated
Deep scanning /home/reza/woocommerce/plugins/woocommerce/src/Blocks/BlockTypes/Accordion/AccordionPanel.php
Parsing /home/reza/woocommerce/plugins/woocommerce/src/Blocks/BlockTypes/Accordion/AccordionGroup.php because the cache is absent or outdated
Deep scanning /home/reza/woocommerce/plugins/woocommerce/src/Blocks/BlockTypes/Accordion/AccordionGroup.php
Parsing /home/reza/woocommerce/plugins/woocommerce/src/Blocks/BlockTypes/Accordion/AccordionItem.php because the cache is absent or outdated
Deep scanning /home/reza/woocommerce/plugins/woocommerce/src/Blocks/BlockTypes/Accordion/AccordionItem.php
Parsing /home/reza/woocommerce/plugins/woocommerce/src/Blocks/BlockTypes/Accordion/AccordionHeader.php because the cache is absent or outdated
Deep scanning /home/reza/woocommerce/plugins/woocommerce/src/Blocks/BlockTypes/Accordion/AccordionHeader.php
Parsing /home/reza/woocommerce/plugins/woocommerce/src/Blocks/BlockTypes/CheckoutTotalsBlock.php because the cache is absent or outdated
Deep scanning /home/reza/woocommerce/plugins/woocommerce/src/Blocks/BlockTypes/CheckoutTotalsBlock.php
Parsing /home/reza/woocommerce/plugins/woocommerce/src/Blocks/BlockTypes/CustomerAccount.php because the cache is absent or outdated
Deep scanning /home/reza/woocommerce/plugins/woocommerce/src/Blocks/BlockTypes/CustomerAccount.php
Parsing /home/reza/woocommerce/plugins/woocommerce/src/Blocks/BlockTypes/CheckoutOrderSummaryTotalsBlock.php because the cache is absent or outdated
Deep scanning /home/reza/woocommerce/plugins/woocommerce/src/Blocks/BlockTypes/CheckoutOrderSummaryTotalsBlock.php
Parsing /home/reza/woocommerce/plugins/woocommerce/src/Blocks/BlockTypes/CheckoutShippingMethodsBlock.php because the cache is absent or outdated
Deep scanning /home/reza/woocommerce/plugins/woocommerce/src/Blocks/BlockTypes/CheckoutShippingMethodsBlock.php
Parsing /home/reza/woocommerce/plugins/woocommerce/src/Blocks/BlockTypes/FeaturedCategory.php because the cache is absent or outdated
Deep scanning /home/reza/woocommerce/plugins/woocommerce/src/Blocks/BlockTypes/FeaturedCategory.php
Parsing /home/reza/woocommerce/plugins/woocommerce/src/Blocks/BlockTypes/ProductRatingCounter.php because the cache is absent or outdated
Deep scanning /home/reza/woocommerce/plugins/woocommerce/src/Blocks/BlockTypes/ProductRatingCounter.php
Parsing /home/reza/woocommerce/plugins/woocommerce/src/Blocks/BlockTypes/ProductDetails.php because the cache is absent or outdated
Deep scanning /home/reza/woocommerce/plugins/woocommerce/src/Blocks/BlockTypes/ProductDetails.php
Parsing /home/reza/woocommerce/plugins/woocommerce/src/Blocks/BlockTypes/ProductTemplate.php because the cache is absent or outdated
Deep scanning /home/reza/woocommerce/plugins/woocommerce/src/Blocks/BlockTypes/ProductTemplate.php
Parsing /home/reza/woocommerce/plugins/woocommerce/src/Blocks/BlockTypes/ReviewsByCategory.php because the cache is absent or outdated
Deep scanning /home/reza/woocommerce/plugins/woocommerce/src/Blocks/BlockTypes/ReviewsByCategory.php
Parsing /home/reza/woocommerce/plugins/woocommerce/src/Blocks/BlockTypes/Wishlist.php because the cache is absent or outdated
Deep scanning /home/reza/woocommerce/plugins/woocommerce/src/Blocks/BlockTypes/Wishlist.php
Parsing /home/reza/woocommerce/plugins/woocommerce/src/Blocks/AI/Configuration.php because the cache is absent or outdated
Deep scanning /home/reza/woocommerce/plugins/woocommerce/src/Blocks/AI/Configuration.php
Parsing /home/reza/woocommerce/plugins/woocommerce/src/Blocks/AI/Connection.php because the cache is absent or outdated
Deep scanning /home/reza/woocommerce/plugins/woocommerce/src/Blocks/AI/Connection.php
Parsing /home/reza/woocommerce/plugins/woocommerce/src/Blocks/InboxNotifications.php because the cache is absent or outdated
Deep scanning /home/reza/woocommerce/plugins/woocommerce/src/Blocks/InboxNotifications.php
Parsing /home/reza/woocommerce/plugins/woocommerce/src/Blocks/Assets.php because the cache is absent or outdated
Deep scanning /home/reza/woocommerce/plugins/woocommerce/src/Blocks/Assets.php
Parsing /home/reza/woocommerce/plugins/woocommerce/src/Blocks/Shipping/PickupLocation.php because the cache is absent or outdated
Deep scanning /home/reza/woocommerce/plugins/woocommerce/src/Blocks/Shipping/PickupLocation.php
Parsing /home/reza/woocommerce/plugins/woocommerce/src/Blocks/Shipping/PickupLocationsRestController.php because the cache is absent or outdated
Deep scanning /home/reza/woocommerce/plugins/woocommerce/src/Blocks/Shipping/PickupLocationsRestController.php
Parsing /home/reza/woocommerce/plugins/woocommerce/src/Blocks/Shipping/ShippingController.php because the cache is absent or outdated
Deep scanning /home/reza/woocommerce/plugins/woocommerce/src/Blocks/Shipping/ShippingController.php
Parsing /home/reza/woocommerce/plugins/woocommerce/src/Blocks/Patterns/PTKPatternsStore.php because the cache is absent or outdated
Deep scanning /home/reza/woocommerce/plugins/woocommerce/src/Blocks/Patterns/PTKPatternsStore.php
Parsing /home/reza/woocommerce/plugins/woocommerce/src/Blocks/Patterns/PTKClient.php because the cache is absent or outdated
Deep scanning /home/reza/woocommerce/plugins/woocommerce/src/Blocks/Patterns/PTKClient.php
Parsing /home/reza/woocommerce/plugins/woocommerce/src/Blocks/Patterns/AIPatterns.php because the cache is absent or outdated
Deep scanning /home/reza/woocommerce/plugins/woocommerce/src/Blocks/Patterns/AIPatterns.php
Parsing /home/reza/woocommerce/plugins/woocommerce/src/Blocks/Patterns/PatternRegistry.php because the cache is absent or outdated
Deep scanning /home/reza/woocommerce/plugins/woocommerce/src/Blocks/Patterns/PatternRegistry.php
Parsing /home/reza/woocommerce/plugins/woocommerce/src/Blocks/QueryFilters.php because the cache is absent or outdated
Deep scanning /home/reza/woocommerce/plugins/woocommerce/src/Blocks/QueryFilters.php
Parsing /home/reza/woocommerce/plugins/woocommerce/src/Blocks/BlockTypesController.php because the cache is absent or outdated
Deep scanning /home/reza/woocommerce/plugins/woocommerce/src/Blocks/BlockTypesController.php
Parsing /home/reza/woocommerce/plugins/woocommerce/src/Blocks/Domain/Bootstrap.php because the cache is absent or outdated
Deep scanning /home/reza/woocommerce/plugins/woocommerce/src/Blocks/Domain/Bootstrap.php
Parsing /home/reza/woocommerce/plugins/woocommerce/src/Blocks/Domain/BlockRegistrationContext.php because the cache is absent or outdated
Deep scanning /home/reza/woocommerce/plugins/woocommerce/src/Blocks/Domain/BlockRegistrationContext.php
Parsing /home/reza/woocommerce/plugins/woocommerce/src/Blocks/Domain/Services/Email/CustomerNewAccount.php because the cache is absent or outdated
Deep scanning /home/reza/woocommerce/plugins/woocommerce/src/Blocks/Domain/Services/Email/CustomerNewAccount.php
Parsing /home/reza/woocommerce/plugins/woocommerce/src/Blocks/Domain/Services/Hydration.php because the cache is absent or outdated
Deep scanning /home/reza/woocommerce/plugins/woocommerce/src/Blocks/Domain/Services/Hydration.php
Deep scanning /home/reza/woocommerce/plugins/woocommerce/src/Blocks/Domain/Services/FeatureGating.php
Parsing /home/reza/woocommerce/plugins/woocommerce/src/Blocks/Domain/Services/Notices.php because the cache is absent or outdated
Deep scanning /home/reza/woocommerce/plugins/woocommerce/src/Blocks/Domain/Services/Notices.php
Parsing /home/reza/woocommerce/plugins/woocommerce/src/Blocks/Domain/Services/CheckoutFieldTypes/TextFieldType.php because the cache is absent or outdated
Deep scanning /home/reza/woocommerce/plugins/woocommerce/src/Blocks/Domain/Services/CheckoutFieldTypes/TextFieldType.php
Deep scanning /home/reza/woocommerce/plugins/woocommerce/src/Blocks/Domain/Services/CheckoutFieldTypes/AbstractFieldType.php
Parsing /home/reza/woocommerce/plugins/woocommerce/src/Blocks/Domain/Services/CheckoutFieldTypes/CheckboxFieldType.php because the cache is absent or outdated
Deep scanning /home/reza/woocommerce/plugins/woocommerce/src/Blocks/Domain/Services/CheckoutFieldTypes/CheckboxFieldType.php
Parsing /home/reza/woocommerce/plugins/woocommerce/src/Blocks/Domain/Services/CheckoutFieldTypes/DateFieldType.php because the cache is absent or outdated
Deep scanning /home/reza/woocommerce/plugins/woocommerce/src/Blocks/Domain/Services/CheckoutFieldTypes/DateFieldType.php
Parsing /home/reza/woocommerce/plugins/woocommerce/src/Blocks/Domain/Services/CheckoutFieldTypes/SelectFieldType.php because the cache is absent or outdated
Deep scanning /home/reza/woocommerce/plugins/woocommerce/src/Blocks/Domain/Services/CheckoutFieldTypes/SelectFieldType.php
Parsing /home/reza/woocommerce/plugins/woocommerce/src/Blocks/Domain/Services/GoogleAnalytics.php because the cache is absent or outdated
Deep scanning /home/reza/woocommerce/plugins/woocommerce/src/Blocks/Domain/Services/GoogleAnalytics.php
Parsing /home/reza/woocommerce/plugins/woocommerce/src/Blocks/Domain/Services/CheckoutFieldsFrontend.php because the cache is absent or outdated
Deep scanning /home/reza/woocommerce/plugins/woocommerce/src/Blocks/Domain/Services/CheckoutFieldsFrontend.php
Parsing /home/reza/woocommerce/plugins/woocommerce/src/Blocks/Domain/Services/CheckoutFieldsAdmin.php because the cache is absent or outdated
Deep scanning /home/reza/woocommerce/plugins/woocommerce/src/Blocks/Domain/Services/CheckoutFieldsAdmin.php
Deep scanning /home/reza/woocommerce/plugins/woocommerce/src/Blocks/Domain/Services/CheckoutFieldsSchema/DocumentObject.php
Parsing /home/reza/woocommerce/plugins/woocommerce/src/Blocks/Domain/Services/CheckoutFieldsSchema/Validation.php because the cache is absent or outdated
Deep scanning /home/reza/woocommerce/plugins/woocommerce/src/Blocks/Domain/Services/CheckoutFieldsSchema/Validation.php
Parsing /home/reza/woocommerce/plugins/woocommerce/src/Blocks/Domain/Services/CheckoutLink.php because the cache is absent or outdated
Deep scanning /home/reza/woocommerce/plugins/woocommerce/src/Blocks/Domain/Services/CheckoutLink.php
Deep scanning /home/reza/woocommerce/plugins/woocommerce/src/Blocks/Domain/Services/CheckoutFields.php
Parsing /home/reza/woocommerce/plugins/woocommerce/src/Blocks/Domain/Services/CreateAccount.php because the cache is absent or outdated
Deep scanning /home/reza/woocommerce/plugins/woocommerce/src/Blocks/Domain/Services/CreateAccount.php
Deep scanning /home/reza/woocommerce/plugins/woocommerce/src/Blocks/Domain/Services/CheckoutFieldsStorage.php
Parsing /home/reza/woocommerce/plugins/woocommerce/src/Blocks/Domain/Services/CoreCheckoutFields.php because the cache is absent or outdated
Deep scanning /home/reza/woocommerce/plugins/woocommerce/src/Blocks/Domain/Services/CoreCheckoutFields.php
Parsing /home/reza/woocommerce/plugins/woocommerce/src/Blocks/Domain/Services/DraftOrders.php because the cache is absent or outdated
Deep scanning /home/reza/woocommerce/plugins/woocommerce/src/Blocks/Domain/Services/DraftOrders.php
Deep scanning /home/reza/woocommerce/plugins/woocommerce/src/Blocks/Domain/Package.php
Parsing /home/reza/woocommerce/plugins/woocommerce/src/Blocks/CoreBreadcrumbsCompatibility.php because the cache is absent or outdated
Deep scanning /home/reza/woocommerce/plugins/woocommerce/src/Blocks/CoreBreadcrumbsCompatibility.php
Parsing /home/reza/woocommerce/plugins/woocommerce/src/Blocks/Library.php because the cache is absent or outdated
Deep scanning /home/reza/woocommerce/plugins/woocommerce/src/Blocks/Library.php
Parsing /home/reza/woocommerce/plugins/woocommerce/src/LayoutTemplates/LayoutTemplateRegistry.php because the cache is absent or outdated
Deep scanning /home/reza/woocommerce/plugins/woocommerce/src/LayoutTemplates/LayoutTemplateRegistry.php
Deep scanning /home/reza/woocommerce/plugins/woocommerce/src/StoreApi/Exceptions/NotPurchasableException.php
Deep scanning /home/reza/woocommerce/plugins/woocommerce/src/StoreApi/Exceptions/TooManyInCartException.php
Deep scanning /home/reza/woocommerce/plugins/woocommerce/src/StoreApi/Exceptions/PartialOutOfStockException.php
Deep scanning /home/reza/woocommerce/plugins/woocommerce/src/StoreApi/Exceptions/InvalidStockLevelsInCartException.php
Deep scanning /home/reza/woocommerce/plugins/woocommerce/src/StoreApi/Exceptions/StockAvailabilityException.php
Deep scanning /home/reza/woocommerce/plugins/woocommerce/src/StoreApi/Exceptions/InvalidCartException.php
Deep scanning /home/reza/woocommerce/plugins/woocommerce/src/StoreApi/Exceptions/OutOfStockException.php
Deep scanning /home/reza/woocommerce/plugins/woocommerce/src/StoreApi/Routes/V1/ProductsBySlug.php
Deep scanning /home/reza/woocommerce/plugins/woocommerce/src/StoreApi/Routes/V1/ShopperListItems.php
Deep scanning /home/reza/woocommerce/plugins/woocommerce/src/StoreApi/Routes/V1/ShopperListItemsByKey.php
Parsing /home/reza/woocommerce/plugins/woocommerce/src/StoreApi/Routes/V1/AI/Middleware.php because the cache is absent or outdated
Deep scanning /home/reza/woocommerce/plugins/woocommerce/src/StoreApi/Routes/V1/AI/Middleware.php
Parsing /home/reza/woocommerce/plugins/woocommerce/src/StoreApi/Routes/V1/AI/Products.php because the cache is absent or outdated
Deep scanning /home/reza/woocommerce/plugins/woocommerce/src/StoreApi/Routes/V1/AI/Products.php
Deep scanning /home/reza/woocommerce/plugins/woocommerce/src/StoreApi/Routes/V1/ShopperListsNonceCheck.php
Deep scanning /home/reza/woocommerce/plugins/woocommerce/src/StoreApi/Routes/V1/Patterns.php
Deep scanning /home/reza/woocommerce/plugins/woocommerce/src/StoreApi/Routes/V1/ShopperLists.php
Deep scanning /home/reza/woocommerce/plugins/woocommerce/src/StoreApi/Routes/V1/CheckoutOrder.php
Deep scanning /home/reza/woocommerce/plugins/woocommerce/src/StoreApi/Routes/V1/Order.php
Deep scanning /home/reza/woocommerce/plugins/woocommerce/src/StoreApi/Routes/V1/ProductBrands.php
Deep scanning /home/reza/woocommerce/plugins/woocommerce/src/StoreApi/Routes/V1/ShopperListsBySlug.php
Deep scanning /home/reza/woocommerce/plugins/woocommerce/src/StoreApi/Routes/V1/ProductBrandsById.php
Parsing /home/reza/woocommerce/plugins/woocommerce/src/StoreApi/Legacy.php because the cache is absent or outdated
Deep scanning /home/reza/woocommerce/plugins/woocommerce/src/StoreApi/Legacy.php
Deep scanning /home/reza/woocommerce/plugins/woocommerce/src/StoreApi/Utilities/PaymentUtils.php
Deep scanning /home/reza/woocommerce/plugins/woocommerce/src/StoreApi/Utilities/QuantityLimits.php
Deep scanning /home/reza/woocommerce/plugins/woocommerce/src/StoreApi/Utilities/OrderController.php
Parsing /home/reza/woocommerce/plugins/woocommerce/src/StoreApi/Utilities/ArrayUtils.php because the cache is absent or outdated
Deep scanning /home/reza/woocommerce/plugins/woocommerce/src/StoreApi/Utilities/ArrayUtils.php
Deep scanning /home/reza/woocommerce/plugins/woocommerce/src/StoreApi/Utilities/ValidationUtils.php
Parsing /home/reza/woocommerce/plugins/woocommerce/src/StoreApi/Utilities/RateLimits.php because the cache is absent or outdated
Deep scanning /home/reza/woocommerce/plugins/woocommerce/src/StoreApi/Utilities/RateLimits.php
Parsing /home/reza/woocommerce/plugins/woocommerce/src/StoreApi/Utilities/JsonWebToken.php because the cache is absent or outdated
Deep scanning /home/reza/woocommerce/plugins/woocommerce/src/StoreApi/Utilities/JsonWebToken.php
Parsing /home/reza/woocommerce/plugins/woocommerce/src/StoreApi/Utilities/LocalPickupUtils.php because the cache is absent or outdated
Deep scanning /home/reza/woocommerce/plugins/woocommerce/src/StoreApi/Utilities/LocalPickupUtils.php
Parsing /home/reza/woocommerce/plugins/woocommerce/src/StoreApi/Utilities/NoticeHandler.php because the cache is absent or outdated
Deep scanning /home/reza/woocommerce/plugins/woocommerce/src/StoreApi/Utilities/NoticeHandler.php
Deep scanning /home/reza/woocommerce/plugins/woocommerce/src/StoreApi/Utilities/ProductQuery.php
Deep scanning /home/reza/woocommerce/plugins/woocommerce/src/StoreApi/Utilities/ProductQueryFilters.php
Deep scanning /home/reza/woocommerce/plugins/woocommerce/src/StoreApi/Utilities/CartTokenUtils.php
Deep scanning /home/reza/woocommerce/plugins/woocommerce/src/StoreApi/Utilities/SanitizationUtils.php
Deep scanning /home/reza/woocommerce/plugins/woocommerce/src/StoreApi/Utilities/OrderAuthorizationTrait.php
Deep scanning /home/reza/woocommerce/plugins/woocommerce/src/StoreApi/Utilities/Pagination.php
Deep scanning /home/reza/woocommerce/plugins/woocommerce/src/StoreApi/Utilities/CartController.php
Deep scanning /home/reza/woocommerce/plugins/woocommerce/src/StoreApi/Formatters/FormatterInterface.php
Parsing /home/reza/woocommerce/plugins/woocommerce/src/StoreApi/Formatters/MoneyFormatter.php because the cache is absent or outdated
Deep scanning /home/reza/woocommerce/plugins/woocommerce/src/StoreApi/Formatters/MoneyFormatter.php
Deep scanning /home/reza/woocommerce/plugins/woocommerce/src/StoreApi/Formatters/DefaultFormatter.php
Parsing /home/reza/woocommerce/plugins/woocommerce/src/StoreApi/Formatters/HtmlFormatter.php because the cache is absent or outdated
Deep scanning /home/reza/woocommerce/plugins/woocommerce/src/StoreApi/Formatters/HtmlFormatter.php
Parsing /home/reza/woocommerce/plugins/woocommerce/src/StoreApi/Formatters/CurrencyFormatter.php because the cache is absent or outdated
Deep scanning /home/reza/woocommerce/plugins/woocommerce/src/StoreApi/Formatters/CurrencyFormatter.php
Deep scanning /home/reza/woocommerce/plugins/woocommerce/src/StoreApi/StoreApi.php
Deep scanning /home/reza/woocommerce/plugins/woocommerce/src/StoreApi/SessionHandler.php
Parsing /home/reza/woocommerce/plugins/woocommerce/src/StoreApi/Authentication.php because the cache is absent or outdated
Deep scanning /home/reza/woocommerce/plugins/woocommerce/src/StoreApi/Authentication.php
Deep scanning /home/reza/woocommerce/plugins/woocommerce/src/StoreApi/Schemas/V1/ProductAttributeTermSchema.php
Deep scanning /home/reza/woocommerce/plugins/woocommerce/src/StoreApi/Schemas/V1/ShopperListItemSchema.php
Deep scanning /home/reza/woocommerce/plugins/woocommerce/src/StoreApi/Schemas/V1/ProductBrandSchema.php
Deep scanning /home/reza/woocommerce/plugins/woocommerce/src/StoreApi/Schemas/V1/ShopperListSchema.php
Deep scanning /home/reza/woocommerce/plugins/woocommerce/src/StoreApi/Schemas/V1/PatternsSchema.php
Parsing /home/reza/woocommerce/plugins/woocommerce/src/StoreApi/Schemas/V1/AI/ProductsSchema.php because the cache is absent or outdated
Deep scanning /home/reza/woocommerce/plugins/woocommerce/src/StoreApi/Schemas/V1/AI/ProductsSchema.php
Deep scanning /home/reza/woocommerce/plugins/woocommerce/src/StoreApi/Schemas/V1/OrderItemSchema.php
Deep scanning /home/reza/woocommerce/plugins/woocommerce/src/StoreApi/Schemas/V1/CheckoutOrderSchema.php
Deep scanning /home/reza/woocommerce/plugins/woocommerce/src/StoreApi/Schemas/V1/OrderFeeSchema.php
Deep scanning /home/reza/woocommerce/plugins/woocommerce/src/StoreApi/Schemas/V1/OrderSchema.php
Deep scanning /home/reza/woocommerce/plugins/woocommerce/src/StoreApi/Schemas/V1/BatchSchema.php
Parsing /home/reza/woocommerce/plugins/woocommerce/src/Caching/CacheException.php because the cache is absent or outdated
Deep scanning /home/reza/woocommerce/plugins/woocommerce/src/Caching/CacheException.php
Parsing /home/reza/woocommerce/plugins/woocommerce/src/Caching/WPCacheEngine.php because the cache is absent or outdated
Deep scanning /home/reza/woocommerce/plugins/woocommerce/src/Caching/WPCacheEngine.php
Parsing /home/reza/woocommerce/plugins/woocommerce/src/Caching/ObjectCache.php because the cache is absent or outdated
Deep scanning /home/reza/woocommerce/plugins/woocommerce/src/Caching/ObjectCache.php
Parsing /home/reza/woocommerce/plugins/woocommerce/src/Caching/CacheNameSpaceTrait.php because the cache is absent or outdated
Deep scanning /home/reza/woocommerce/plugins/woocommerce/src/Caching/CacheNameSpaceTrait.php
Parsing /home/reza/woocommerce/plugins/woocommerce/src/Caching/CacheEngine.php because the cache is absent or outdated
Deep scanning /home/reza/woocommerce/plugins/woocommerce/src/Caching/CacheEngine.php
Parsing /home/reza/woocommerce/plugins/woocommerce/src/Abilities/AbilityDefinition.php because the cache is absent or outdated
Deep scanning /home/reza/woocommerce/plugins/woocommerce/src/Abilities/AbilityDefinition.php
Parsing /home/reza/woocommerce/plugins/woocommerce/src/Utilities/MetaDataUtil.php because the cache is absent or outdated
Deep scanning /home/reza/woocommerce/plugins/woocommerce/src/Utilities/MetaDataUtil.php
Parsing /home/reza/woocommerce/plugins/woocommerce/src/Utilities/CallbackUtil.php because the cache is absent or outdated
Deep scanning /home/reza/woocommerce/plugins/woocommerce/src/Utilities/CallbackUtil.php
Parsing /home/reza/woocommerce/plugins/woocommerce/src/Utilities/ArrayUtil.php because the cache is absent or outdated
Deep scanning /home/reza/woocommerce/plugins/woocommerce/src/Utilities/ArrayUtil.php
Parsing /home/reza/woocommerce/plugins/woocommerce/src/Utilities/FeaturesUtil.php because the cache is absent or outdated
Deep scanning /home/reza/woocommerce/plugins/woocommerce/src/Utilities/FeaturesUtil.php
Parsing /home/reza/woocommerce/plugins/woocommerce/src/Utilities/LoggingUtil.php because the cache is absent or outdated
Deep scanning /home/reza/woocommerce/plugins/woocommerce/src/Utilities/LoggingUtil.php
Deep scanning /home/reza/woocommerce/plugins/woocommerce/src/Utilities/TimeUtil.php
Parsing /home/reza/woocommerce/plugins/woocommerce/src/Utilities/DiscountsUtil.php because the cache is absent or outdated
Deep scanning /home/reza/woocommerce/plugins/woocommerce/src/Utilities/DiscountsUtil.php
Parsing /home/reza/woocommerce/plugins/woocommerce/src/Utilities/I18nUtil.php because the cache is absent or outdated
Deep scanning /home/reza/woocommerce/plugins/woocommerce/src/Utilities/I18nUtil.php
Parsing /home/reza/woocommerce/plugins/woocommerce/src/Utilities/RestApiUtil.php because the cache is absent or outdated
Deep scanning /home/reza/woocommerce/plugins/woocommerce/src/Utilities/RestApiUtil.php
Parsing /home/reza/woocommerce/plugins/woocommerce/src/Utilities/StringUtil.php because the cache is absent or outdated
Deep scanning /home/reza/woocommerce/plugins/woocommerce/src/Utilities/StringUtil.php
Parsing /home/reza/woocommerce/plugins/woocommerce/src/Utilities/NumberUtil.php because the cache is absent or outdated
Deep scanning /home/reza/woocommerce/plugins/woocommerce/src/Utilities/NumberUtil.php
Parsing /home/reza/woocommerce/plugins/woocommerce/src/Utilities/ShippingUtil.php because the cache is absent or outdated
Deep scanning /home/reza/woocommerce/plugins/woocommerce/src/Utilities/ShippingUtil.php
Parsing /home/reza/woocommerce/plugins/woocommerce/src/Utilities/PluginUtil.php because the cache is absent or outdated
Deep scanning /home/reza/woocommerce/plugins/woocommerce/src/Utilities/PluginUtil.php
Parsing /home/reza/woocommerce/plugins/woocommerce/src/Utilities/OrderUtil.php because the cache is absent or outdated
Deep scanning /home/reza/woocommerce/plugins/woocommerce/src/Utilities/OrderUtil.php
Parsing /home/reza/woocommerce/plugins/woocommerce/src/Enums/FeaturePluginCompatibility.php because the cache is absent or outdated
Deep scanning /home/reza/woocommerce/plugins/woocommerce/src/Enums/FeaturePluginCompatibility.php
Parsing /home/reza/woocommerce/plugins/woocommerce/src/Enums/CatalogSortOrder.php because the cache is absent or outdated
Deep scanning /home/reza/woocommerce/plugins/woocommerce/src/Enums/CatalogSortOrder.php
Parsing /home/reza/woocommerce/plugins/woocommerce/src/Enums/OrderInternalStatus.php because the cache is absent or outdated
Deep scanning /home/reza/woocommerce/plugins/woocommerce/src/Enums/OrderInternalStatus.php
Deep scanning /home/reza/woocommerce/plugins/woocommerce/src/Enums/CatalogVisibility.php
Deep scanning /home/reza/woocommerce/plugins/woocommerce/src/Enums/WeightUnit.php
Parsing /home/reza/woocommerce/plugins/woocommerce/src/Enums/DefaultCustomerAddress.php because the cache is absent or outdated
Deep scanning /home/reza/woocommerce/plugins/woocommerce/src/Enums/DefaultCustomerAddress.php
Deep scanning /home/reza/woocommerce/plugins/woocommerce/src/Enums/ProductStatus.php
Deep scanning /home/reza/woocommerce/plugins/woocommerce/src/Enums/ProductStockStatus.php
Parsing /home/reza/woocommerce/plugins/woocommerce/src/Enums/ProductTaxStatus.php because the cache is absent or outdated
Deep scanning /home/reza/woocommerce/plugins/woocommerce/src/Enums/ProductTaxStatus.php
Parsing /home/reza/woocommerce/plugins/woocommerce/src/Enums/PaymentGatewayFeature.php because the cache is absent or outdated
Deep scanning /home/reza/woocommerce/plugins/woocommerce/src/Enums/PaymentGatewayFeature.php
Deep scanning /home/reza/woocommerce/plugins/woocommerce/src/Enums/OrderStatus.php
Deep scanning /home/reza/woocommerce/plugins/woocommerce/src/Enums/TaxDisplayMode.php
Deep scanning /home/reza/woocommerce/plugins/woocommerce/src/Enums/ProductType.php
Parsing /home/reza/woocommerce/plugins/woocommerce/src/Enums/OrderItemType.php because the cache is absent or outdated
Deep scanning /home/reza/woocommerce/plugins/woocommerce/src/Enums/OrderItemType.php
Deep scanning /home/reza/woocommerce/plugins/woocommerce/src/Enums/StockDisplayFormat.php
Parsing /home/reza/woocommerce/plugins/woocommerce/src/Enums/TaxBasedOn.php because the cache is absent or outdated
Deep scanning /home/reza/woocommerce/plugins/woocommerce/src/Enums/TaxBasedOn.php
Parsing /home/reza/woocommerce/plugins/woocommerce/src/Enums/DimensionUnit.php because the cache is absent or outdated
Deep scanning /home/reza/woocommerce/plugins/woocommerce/src/Enums/DimensionUnit.php
Parsing /home/reza/woocommerce/plugins/woocommerce/src/Enums/CurrencyPosition.php because the cache is absent or outdated
Deep scanning /home/reza/woocommerce/plugins/woocommerce/src/Enums/CurrencyPosition.php
Deep scanning /home/reza/woocommerce/plugins/woocommerce/src/Checkout/Helpers/ReserveStockException.php
Parsing /home/reza/woocommerce/plugins/woocommerce/src/Checkout/Helpers/ReserveStock.php because the cache is absent or outdated
Deep scanning /home/reza/woocommerce/plugins/woocommerce/src/Checkout/Helpers/ReserveStock.php
Parsing /home/reza/woocommerce/plugins/woocommerce/src/Container.php because the cache is absent or outdated
Deep scanning /home/reza/woocommerce/plugins/woocommerce/src/Container.php
Deep scanning /home/reza/woocommerce/plugins/woocommerce/src/Autoloader.php
Parsing /home/reza/woocommerce/plugins/woocommerce/src/Database/Migrations/MigrationHelper.php because the cache is absent or outdated
Deep scanning /home/reza/woocommerce/plugins/woocommerce/src/Database/Migrations/MigrationHelper.php
Parsing /home/reza/woocommerce/plugins/woocommerce/src/Database/Migrations/TableMigrator.php because the cache is absent or outdated
Deep scanning /home/reza/woocommerce/plugins/woocommerce/src/Database/Migrations/TableMigrator.php
Parsing /home/reza/woocommerce/plugins/woocommerce/src/Database/Migrations/MetaToMetaTableMigrator.php because the cache is absent or outdated
Deep scanning /home/reza/woocommerce/plugins/woocommerce/src/Database/Migrations/MetaToMetaTableMigrator.php
Parsing /home/reza/woocommerce/plugins/woocommerce/src/Database/Migrations/CustomOrderTable/CLIRunner.php because the cache is absent or outdated
Deep scanning /home/reza/woocommerce/plugins/woocommerce/src/Database/Migrations/CustomOrderTable/CLIRunner.php
Parsing /home/reza/woocommerce/plugins/woocommerce/src/Database/Migrations/CustomOrderTable/PostToOrderOpTableMigrator.php because the cache is absent or outdated
Deep scanning /home/reza/woocommerce/plugins/woocommerce/src/Database/Migrations/CustomOrderTable/PostToOrderOpTableMigrator.php
Parsing /home/reza/woocommerce/plugins/woocommerce/src/Database/Migrations/CustomOrderTable/PostMetaToOrderMetaMigrator.php because the cache is absent or outdated
Deep scanning /home/reza/woocommerce/plugins/woocommerce/src/Database/Migrations/CustomOrderTable/PostMetaToOrderMetaMigrator.php
Parsing /home/reza/woocommerce/plugins/woocommerce/src/Database/Migrations/CustomOrderTable/PostToOrderTableMigrator.php because the cache is absent or outdated
Deep scanning /home/reza/woocommerce/plugins/woocommerce/src/Database/Migrations/CustomOrderTable/PostToOrderTableMigrator.php
Parsing /home/reza/woocommerce/plugins/woocommerce/src/Database/Migrations/CustomOrderTable/PostsToOrdersMigrationController.php because the cache is absent or outdated
Deep scanning /home/reza/woocommerce/plugins/woocommerce/src/Database/Migrations/CustomOrderTable/PostsToOrdersMigrationController.php
Parsing /home/reza/woocommerce/plugins/woocommerce/src/Database/Migrations/CustomOrderTable/PostToOrderAddressTableMigrator.php because the cache is absent or outdated
Deep scanning /home/reza/woocommerce/plugins/woocommerce/src/Database/Migrations/CustomOrderTable/PostToOrderAddressTableMigrator.php
Parsing /home/reza/woocommerce/plugins/woocommerce/src/Database/Migrations/MetaToCustomTableMigrator.php because the cache is absent or outdated
Deep scanning /home/reza/woocommerce/plugins/woocommerce/src/Database/Migrations/MetaToCustomTableMigrator.php
Parsing /home/reza/woocommerce/plugins/woocommerce/src/Proxies/ActionsProxy.php because the cache is absent or outdated
Deep scanning /home/reza/woocommerce/plugins/woocommerce/src/Proxies/ActionsProxy.php
Parsing /home/reza/woocommerce/plugins/woocommerce/src/Proxies/LegacyProxy.php because the cache is absent or outdated
Deep scanning /home/reza/woocommerce/plugins/woocommerce/src/Proxies/LegacyProxy.php
Parsing /home/reza/woocommerce/plugins/woocommerce/src/Internal/Email/EmailStyleSync.php because the cache is absent or outdated
Deep scanning /home/reza/woocommerce/plugins/woocommerce/src/Internal/Email/EmailStyleSync.php
Parsing /home/reza/woocommerce/plugins/woocommerce/src/Internal/Email/DeferredEmailQueue.php because the cache is absent or outdated
Deep scanning /home/reza/woocommerce/plugins/woocommerce/src/Internal/Email/DeferredEmailQueue.php
Parsing /home/reza/woocommerce/plugins/woocommerce/src/Internal/Email/OrderPriceFormatter.php because the cache is absent or outdated
Deep scanning /home/reza/woocommerce/plugins/woocommerce/src/Internal/Email/OrderPriceFormatter.php
Parsing /home/reza/woocommerce/plugins/woocommerce/src/Internal/Email/EmailLogger.php because the cache is absent or outdated
Deep scanning /home/reza/woocommerce/plugins/woocommerce/src/Internal/Email/EmailLogger.php
Parsing /home/reza/woocommerce/plugins/woocommerce/src/Internal/Email/EmailColors.php because the cache is absent or outdated
Deep scanning /home/reza/woocommerce/plugins/woocommerce/src/Internal/Email/EmailColors.php
Parsing /home/reza/woocommerce/plugins/woocommerce/src/Internal/Email/EmailFont.php because the cache is absent or outdated
Deep scanning /home/reza/woocommerce/plugins/woocommerce/src/Internal/Email/EmailFont.php
Parsing /home/reza/woocommerce/plugins/woocommerce/src/Internal/Email/EmailHeaders.php because the cache is absent or outdated
Deep scanning /home/reza/woocommerce/plugins/woocommerce/src/Internal/Email/EmailHeaders.php
Parsing /home/reza/woocommerce/plugins/woocommerce/src/Internal/Integrations/WPPostsImporter.php because the cache is absent or outdated
Deep scanning /home/reza/woocommerce/plugins/woocommerce/src/Internal/Integrations/WPPostsImporter.php
Parsing /home/reza/woocommerce/plugins/woocommerce/src/Internal/Integrations/WPConsentAPI.php because the cache is absent or outdated
Deep scanning /home/reza/woocommerce/plugins/woocommerce/src/Internal/Integrations/WPConsentAPI.php
Parsing /home/reza/woocommerce/plugins/woocommerce/src/Internal/AssignDefaultCategory.php because the cache is absent or outdated
Deep scanning /home/reza/woocommerce/plugins/woocommerce/src/Internal/AssignDefaultCategory.php
Parsing /home/reza/woocommerce/plugins/woocommerce/src/Internal/DependencyManagement/RuntimeContainer.php because the cache is absent or outdated
Deep scanning /home/reza/woocommerce/plugins/woocommerce/src/Internal/DependencyManagement/RuntimeContainer.php
Parsing /home/reza/woocommerce/plugins/woocommerce/src/Internal/DependencyManagement/ContainerException.php because the cache is absent or outdated
Deep scanning /home/reza/woocommerce/plugins/woocommerce/src/Internal/DependencyManagement/ContainerException.php
Parsing /home/reza/woocommerce/plugins/woocommerce/src/Internal/ScheduledSaleRun.php because the cache is absent or outdated
Deep scanning /home/reza/woocommerce/plugins/woocommerce/src/Internal/ScheduledSaleRun.php
Parsing /home/reza/woocommerce/plugins/woocommerce/src/Internal/OrderWithdrawal/OrderWithdrawalFormProcessor.php because the cache is absent or outdated
Deep scanning /home/reza/woocommerce/plugins/woocommerce/src/Internal/OrderWithdrawal/OrderWithdrawalFormProcessor.php
Parsing /home/reza/woocommerce/plugins/woocommerce/src/Internal/OrderWithdrawal/OrderWithdrawalController.php because the cache is absent or outdated
Deep scanning /home/reza/woocommerce/plugins/woocommerce/src/Internal/OrderWithdrawal/OrderWithdrawalController.php
Parsing /home/reza/woocommerce/plugins/woocommerce/src/Internal/OrderWithdrawal/OrderWithdrawalFormState.php because the cache is absent or outdated
Deep scanning /home/reza/woocommerce/plugins/woocommerce/src/Internal/OrderWithdrawal/OrderWithdrawalFormState.php
Parsing /home/reza/woocommerce/plugins/woocommerce/src/Internal/OrderWithdrawal/OrderWithdrawalFormView.php because the cache is absent or outdated
Deep scanning /home/reza/woocommerce/plugins/woocommerce/src/Internal/OrderWithdrawal/OrderWithdrawalFormView.php
Parsing /home/reza/woocommerce/plugins/woocommerce/src/Internal/OrderWithdrawal/OrderWithdrawalFeatureHighlightNotification.php because the cache is absent or outdated
Deep scanning /home/reza/woocommerce/plugins/woocommerce/src/Internal/OrderWithdrawal/OrderWithdrawalFeatureHighlightNotification.php
Parsing /home/reza/woocommerce/plugins/woocommerce/src/Internal/OrderWithdrawal/Emails/OrderWithdrawalEmailDataFormatter.php because the cache is absent or outdated
Deep scanning /home/reza/woocommerce/plugins/woocommerce/src/Internal/OrderWithdrawal/Emails/OrderWithdrawalEmailDataFormatter.php
Parsing /home/reza/woocommerce/plugins/woocommerce/src/Internal/OrderWithdrawal/Emails/OrderWithdrawalEmailPreview.php because the cache is absent or outdated
Deep scanning /home/reza/woocommerce/plugins/woocommerce/src/Internal/OrderWithdrawal/Emails/OrderWithdrawalEmailPreview.php
Parsing /home/reza/woocommerce/plugins/woocommerce/src/Internal/Traits/AccessiblePrivateMethods.php because the cache is absent or outdated
Deep scanning /home/reza/woocommerce/plugins/woocommerce/src/Internal/Traits/AccessiblePrivateMethods.php
Parsing /home/reza/woocommerce/plugins/woocommerce/src/Internal/Traits/RestApiCache.php because the cache is absent or outdated
Deep scanning /home/reza/woocommerce/plugins/woocommerce/src/Internal/Traits/RestApiCache.php
Parsing /home/reza/woocommerce/plugins/woocommerce/src/Internal/Traits/OrderAttributionMeta.php because the cache is absent or outdated
Deep scanning /home/reza/woocommerce/plugins/woocommerce/src/Internal/Traits/OrderAttributionMeta.php
Parsing /home/reza/woocommerce/plugins/woocommerce/src/Internal/Traits/ScriptDebug.php because the cache is absent or outdated
Deep scanning /home/reza/woocommerce/plugins/woocommerce/src/Internal/Traits/ScriptDebug.php
Parsing /home/reza/woocommerce/plugins/woocommerce/src/Internal/Api/Autogenerated/GraphQLController.php because the cache is absent or outdated
Deep scanning /home/reza/woocommerce/plugins/woocommerce/src/Internal/Api/Autogenerated/GraphQLController.php
Parsing /home/reza/woocommerce/plugins/woocommerce/src/Internal/ProductGallery/ProductMediaGallery.php because the cache is absent or outdated
Deep scanning /home/reza/woocommerce/plugins/woocommerce/src/Internal/ProductGallery/ProductMediaGallery.php
Parsing /home/reza/woocommerce/plugins/woocommerce/src/Internal/ReceiptRendering/Templates/order-receipt-css.php because the cache is absent or outdated
Deep scanning /home/reza/woocommerce/plugins/woocommerce/src/Internal/ReceiptRendering/Templates/order-receipt-css.php
Parsing /home/reza/woocommerce/plugins/woocommerce/src/Internal/ReceiptRendering/Templates/order-receipt.php because the cache is absent or outdated
Deep scanning /home/reza/woocommerce/plugins/woocommerce/src/Internal/ReceiptRendering/Templates/order-receipt.php
Parsing /home/reza/woocommerce/plugins/woocommerce/src/Internal/ReceiptRendering/ReceiptRenderingEngine.php because the cache is absent or outdated
Deep scanning /home/reza/woocommerce/plugins/woocommerce/src/Internal/ReceiptRendering/ReceiptRenderingEngine.php
Parsing /home/reza/woocommerce/plugins/woocommerce/src/Internal/ReceiptRendering/ReceiptRenderingRestController.php because the cache is absent or outdated
Deep scanning /home/reza/woocommerce/plugins/woocommerce/src/Internal/ReceiptRendering/ReceiptRenderingRestController.php
Parsing /home/reza/woocommerce/plugins/woocommerce/src/Internal/StockNotifications/Factory.php because the cache is absent or outdated
Deep scanning /home/reza/woocommerce/plugins/woocommerce/src/Internal/StockNotifications/Factory.php
Parsing /home/reza/woocommerce/plugins/woocommerce/src/Internal/StockNotifications/StockNotifications.php because the cache is absent or outdated
Deep scanning /home/reza/woocommerce/plugins/woocommerce/src/Internal/StockNotifications/StockNotifications.php
Parsing /home/reza/woocommerce/plugins/woocommerce/src/Internal/StockNotifications/Admin/NotificationEditPage.php because the cache is absent or outdated
Deep scanning /home/reza/woocommerce/plugins/woocommerce/src/Internal/StockNotifications/Admin/NotificationEditPage.php
Parsing /home/reza/woocommerce/plugins/woocommerce/src/Internal/StockNotifications/Admin/MenusController.php because the cache is absent or outdated
Deep scanning /home/reza/woocommerce/plugins/woocommerce/src/Internal/StockNotifications/Admin/MenusController.php
Parsing /home/reza/woocommerce/plugins/woocommerce/src/Internal/StockNotifications/Admin/NotificationCreatePage.php because the cache is absent or outdated
Deep scanning /home/reza/woocommerce/plugins/woocommerce/src/Internal/StockNotifications/Admin/NotificationCreatePage.php
Parsing /home/reza/woocommerce/plugins/woocommerce/src/Internal/StockNotifications/Admin/Templates/html-product-data-admin.php because the cache is absent or outdated
Deep scanning /home/reza/woocommerce/plugins/woocommerce/src/Internal/StockNotifications/Admin/Templates/html-product-data-admin.php
Parsing /home/reza/woocommerce/plugins/woocommerce/src/Internal/StockNotifications/Admin/Templates/html-admin-notification-create.php because the cache is absent or outdated
Deep scanning /home/reza/woocommerce/plugins/woocommerce/src/Internal/StockNotifications/Admin/Templates/html-admin-notification-create.php
Parsing /home/reza/woocommerce/plugins/woocommerce/src/Internal/StockNotifications/Admin/Templates/html-admin-notifications.php because the cache is absent or outdated
Deep scanning /home/reza/woocommerce/plugins/woocommerce/src/Internal/StockNotifications/Admin/Templates/html-admin-notifications.php
Parsing /home/reza/woocommerce/plugins/woocommerce/src/Internal/StockNotifications/Admin/Templates/html-admin-notification-edit.php because the cache is absent or outdated
Deep scanning /home/reza/woocommerce/plugins/woocommerce/src/Internal/StockNotifications/Admin/Templates/html-admin-notification-edit.php
Parsing /home/reza/woocommerce/plugins/woocommerce/src/Internal/StockNotifications/Admin/AdminManager.php because the cache is absent or outdated
Deep scanning /home/reza/woocommerce/plugins/woocommerce/src/Internal/StockNotifications/Admin/AdminManager.php
Parsing /home/reza/woocommerce/plugins/woocommerce/src/Internal/StockNotifications/Admin/SettingsController.php because the cache is absent or outdated
Deep scanning /home/reza/woocommerce/plugins/woocommerce/src/Internal/StockNotifications/Admin/SettingsController.php
Parsing /home/reza/woocommerce/plugins/woocommerce/src/Internal/StockNotifications/Admin/NotificationsPage.php because the cache is absent or outdated
Deep scanning /home/reza/woocommerce/plugins/woocommerce/src/Internal/StockNotifications/Admin/NotificationsPage.php
Parsing /home/reza/woocommerce/plugins/woocommerce/src/Internal/StockNotifications/Admin/ListTable.php because the cache is absent or outdated
Deep scanning /home/reza/woocommerce/plugins/woocommerce/src/Internal/StockNotifications/Admin/ListTable.php
Parsing /home/reza/woocommerce/plugins/woocommerce/src/Internal/StockNotifications/NotificationQuery.php because the cache is absent or outdated
Deep scanning /home/reza/woocommerce/plugins/woocommerce/src/Internal/StockNotifications/NotificationQuery.php
Parsing /home/reza/woocommerce/plugins/woocommerce/src/Internal/StockNotifications/Privacy/PrivacyEraser.php because the cache is absent or outdated
Deep scanning /home/reza/woocommerce/plugins/woocommerce/src/Internal/StockNotifications/Privacy/PrivacyEraser.php
Parsing /home/reza/woocommerce/plugins/woocommerce/src/Internal/StockNotifications/Telemetry.php because the cache is absent or outdated
Deep scanning /home/reza/woocommerce/plugins/woocommerce/src/Internal/StockNotifications/Telemetry.php
Parsing /home/reza/woocommerce/plugins/woocommerce/src/Internal/StockNotifications/Utilities/StockManagementHelper.php because the cache is absent or outdated
Deep scanning /home/reza/woocommerce/plugins/woocommerce/src/Internal/StockNotifications/Utilities/StockManagementHelper.php
Parsing /home/reza/woocommerce/plugins/woocommerce/src/Internal/StockNotifications/Utilities/UtmHelper.php because the cache is absent or outdated
Deep scanning /home/reza/woocommerce/plugins/woocommerce/src/Internal/StockNotifications/Utilities/UtmHelper.php
Parsing /home/reza/woocommerce/plugins/woocommerce/src/Internal/StockNotifications/Utilities/EmailNormalizer.php because the cache is absent or outdated
Deep scanning /home/reza/woocommerce/plugins/woocommerce/src/Internal/StockNotifications/Utilities/EmailNormalizer.php
Parsing /home/reza/woocommerce/plugins/woocommerce/src/Internal/StockNotifications/Utilities/EligibilityService.php because the cache is absent or outdated
Deep scanning /home/reza/woocommerce/plugins/woocommerce/src/Internal/StockNotifications/Utilities/EligibilityService.php
Parsing /home/reza/woocommerce/plugins/woocommerce/src/Internal/StockNotifications/Config.php because the cache is absent or outdated
Deep scanning /home/reza/woocommerce/plugins/woocommerce/src/Internal/StockNotifications/Config.php
Parsing /home/reza/woocommerce/plugins/woocommerce/src/Internal/StockNotifications/DataRetentionController.php because the cache is absent or outdated
Deep scanning /home/reza/woocommerce/plugins/woocommerce/src/Internal/StockNotifications/DataRetentionController.php
Parsing /home/reza/woocommerce/plugins/woocommerce/src/Internal/StockNotifications/Notification.php because the cache is absent or outdated
Deep scanning /home/reza/woocommerce/plugins/woocommerce/src/Internal/StockNotifications/Notification.php
Parsing /home/reza/woocommerce/plugins/woocommerce/src/Internal/StockNotifications/Enums/NotificationCancellationSource.php because the cache is absent or outdated
Deep scanning /home/reza/woocommerce/plugins/woocommerce/src/Internal/StockNotifications/Enums/NotificationCancellationSource.php
Parsing /home/reza/woocommerce/plugins/woocommerce/src/Internal/StockNotifications/Enums/NotificationStatus.php because the cache is absent or outdated
Deep scanning /home/reza/woocommerce/plugins/woocommerce/src/Internal/StockNotifications/Enums/NotificationStatus.php
Parsing /home/reza/woocommerce/plugins/woocommerce/src/Internal/StockNotifications/Emails/EmailManager.php because the cache is absent or outdated
Deep scanning /home/reza/woocommerce/plugins/woocommerce/src/Internal/StockNotifications/Emails/EmailManager.php
Parsing /home/reza/woocommerce/plugins/woocommerce/src/Internal/StockNotifications/Emails/CustomerStockNotificationVerifyEmail.php because the cache is absent or outdated
Deep scanning /home/reza/woocommerce/plugins/woocommerce/src/Internal/StockNotifications/Emails/CustomerStockNotificationVerifyEmail.php
Parsing /home/reza/woocommerce/plugins/woocommerce/src/Internal/StockNotifications/Emails/EmailActionController.php because the cache is absent or outdated
Deep scanning /home/reza/woocommerce/plugins/woocommerce/src/Internal/StockNotifications/Emails/EmailActionController.php
Parsing /home/reza/woocommerce/plugins/woocommerce/src/Internal/StockNotifications/Emails/CustomerStockNotificationEmail.php because the cache is absent or outdated
Deep scanning /home/reza/woocommerce/plugins/woocommerce/src/Internal/StockNotifications/Emails/CustomerStockNotificationEmail.php
Parsing /home/reza/woocommerce/plugins/woocommerce/src/Internal/StockNotifications/Emails/EmailTemplatesController.php because the cache is absent or outdated
Deep scanning /home/reza/woocommerce/plugins/woocommerce/src/Internal/StockNotifications/Emails/EmailTemplatesController.php
Parsing /home/reza/woocommerce/plugins/woocommerce/src/Internal/StockNotifications/Emails/CustomerStockNotificationVerifiedEmail.php because the cache is absent or outdated
Deep scanning /home/reza/woocommerce/plugins/woocommerce/src/Internal/StockNotifications/Emails/CustomerStockNotificationVerifiedEmail.php
Parsing /home/reza/woocommerce/plugins/woocommerce/src/Internal/StockNotifications/AsyncTasks/CycleStateService.php because the cache is absent or outdated
Deep scanning /home/reza/woocommerce/plugins/woocommerce/src/Internal/StockNotifications/AsyncTasks/CycleStateService.php
Parsing /home/reza/woocommerce/plugins/woocommerce/src/Internal/StockNotifications/AsyncTasks/NotificationsProcessor.php because the cache is absent or outdated
Deep scanning /home/reza/woocommerce/plugins/woocommerce/src/Internal/StockNotifications/AsyncTasks/NotificationsProcessor.php
Parsing /home/reza/woocommerce/plugins/woocommerce/src/Internal/StockNotifications/AsyncTasks/JobManager.php because the cache is absent or outdated
Deep scanning /home/reza/woocommerce/plugins/woocommerce/src/Internal/StockNotifications/AsyncTasks/JobManager.php
Parsing /home/reza/woocommerce/plugins/woocommerce/src/Internal/StockNotifications/Frontend/ProductPageIntegration.php because the cache is absent or outdated
Deep scanning /home/reza/woocommerce/plugins/woocommerce/src/Internal/StockNotifications/Frontend/ProductPageIntegration.php
Parsing /home/reza/woocommerce/plugins/woocommerce/src/Internal/StockNotifications/Frontend/SignupRateLimiter.php because the cache is absent or outdated
Deep scanning /home/reza/woocommerce/plugins/woocommerce/src/Internal/StockNotifications/Frontend/SignupRateLimiter.php
Parsing /home/reza/woocommerce/plugins/woocommerce/src/Internal/StockNotifications/Frontend/SignupResult.php because the cache is absent or outdated
Deep scanning /home/reza/woocommerce/plugins/woocommerce/src/Internal/StockNotifications/Frontend/SignupResult.php
Parsing /home/reza/woocommerce/plugins/woocommerce/src/Internal/StockNotifications/Frontend/SignupService.php because the cache is absent or outdated
Deep scanning /home/reza/woocommerce/plugins/woocommerce/src/Internal/StockNotifications/Frontend/SignupService.php
Parsing /home/reza/woocommerce/plugins/woocommerce/src/Internal/StockNotifications/Frontend/FormHandlerService.php because the cache is absent or outdated
Deep scanning /home/reza/woocommerce/plugins/woocommerce/src/Internal/StockNotifications/Frontend/FormHandlerService.php
Parsing /home/reza/woocommerce/plugins/woocommerce/src/Internal/StockNotifications/Frontend/MyAccountEndpoint.php because the cache is absent or outdated
Deep scanning /home/reza/woocommerce/plugins/woocommerce/src/Internal/StockNotifications/Frontend/MyAccountEndpoint.php
Parsing /home/reza/woocommerce/plugins/woocommerce/src/Internal/StockNotifications/Frontend/MyAccountView.php because the cache is absent or outdated
Deep scanning /home/reza/woocommerce/plugins/woocommerce/src/Internal/StockNotifications/Frontend/MyAccountView.php
Parsing /home/reza/woocommerce/plugins/woocommerce/src/Internal/StockNotifications/Frontend/NotificationManagementService.php because the cache is absent or outdated
Deep scanning /home/reza/woocommerce/plugins/woocommerce/src/Internal/StockNotifications/Frontend/NotificationManagementService.php
Parsing /home/reza/woocommerce/plugins/woocommerce/src/Internal/StockNotifications/StockSyncController.php because the cache is absent or outdated
Deep scanning /home/reza/woocommerce/plugins/woocommerce/src/Internal/StockNotifications/StockSyncController.php
Parsing /home/reza/woocommerce/plugins/woocommerce/src/Internal/POS/Capabilities.php because the cache is absent or outdated
Deep scanning /home/reza/woocommerce/plugins/woocommerce/src/Internal/POS/Capabilities.php
Parsing /home/reza/woocommerce/plugins/woocommerce/src/Internal/POS/POSController.php because the cache is absent or outdated
Deep scanning /home/reza/woocommerce/plugins/woocommerce/src/Internal/POS/POSController.php
Parsing /home/reza/woocommerce/plugins/woocommerce/src/Internal/POS/POSPreset.php because the cache is absent or outdated
Deep scanning /home/reza/woocommerce/plugins/woocommerce/src/Internal/POS/POSPreset.php
Parsing /home/reza/woocommerce/plugins/woocommerce/src/Internal/DownloadPermissionsAdjuster.php because the cache is absent or outdated
Deep scanning /home/reza/woocommerce/plugins/woocommerce/src/Internal/DownloadPermissionsAdjuster.php
Parsing /home/reza/woocommerce/plugins/woocommerce/src/Internal/Admin/Analytics.php because the cache is absent or outdated
Deep scanning /home/reza/woocommerce/plugins/woocommerce/src/Internal/Admin/Analytics.php
Parsing /home/reza/woocommerce/plugins/woocommerce/src/Internal/Admin/EmailPreview/EmailPreview.php because the cache is absent or outdated
Deep scanning /home/reza/woocommerce/plugins/woocommerce/src/Internal/Admin/EmailPreview/EmailPreview.php
Parsing /home/reza/woocommerce/plugins/woocommerce/src/Internal/Admin/EmailPreview/PreviewOrder.php because the cache is absent or outdated
Deep scanning /home/reza/woocommerce/plugins/woocommerce/src/Internal/Admin/EmailPreview/PreviewOrder.php
Parsing /home/reza/woocommerce/plugins/woocommerce/src/Internal/Admin/EmailPreview/EmailPreviewRestController.php because the cache is absent or outdated
Deep scanning /home/reza/woocommerce/plugins/woocommerce/src/Internal/Admin/EmailPreview/EmailPreviewRestController.php
Parsing /home/reza/woocommerce/plugins/woocommerce/src/Internal/Admin/RemoteFreeExtensions/EvaluateExtension.php because the cache is absent or outdated
Deep scanning /home/reza/woocommerce/plugins/woocommerce/src/Internal/Admin/RemoteFreeExtensions/EvaluateExtension.php
Parsing /home/reza/woocommerce/plugins/woocommerce/src/Internal/Admin/RemoteFreeExtensions/Init.php because the cache is absent or outdated
Deep scanning /home/reza/woocommerce/plugins/woocommerce/src/Internal/Admin/RemoteFreeExtensions/Init.php
Parsing /home/reza/woocommerce/plugins/woocommerce/src/Internal/Admin/RemoteFreeExtensions/DefaultFreeExtensions.php because the cache is absent or outdated
Deep scanning /home/reza/woocommerce/plugins/woocommerce/src/Internal/Admin/RemoteFreeExtensions/DefaultFreeExtensions.php
Parsing /home/reza/woocommerce/plugins/woocommerce/src/Internal/Admin/RemoteFreeExtensions/RemoteFreeExtensionsDataSourcePoller.php because the cache is absent or outdated
Deep scanning /home/reza/woocommerce/plugins/woocommerce/src/Internal/Admin/RemoteFreeExtensions/RemoteFreeExtensionsDataSourcePoller.php
Parsing /home/reza/woocommerce/plugins/woocommerce/src/Internal/Admin/RemoteFreeExtensions/ProcessCoreProfilerPluginInstallOptions.php because the cache is absent or outdated
Deep scanning /home/reza/woocommerce/plugins/woocommerce/src/Internal/Admin/RemoteFreeExtensions/ProcessCoreProfilerPluginInstallOptions.php
Parsing /home/reza/woocommerce/plugins/woocommerce/src/Internal/Admin/Homescreen.php because the cache is absent or outdated
Deep scanning /home/reza/woocommerce/plugins/woocommerce/src/Internal/Admin/Homescreen.php
Parsing /home/reza/woocommerce/plugins/woocommerce/src/Internal/Admin/EmailImprovements/EmailImprovements.php because the cache is absent or outdated
Deep scanning /home/reza/woocommerce/plugins/woocommerce/src/Internal/Admin/EmailImprovements/EmailImprovements.php
Parsing /home/reza/woocommerce/plugins/woocommerce/src/Internal/Admin/OrderTaxLookupMigrator.php because the cache is absent or outdated
Deep scanning /home/reza/woocommerce/plugins/woocommerce/src/Internal/Admin/OrderTaxLookupMigrator.php
Parsing /home/reza/woocommerce/plugins/woocommerce/src/Internal/Admin/RemoteInboxNotifications.php because the cache is absent or outdated
Deep scanning /home/reza/woocommerce/plugins/woocommerce/src/Internal/Admin/RemoteInboxNotifications.php
Parsing /home/reza/woocommerce/plugins/woocommerce/src/Internal/Admin/Survey.php because the cache is absent or outdated
Deep scanning /home/reza/woocommerce/plugins/woocommerce/src/Internal/Admin/Survey.php
Parsing /home/reza/woocommerce/plugins/woocommerce/src/Internal/Admin/SiteHealth.php because the cache is absent or outdated
Deep scanning /home/reza/woocommerce/plugins/woocommerce/src/Internal/Admin/SiteHealth.php
Parsing /home/reza/woocommerce/plugins/woocommerce/src/Internal/Admin/SystemStatusReport.php because the cache is absent or outdated
Deep scanning /home/reza/woocommerce/plugins/woocommerce/src/Internal/Admin/SystemStatusReport.php
Parsing /home/reza/woocommerce/plugins/woocommerce/src/Internal/Admin/CategoryLookup.php because the cache is absent or outdated
Deep scanning /home/reza/woocommerce/plugins/woocommerce/src/Internal/Admin/CategoryLookup.php
Parsing /home/reza/woocommerce/plugins/woocommerce/src/Internal/Admin/Notes/WooSubscriptionsNotes.php because the cache is absent or outdated
Deep scanning /home/reza/woocommerce/plugins/woocommerce/src/Internal/Admin/Notes/WooSubscriptionsNotes.php
Parsing /home/reza/woocommerce/plugins/woocommerce/src/Internal/Admin/Notes/ManageOrdersOnTheGo.php because the cache is absent or outdated
Deep scanning /home/reza/woocommerce/plugins/woocommerce/src/Internal/Admin/Notes/ManageOrdersOnTheGo.php
Parsing /home/reza/woocommerce/plugins/woocommerce/src/Internal/Admin/Notes/WooCommercePayments.php because the cache is absent or outdated
Deep scanning /home/reza/woocommerce/plugins/woocommerce/src/Internal/Admin/Notes/WooCommercePayments.php
Parsing /home/reza/woocommerce/plugins/woocommerce/src/Internal/Admin/Notes/PaymentsRemindMeLater.php because the cache is absent or outdated
Deep scanning /home/reza/woocommerce/plugins/woocommerce/src/Internal/Admin/Notes/PaymentsRemindMeLater.php
Parsing /home/reza/woocommerce/plugins/woocommerce/src/Internal/Admin/Notes/GivingFeedbackNotes.php because the cache is absent or outdated
Deep scanning /home/reza/woocommerce/plugins/woocommerce/src/Internal/Admin/Notes/GivingFeedbackNotes.php
Parsing /home/reza/woocommerce/plugins/woocommerce/src/Internal/Admin/Notes/WooCommerceSubscriptions.php because the cache is absent or outdated
Deep scanning /home/reza/woocommerce/plugins/woocommerce/src/Internal/Admin/Notes/WooCommerceSubscriptions.php
Parsing /home/reza/woocommerce/plugins/woocommerce/src/Internal/Admin/Notes/CustomizingProductCatalog.php because the cache is absent or outdated
Deep scanning /home/reza/woocommerce/plugins/woocommerce/src/Internal/Admin/Notes/CustomizingProductCatalog.php
Parsing /home/reza/woocommerce/plugins/woocommerce/src/Internal/Admin/Notes/EditProductsOnTheMove.php because the cache is absent or outdated
Deep scanning /home/reza/woocommerce/plugins/woocommerce/src/Internal/Admin/Notes/EditProductsOnTheMove.php
Parsing /home/reza/woocommerce/plugins/woocommerce/src/Internal/Admin/Notes/InstallJPAndWCSPlugins.php because the cache is absent or outdated
Deep scanning /home/reza/woocommerce/plugins/woocommerce/src/Internal/Admin/Notes/InstallJPAndWCSPlugins.php
Parsing /home/reza/woocommerce/plugins/woocommerce/src/Internal/Admin/Notes/UnsecuredReportFiles.php because the cache is absent or outdated
Deep scanning /home/reza/woocommerce/plugins/woocommerce/src/Internal/Admin/Notes/UnsecuredReportFiles.php
